{
"type": "FeatureCollection",
"name": "irati-cnes-geo (2)",
"crs": { "type": "name", "properties": { "name": "urn:ogc:def:crs:OGC:1.3:CRS84" } },
"features": [
{ "type": "Feature", "properties": { "CNES": "0116106", "CODUFMUN": "411070", "COD_CEP": "84505385", "CPF_CNPJ": "00000000000000", "PF_PJ": "3", "NIV_DEP": "3", "CNPJ_MAN": "75654574000182", "COD_IR": null, "REGSAUDE": "004", "MICR_REG": null, "DISTRSAN": null, "DISTRADM": null, "VINC_SUS": "1", "TPGESTAO": "M", "ESFERA_A": "M", "RETENCAO": null, "ATIVIDAD": "04", "NATUREZA": null, "CLIENTEL": "01", "TP_UNID": "42", "TURNO_AT": "06", "NIV_HIER": null, "TP_PREST": "99", "CO_BANCO": null, "CO_AGENC": null, "C_CORREN": null, "CONTRATM": null, "DT_PUBLM": null, "CONTRATE": null, "DT_PUBLE": null, "ALVARA": null, "DT_EXPED": null, "ORGEXPED": null, "AV_ACRED": null, "CLASAVAL": null, "DT_ACRED": null, "AV_PNASS": null, "DT_PNASS": null, "GESPRG1E": "0", "GESPRG1M": "0", "GESPRG2E": "0", "GESPRG2M": "1", "GESPRG4E": "0", "GESPRG4M": "0", "NIVATE_A": "1", "GESPRG3E": "0", "GESPRG3M": "0", "GESPRG5E": "0", "GESPRG5M": "0", "GESPRG6E": "0", "GESPRG6M": "0", "NIVATE_H": "0", "QTLEITP1": 0, "QTLEITP2": 0, "QTLEITP3": 0, "LEITHOSP": "0", "QTINST01": 0, "QTINST02": 0, "QTINST03": 0, "QTINST04": 0, "QTINST05": 0, "QTINST06": 0, "QTINST07": 0, "QTINST08": 0, "QTINST09": 0, "QTINST10": 0, "QTINST11": 0, "QTINST12": 0, "QTINST13": 0, "QTINST14": 0, "URGEMERG": "0", "QTINST15": 0, "QTINST16": 0, "QTINST17": 0, "QTINST18": 0, "QTINST19": 0, "QTINST20": 0, "QTINST21": 0, "QTINST22": 0, "QTINST23": 0, "QTINST24": 0, "QTINST25": 0, "QTINST26": 0, "QTINST27": 0, "QTINST28": 0, "QTINST29": 0, "QTINST30": 0, "ATENDAMB": "0", "QTINST31": 0, "QTINST32": 0, "QTINST33": 0, "CENTRCIR": "0", "QTINST34": 0, "QTINST35": 0, "QTINST36": 0, "QTINST37": 0, "CENTROBS": "0", "QTLEIT05": 0, "QTLEIT06": 0, "QTLEIT07": 0, "QTLEIT08": 0, "QTLEIT09": 0, "QTLEIT19": 0, "QTLEIT20": 0, "QTLEIT21": 0, "QTLEIT22": 0, "QTLEIT23": 0, "QTLEIT32": 0, "QTLEIT34": 0, "QTLEIT38": 0, "QTLEIT39": 0, "QTLEIT40": 0, "CENTRNEO": "0", "ATENDHOS": "0", "SERAP01P": "0", "SERAP01T": "0", "SERAP02P": "0", "SERAP02T": "0", "SERAP03P": "0", "SERAP03T": "0", "SERAP04P": "0", "SERAP04T": "0", "SERAP05P": "0", "SERAP05T": "0", "SERAP06P": "0", "SERAP06T": "0", "SERAP07P": "0", "SERAP07T": "0", "SERAP08P": "0", "SERAP08T": "0", "SERAP09P": "0", "SERAP09T": "0", "SERAP10P": "1", "SERAP10T": "0", "SERAP11P": "0", "SERAP11T": "0", "SERAPOIO": "1", "RES_BIOL": "0", "RES_QUIM": "0", "RES_RADI": "0", "RES_COMU": "1", "COLETRES": "1", "COMISS01": "0", "COMISS02": "0", "COMISS03": "0", "COMISS04": "0", "COMISS05": "0", "COMISS06": "0", "COMISS07": "0", "COMISS08": "0", "COMISS09": "0", "COMISS10": "0", "COMISS11": "0", "COMISS12": "0", "COMISSAO": "0", "AP01CV01": "0", "AP01CV02": "0", "AP01CV03": "0", "AP01CV04": "0", "AP01CV05": "0", "AP01CV06": "0", "AP01CV07": "0", "AP02CV01": "0", "AP02CV02": "0", "AP02CV03": "0", "AP02CV04": "0", "AP02CV05": "0", "AP02CV06": "0", "AP02CV07": "0", "AP03CV01": "0", "AP03CV02": "0", "AP03CV03": "0", "AP03CV04": "0", "AP03CV05": "0", "AP03CV06": "0", "AP03CV07": "0", "AP04CV01": "1", "AP04CV02": "0", "AP04CV03": "0", "AP04CV04": "0", "AP04CV05": "0", "AP04CV06": "0", "AP04CV07": "0", "AP05CV01": "0", "AP05CV02": "0", "AP05CV03": "0", "AP05CV04": "0", "AP05CV05": "0", "AP05CV06": "0", "AP05CV07": "0", "AP06CV01": "0", "AP06CV02": "0", "AP06CV03": "0", "AP06CV04": "0", "AP06CV05": "0", "AP06CV06": "0", "AP06CV07": "0", "AP07CV01": "0", "AP07CV02": "0", "AP07CV03": "0", "AP07CV04": "0", "AP07CV05": "0", "AP07CV06": "0", "AP07CV07": "0", "ATEND_PR": "1", "DT_ATUAL": "202508", "COMPETEN": "202601", "NAT_JUR": "1244", "nome": "UNIDADE DE SUPORTE AVANCADO", "lat": null, "long": null, "categoria": "saude", "subtipo": "" }, "geometry": { "type": "Point", "coordinates": [ 0.0, 0.0 ] } },
{ "type": "Feature", "properties": { "CNES": "0221821", "CODUFMUN": "411070", "COD_CEP": "84505385", "CPF_CNPJ": "00000000000000", "PF_PJ": "3", "NIV_DEP": "3", "CNPJ_MAN": "75654574000182", "COD_IR": null, "REGSAUDE": "004", "MICR_REG": null, "DISTRSAN": null, "DISTRADM": null, "VINC_SUS": "1", "TPGESTAO": "M", "ESFERA_A": "M", "RETENCAO": null, "ATIVIDAD": "04", "NATUREZA": null, "CLIENTEL": "01", "TP_UNID": "73", "TURNO_AT": "06", "NIV_HIER": null, "TP_PREST": "99", "CO_BANCO": null, "CO_AGENC": null, "C_CORREN": null, "CONTRATM": null, "DT_PUBLM": null, "CONTRATE": null, "DT_PUBLE": null, "ALVARA": null, "DT_EXPED": null, "ORGEXPED": null, "AV_ACRED": null, "CLASAVAL": null, "DT_ACRED": null, "AV_PNASS": null, "DT_PNASS": null, "GESPRG1E": "0", "GESPRG1M": "0", "GESPRG2E": "0", "GESPRG2M": "1", "GESPRG4E": "0", "GESPRG4M": "0", "NIVATE_A": "1", "GESPRG3E": "0", "GESPRG3M": "0", "GESPRG5E": "0", "GESPRG5M": "0", "GESPRG6E": "0", "GESPRG6M": "0", "NIVATE_H": "0", "QTLEITP1": 0, "QTLEITP2": 0, "QTLEITP3": 0, "LEITHOSP": "0", "QTINST01": 0, "QTINST02": 0, "QTINST03": 0, "QTINST04": 0, "QTINST05": 0, "QTINST06": 1, "QTINST07": 1, "QTINST08": 0, "QTINST09": 0, "QTINST10": 1, "QTINST11": 1, "QTINST12": 1, "QTINST13": 1, "QTINST14": 2, "URGEMERG": "1", "QTINST15": 0, "QTINST16": 0, "QTINST17": 0, "QTINST18": 0, "QTINST19": 0, "QTINST20": 0, "QTINST21": 0, "QTINST22": 0, "QTINST23": 0, "QTINST24": 0, "QTINST25": 0, "QTINST26": 0, "QTINST27": 0, "QTINST28": 0, "QTINST29": 0, "QTINST30": 0, "ATENDAMB": "0", "QTINST31": 0, "QTINST32": 0, "QTINST33": 0, "CENTRCIR": "0", "QTINST34": 0, "QTINST35": 0, "QTINST36": 0, "QTINST37": 0, "CENTROBS": "0", "QTLEIT05": 0, "QTLEIT06": 8, "QTLEIT07": 7, "QTLEIT08": 0, "QTLEIT09": 0, "QTLEIT19": 0, "QTLEIT20": 0, "QTLEIT21": 0, "QTLEIT22": 0, "QTLEIT23": 0, "QTLEIT32": 0, "QTLEIT34": 0, "QTLEIT38": 0, "QTLEIT39": 0, "QTLEIT40": 0, "CENTRNEO": "0", "ATENDHOS": "0", "SERAP01P": "1", "SERAP01T": "0", "SERAP02P": "0", "SERAP02T": "0", "SERAP03P": "0", "SERAP03T": "0", "SERAP04P": "0", "SERAP04T": "0", "SERAP05P": "0", "SERAP05T": "0", "SERAP06P": "0", "SERAP06T": "0", "SERAP07P": "0", "SERAP07T": "0", "SERAP08P": "0", "SERAP08T": "0", "SERAP09P": "0", "SERAP09T": "0", "SERAP10P": "1", "SERAP10T": "0", "SERAP11P": "1", "SERAP11T": "0", "SERAPOIO": "1", "RES_BIOL": "1", "RES_QUIM": "0", "RES_RADI": "0", "RES_COMU": "1", "COLETRES": "1", "COMISS01": "0", "COMISS02": "0", "COMISS03": "0", "COMISS04": "0", "COMISS05": "0", "COMISS06": "0", "COMISS07": "0", "COMISS08": "0", "COMISS09": "0", "COMISS10": "0", "COMISS11": "0", "COMISS12": "0", "COMISSAO": "0", "AP01CV01": "0", "AP01CV02": "0", "AP01CV03": "0", "AP01CV04": "0", "AP01CV05": "0", "AP01CV06": "0", "AP01CV07": "0", "AP02CV01": "1", "AP02CV02": "0", "AP02CV03": "0", "AP02CV04": "0", "AP02CV05": "0", "AP02CV06": "0", "AP02CV07": "0", "AP03CV01": "0", "AP03CV02": "0", "AP03CV03": "0", "AP03CV04": "0", "AP03CV05": "0", "AP03CV06": "0", "AP03CV07": "0", "AP04CV01": "0", "AP04CV02": "0", "AP04CV03": "0", "AP04CV04": "0", "AP04CV05": "0", "AP04CV06": "0", "AP04CV07": "0", "AP05CV01": "0", "AP05CV02": "0", "AP05CV03": "0", "AP05CV04": "0", "AP05CV05": "0", "AP05CV06": "0", "AP05CV07": "0", "AP06CV01": "0", "AP06CV02": "0", "AP06CV03": "0", "AP06CV04": "0", "AP06CV05": "0", "AP06CV06": "0", "AP06CV07": "0", "AP07CV01": "0", "AP07CV02": "0", "AP07CV03": "0", "AP07CV04": "0", "AP07CV05": "0", "AP07CV06": "0", "AP07CV07": "0", "ATEND_PR": "1", "DT_ATUAL": "202502", "COMPETEN": "202601", "NAT_JUR": "1244", "nome": "PRONTO ATENDIMENTO MUNICIPAL DE IRATI", "lat": null, "long": null, "categoria": "saude", "subtipo": "" }, "geometry": { "type": "Point", "coordinates": [ 0.0, 0.0 ] } },
{ "type": "Feature", "properties": { "CNES": "0928100", "CODUFMUN": "411070", "COD_CEP": "84505385", "CPF_CNPJ": "00000000000000", "PF_PJ": "3", "NIV_DEP": "3", "CNPJ_MAN": "75654574000182", "COD_IR": null, "REGSAUDE": "004", "MICR_REG": null, "DISTRSAN": null, "DISTRADM": null, "VINC_SUS": "1", "TPGESTAO": "M", "ESFERA_A": "M", "RETENCAO": null, "ATIVIDAD": "04", "NATUREZA": null, "CLIENTEL": "01", "TP_UNID": "42", "TURNO_AT": "06", "NIV_HIER": null, "TP_PREST": "99", "CO_BANCO": null, "CO_AGENC": null, "C_CORREN": null, "CONTRATM": null, "DT_PUBLM": null, "CONTRATE": null, "DT_PUBLE": null, "ALVARA": null, "DT_EXPED": null, "ORGEXPED": null, "AV_ACRED": null, "CLASAVAL": null, "DT_ACRED": null, "AV_PNASS": null, "DT_PNASS": null, "GESPRG1E": "0", "GESPRG1M": "0", "GESPRG2E": "0", "GESPRG2M": "1", "GESPRG4E": "0", "GESPRG4M": "0", "NIVATE_A": "1", "GESPRG3E": "0", "GESPRG3M": "0", "GESPRG5E": "0", "GESPRG5M": "0", "GESPRG6E": "0", "GESPRG6M": "0", "NIVATE_H": "0", "QTLEITP1": 0, "QTLEITP2": 0, "QTLEITP3": 0, "LEITHOSP": "0", "QTINST01": 0, "QTINST02": 0, "QTINST03": 0, "QTINST04": 0, "QTINST05": 0, "QTINST06": 0, "QTINST07": 0, "QTINST08": 0, "QTINST09": 0, "QTINST10": 0, "QTINST11": 0, "QTINST12": 0, "QTINST13": 0, "QTINST14": 0, "URGEMERG": "0", "QTINST15": 0, "QTINST16": 0, "QTINST17": 0, "QTINST18": 0, "QTINST19": 0, "QTINST20": 0, "QTINST21": 0, "QTINST22": 0, "QTINST23": 0, "QTINST24": 0, "QTINST25": 0, "QTINST26": 0, "QTINST27": 0, "QTINST28": 0, "QTINST29": 0, "QTINST30": 0, "ATENDAMB": "0", "QTINST31": 0, "QTINST32": 0, "QTINST33": 0, "CENTRCIR": "0", "QTINST34": 0, "QTINST35": 0, "QTINST36": 0, "QTINST37": 0, "CENTROBS": "0", "QTLEIT05": 0, "QTLEIT06": 0, "QTLEIT07": 0, "QTLEIT08": 0, "QTLEIT09": 0, "QTLEIT19": 0, "QTLEIT20": 0, "QTLEIT21": 0, "QTLEIT22": 0, "QTLEIT23": 0, "QTLEIT32": 0, "QTLEIT34": 0, "QTLEIT38": 0, "QTLEIT39": 0, "QTLEIT40": 0, "CENTRNEO": "0", "ATENDHOS": "0", "SERAP01P": "0", "SERAP01T": "0", "SERAP02P": "0", "SERAP02T": "0", "SERAP03P": "0", "SERAP03T": "0", "SERAP04P": "0", "SERAP04T": "0", "SERAP05P": "0", "SERAP05T": "0", "SERAP06P": "0", "SERAP06T": "0", "SERAP07P": "0", "SERAP07T": "0", "SERAP08P": "0", "SERAP08T": "0", "SERAP09P": "0", "SERAP09T": "0", "SERAP10P": "1", "SERAP10T": "0", "SERAP11P": "0", "SERAP11T": "0", "SERAPOIO": "1", "RES_BIOL": "1", "RES_QUIM": "0", "RES_RADI": "0", "RES_COMU": "1", "COLETRES": "1", "COMISS01": "0", "COMISS02": "0", "COMISS03": "0", "COMISS04": "0", "COMISS05": "0", "COMISS06": "0", "COMISS07": "0", "COMISS08": "0", "COMISS09": "0", "COMISS10": "0", "COMISS11": "0", "COMISS12": "0", "COMISSAO": "0", "AP01CV01": "0", "AP01CV02": "0", "AP01CV03": "0", "AP01CV04": "0", "AP01CV05": "0", "AP01CV06": "0", "AP01CV07": "0", "AP02CV01": "0", "AP02CV02": "0", "AP02CV03": "0", "AP02CV04": "0", "AP02CV05": "0", "AP02CV06": "0", "AP02CV07": "0", "AP03CV01": "0", "AP03CV02": "0", "AP03CV03": "0", "AP03CV04": "0", "AP03CV05": "0", "AP03CV06": "0", "AP03CV07": "0", "AP04CV01": "1", "AP04CV02": "0", "AP04CV03": "0", "AP04CV04": "0", "AP04CV05": "0", "AP04CV06": "0", "AP04CV07": "0", "AP05CV01": "0", "AP05CV02": "0", "AP05CV03": "0", "AP05CV04": "0", "AP05CV05": "0", "AP05CV06": "0", "AP05CV07": "0", "AP06CV01": "0", "AP06CV02": "0", "AP06CV03": "0", "AP06CV04": "0", "AP06CV05": "0", "AP06CV06": "0", "AP06CV07": "0", "AP07CV01": "0", "AP07CV02": "0", "AP07CV03": "0", "AP07CV04": "0", "AP07CV05": "0", "AP07CV06": "0", "AP07CV07": "0", "ATEND_PR": "1", "DT_ATUAL": "202505", "COMPETEN": "202601", "NAT_JUR": "1244", "nome": "UNIDADE DE SUPORTE BASICO", "lat": null, "long": null, "categoria": "saude", "subtipo": "" }, "geometry": { "type": "Point", "coordinates": [ 0.0, 0.0 ] } },
{ "type": "Feature", "properties": { "CNES": "2495929", "CODUFMUN": "411070", "COD_CEP": "84500054", "CPF_CNPJ": "00000000000000", "PF_PJ": "3", "NIV_DEP": "3", "CNPJ_MAN": "75654574000182", "COD_IR": null, "REGSAUDE": "04", "MICR_REG": null, "DISTRSAN": null, "DISTRADM": null, "VINC_SUS": "1", "TPGESTAO": "M", "ESFERA_A": "M", "RETENCAO": null, "ATIVIDAD": "04", "NATUREZA": null, "CLIENTEL": "01", "TP_UNID": "01", "TURNO_AT": "03", "NIV_HIER": null, "TP_PREST": "99", "CO_BANCO": null, "CO_AGENC": null, "C_CORREN": null, "CONTRATM": null, "DT_PUBLM": null, "CONTRATE": null, "DT_PUBLE": null, "ALVARA": "310", "DT_EXPED": "20010501", "ORGEXPED": "2", "AV_ACRED": null, "CLASAVAL": null, "DT_ACRED": null, "AV_PNASS": null, "DT_PNASS": null, "GESPRG1E": "0", "GESPRG1M": "1", "GESPRG2E": "0", "GESPRG2M": "0", "GESPRG4E": "0", "GESPRG4M": "0", "NIVATE_A": "1", "GESPRG3E": "0", "GESPRG3M": "0", "GESPRG5E": "0", "GESPRG5M": "0", "GESPRG6E": "0", "GESPRG6M": "0", "NIVATE_H": "0", "QTLEITP1": 0, "QTLEITP2": 0, "QTLEITP3": 0, "LEITHOSP": "0", "QTINST01": 0, "QTINST02": 0, "QTINST03": 0, "QTINST04": 0, "QTINST05": 0, "QTINST06": 0, "QTINST07": 0, "QTINST08": 0, "QTINST09": 0, "QTINST10": 0, "QTINST11": 0, "QTINST12": 0, "QTINST13": 0, "QTINST14": 0, "URGEMERG": "0", "QTINST15": 1, "QTINST16": 0, "QTINST17": 0, "QTINST18": 0, "QTINST19": 0, "QTINST20": 0, "QTINST21": 0, "QTINST22": 0, "QTINST23": 0, "QTINST24": 0, "QTINST25": 0, "QTINST26": 0, "QTINST27": 1, "QTINST28": 0, "QTINST29": 0, "QTINST30": 0, "ATENDAMB": "1", "QTINST31": 0, "QTINST32": 0, "QTINST33": 0, "CENTRCIR": "0", "QTINST34": 0, "QTINST35": 0, "QTINST36": 0, "QTINST37": 0, "CENTROBS": "0", "QTLEIT05": 0, "QTLEIT06": 0, "QTLEIT07": 0, "QTLEIT08": 0, "QTLEIT09": 0, "QTLEIT19": 0, "QTLEIT20": 0, "QTLEIT21": 0, "QTLEIT22": 0, "QTLEIT23": 0, "QTLEIT32": 0, "QTLEIT34": 0, "QTLEIT38": 0, "QTLEIT39": 0, "QTLEIT40": 0, "CENTRNEO": "0", "ATENDHOS": "0", "SERAP01P": "1", "SERAP01T": "0", "SERAP02P": "0", "SERAP02T": "0", "SERAP03P": "0", "SERAP03T": "0", "SERAP04P": "0", "SERAP04T": "0", "SERAP05P": "0", "SERAP05T": "0", "SERAP06P": "0", "SERAP06T": "0", "SERAP07P": "0", "SERAP07T": "0", "SERAP08P": "0", "SERAP08T": "0", "SERAP09P": "0", "SERAP09T": "0", "SERAP10P": "0", "SERAP10T": "0", "SERAP11P": "0", "SERAP11T": "0", "SERAPOIO": "1", "RES_BIOL": "0", "RES_QUIM": "0", "RES_RADI": "0", "RES_COMU": "0", "COLETRES": "0", "COMISS01": "0", "COMISS02": "0", "COMISS03": "0", "COMISS04": "0", "COMISS05": "0", "COMISS06": "0", "COMISS07": "0", "COMISS08": "0", "COMISS09": "0", "COMISS10": "0", "COMISS11": "0", "COMISS12": "0", "COMISSAO": "0", "AP01CV01": "0", "AP01CV02": "0", "AP01CV03": "0", "AP01CV04": "0", "AP01CV05": "0", "AP01CV06": "0", "AP01CV07": "0", "AP02CV01": "1", "AP02CV02": "0", "AP02CV03": "0", "AP02CV04": "0", "AP02CV05": "0", "AP02CV06": "0", "AP02CV07": "0", "AP03CV01": "0", "AP03CV02": "0", "AP03CV03": "0", "AP03CV04": "0", "AP03CV05": "0", "AP03CV06": "0", "AP03CV07": "0", "AP04CV01": "0", "AP04CV02": "0", "AP04CV03": "0", "AP04CV04": "0", "AP04CV05": "0", "AP04CV06": "0", "AP04CV07": "0", "AP05CV01": "0", "AP05CV02": "0", "AP05CV03": "0", "AP05CV04": "0", "AP05CV05": "0", "AP05CV06": "0", "AP05CV07": "0", "AP06CV01": "0", "AP06CV02": "0", "AP06CV03": "0", "AP06CV04": "0", "AP06CV05": "0", "AP06CV06": "0", "AP06CV07": "0", "AP07CV01": "0", "AP07CV02": "0", "AP07CV03": "0", "AP07CV04": "0", "AP07CV05": "0", "AP07CV06": "0", "AP07CV07": "0", "ATEND_PR": "1", "DT_ATUAL": "202504", "COMPETEN": "202601", "NAT_JUR": "1244", "nome": "POSTO DE SAUDE CARATUVA II", "lat": null, "long": null, "categoria": "saude", "subtipo": "" }, "geometry": { "type": "Point", "coordinates": [ 0.0, 0.0 ] } },
{ "type": "Feature", "properties": { "CNES": "2495937", "CODUFMUN": "411070", "COD_CEP": "84500054", "CPF_CNPJ": "00000000000000", "PF_PJ": "3", "NIV_DEP": "3", "CNPJ_MAN": "75654574000182", "COD_IR": null, "REGSAUDE": "04", "MICR_REG": null, "DISTRSAN": null, "DISTRADM": null, "VINC_SUS": "1", "TPGESTAO": "M", "ESFERA_A": "M", "RETENCAO": null, "ATIVIDAD": "04", "NATUREZA": null, "CLIENTEL": "01", "TP_UNID": "01", "TURNO_AT": "03", "NIV_HIER": null, "TP_PREST": "99", "CO_BANCO": null, "CO_AGENC": null, "C_CORREN": null, "CONTRATM": null, "DT_PUBLM": null, "CONTRATE": null, "DT_PUBLE": null, "ALVARA": "298", "DT_EXPED": "20010501", "ORGEXPED": "2", "AV_ACRED": null, "CLASAVAL": null, "DT_ACRED": null, "AV_PNASS": null, "DT_PNASS": null, "GESPRG1E": "0", "GESPRG1M": "1", "GESPRG2E": "0", "GESPRG2M": "0", "GESPRG4E": "0", "GESPRG4M": "0", "NIVATE_A": "1", "GESPRG3E": "0", "GESPRG3M": "0", "GESPRG5E": "0", "GESPRG5M": "0", "GESPRG6E": "0", "GESPRG6M": "0", "NIVATE_H": "0", "QTLEITP1": 0, "QTLEITP2": 0, "QTLEITP3": 0, "LEITHOSP": "0", "QTINST01": 0, "QTINST02": 0, "QTINST03": 0, "QTINST04": 0, "QTINST05": 0, "QTINST06": 0, "QTINST07": 0, "QTINST08": 0, "QTINST09": 0, "QTINST10": 0, "QTINST11": 0, "QTINST12": 0, "QTINST13": 0, "QTINST14": 0, "URGEMERG": "0", "QTINST15": 1, "QTINST16": 0, "QTINST17": 0, "QTINST18": 0, "QTINST19": 0, "QTINST20": 0, "QTINST21": 0, "QTINST22": 0, "QTINST23": 0, "QTINST24": 0, "QTINST25": 0, "QTINST26": 0, "QTINST27": 0, "QTINST28": 0, "QTINST29": 1, "QTINST30": 0, "ATENDAMB": "1", "QTINST31": 0, "QTINST32": 0, "QTINST33": 0, "CENTRCIR": "0", "QTINST34": 0, "QTINST35": 0, "QTINST36": 0, "QTINST37": 0, "CENTROBS": "0", "QTLEIT05": 0, "QTLEIT06": 0, "QTLEIT07": 0, "QTLEIT08": 0, "QTLEIT09": 0, "QTLEIT19": 0, "QTLEIT20": 0, "QTLEIT21": 0, "QTLEIT22": 0, "QTLEIT23": 0, "QTLEIT32": 0, "QTLEIT34": 0, "QTLEIT38": 0, "QTLEIT39": 0, "QTLEIT40": 0, "CENTRNEO": "0", "ATENDHOS": "0", "SERAP01P": "1", "SERAP01T": "0", "SERAP02P": "0", "SERAP02T": "0", "SERAP03P": "0", "SERAP03T": "0", "SERAP04P": "0", "SERAP04T": "0", "SERAP05P": "0", "SERAP05T": "0", "SERAP06P": "0", "SERAP06T": "0", "SERAP07P": "0", "SERAP07T": "0", "SERAP08P": "0", "SERAP08T": "0", "SERAP09P": "0", "SERAP09T": "0", "SERAP10P": "0", "SERAP10T": "0", "SERAP11P": "0", "SERAP11T": "0", "SERAPOIO": "1", "RES_BIOL": "0", "RES_QUIM": "0", "RES_RADI": "0", "RES_COMU": "0", "COLETRES": "0", "COMISS01": "0", "COMISS02": "0", "COMISS03": "0", "COMISS04": "0", "COMISS05": "0", "COMISS06": "0", "COMISS07": "0", "COMISS08": "0", "COMISS09": "0", "COMISS10": "0", "COMISS11": "0", "COMISS12": "0", "COMISSAO": "0", "AP01CV01": "0", "AP01CV02": "0", "AP01CV03": "0", "AP01CV04": "0", "AP01CV05": "0", "AP01CV06": "0", "AP01CV07": "0", "AP02CV01": "1", "AP02CV02": "0", "AP02CV03": "0", "AP02CV04": "0", "AP02CV05": "0", "AP02CV06": "0", "AP02CV07": "0", "AP03CV01": "0", "AP03CV02": "0", "AP03CV03": "0", "AP03CV04": "0", "AP03CV05": "0", "AP03CV06": "0", "AP03CV07": "0", "AP04CV01": "0", "AP04CV02": "0", "AP04CV03": "0", "AP04CV04": "0", "AP04CV05": "0", "AP04CV06": "0", "AP04CV07": "0", "AP05CV01": "0", "AP05CV02": "0", "AP05CV03": "0", "AP05CV04": "0", "AP05CV05": "0", "AP05CV06": "0", "AP05CV07": "0", "AP06CV01": "0", "AP06CV02": "0", "AP06CV03": "0", "AP06CV04": "0", "AP06CV05": "0", "AP06CV06": "0", "AP06CV07": "0", "AP07CV01": "0", "AP07CV02": "0", "AP07CV03": "0", "AP07CV04": "0", "AP07CV05": "0", "AP07CV06": "0", "AP07CV07": "0", "ATEND_PR": "1", "DT_ATUAL": "202008", "COMPETEN": "202601", "NAT_JUR": "1244", "nome": "POSTO DE SAUDE RIO PRETO I", "lat": null, "long": null, "categoria": "saude", "subtipo": "" }, "geometry": { "type": "Point", "coordinates": [ 0.0, 0.0 ] } },
{ "type": "Feature", "properties": { "CNES": "2495945", "CODUFMUN": "411070", "COD_CEP": "84500054", "CPF_CNPJ": "00000000000000", "PF_PJ": "3", "NIV_DEP": "3", "CNPJ_MAN": "75654574000182", "COD_IR": null, "REGSAUDE": "04", "MICR_REG": null, "DISTRSAN": null, "DISTRADM": null, "VINC_SUS": "1", "TPGESTAO": "M", "ESFERA_A": "M", "RETENCAO": null, "ATIVIDAD": "04", "NATUREZA": null, "CLIENTEL": "01", "TP_UNID": "01", "TURNO_AT": "03", "NIV_HIER": null, "TP_PREST": "99", "CO_BANCO": null, "CO_AGENC": null, "C_CORREN": null, "CONTRATM": null, "DT_PUBLM": null, "CONTRATE": null, "DT_PUBLE": null, "ALVARA": "313", "DT_EXPED": "20010501", "ORGEXPED": "2", "AV_ACRED": null, "CLASAVAL": null, "DT_ACRED": null, "AV_PNASS": null, "DT_PNASS": null, "GESPRG1E": "0", "GESPRG1M": "1", "GESPRG2E": "0", "GESPRG2M": "0", "GESPRG4E": "0", "GESPRG4M": "0", "NIVATE_A": "1", "GESPRG3E": "0", "GESPRG3M": "0", "GESPRG5E": "0", "GESPRG5M": "0", "GESPRG6E": "0", "GESPRG6M": "0", "NIVATE_H": "0", "QTLEITP1": 0, "QTLEITP2": 0, "QTLEITP3": 0, "LEITHOSP": "0", "QTINST01": 0, "QTINST02": 0, "QTINST03": 0, "QTINST04": 0, "QTINST05": 0, "QTINST06": 0, "QTINST07": 0, "QTINST08": 0, "QTINST09": 0, "QTINST10": 0, "QTINST11": 0, "QTINST12": 0, "QTINST13": 0, "QTINST14": 0, "URGEMERG": "0", "QTINST15": 1, "QTINST16": 0, "QTINST17": 0, "QTINST18": 0, "QTINST19": 0, "QTINST20": 0, "QTINST21": 0, "QTINST22": 0, "QTINST23": 0, "QTINST24": 0, "QTINST25": 0, "QTINST26": 0, "QTINST27": 0, "QTINST28": 0, "QTINST29": 1, "QTINST30": 0, "ATENDAMB": "1", "QTINST31": 0, "QTINST32": 0, "QTINST33": 0, "CENTRCIR": "0", "QTINST34": 0, "QTINST35": 0, "QTINST36": 0, "QTINST37": 0, "CENTROBS": "0", "QTLEIT05": 0, "QTLEIT06": 0, "QTLEIT07": 0, "QTLEIT08": 0, "QTLEIT09": 0, "QTLEIT19": 0, "QTLEIT20": 0, "QTLEIT21": 0, "QTLEIT22": 0, "QTLEIT23": 0, "QTLEIT32": 0, "QTLEIT34": 0, "QTLEIT38": 0, "QTLEIT39": 0, "QTLEIT40": 0, "CENTRNEO": "0", "ATENDHOS": "0", "SERAP01P": "1", "SERAP01T": "0", "SERAP02P": "0", "SERAP02T": "0", "SERAP03P": "0", "SERAP03T": "0", "SERAP04P": "0", "SERAP04T": "0", "SERAP05P": "0", "SERAP05T": "0", "SERAP06P": "0", "SERAP06T": "0", "SERAP07P": "0", "SERAP07T": "0", "SERAP08P": "0", "SERAP08T": "0", "SERAP09P": "0", "SERAP09T": "0", "SERAP10P": "0", "SERAP10T": "0", "SERAP11P": "0", "SERAP11T": "0", "SERAPOIO": "1", "RES_BIOL": "0", "RES_QUIM": "0", "RES_RADI": "0", "RES_COMU": "0", "COLETRES": "0", "COMISS01": "0", "COMISS02": "0", "COMISS03": "0", "COMISS04": "0", "COMISS05": "0", "COMISS06": "0", "COMISS07": "0", "COMISS08": "0", "COMISS09": "0", "COMISS10": "0", "COMISS11": "0", "COMISS12": "0", "COMISSAO": "0", "AP01CV01": "0", "AP01CV02": "0", "AP01CV03": "0", "AP01CV04": "0", "AP01CV05": "0", "AP01CV06": "0", "AP01CV07": "0", "AP02CV01": "1", "AP02CV02": "0", "AP02CV03": "0", "AP02CV04": "0", "AP02CV05": "0", "AP02CV06": "0", "AP02CV07": "0", "AP03CV01": "0", "AP03CV02": "0", "AP03CV03": "0", "AP03CV04": "0", "AP03CV05": "0", "AP03CV06": "0", "AP03CV07": "0", "AP04CV01": "0", "AP04CV02": "0", "AP04CV03": "0", "AP04CV04": "0", "AP04CV05": "0", "AP04CV06": "0", "AP04CV07": "0", "AP05CV01": "0", "AP05CV02": "0", "AP05CV03": "0", "AP05CV04": "0", "AP05CV05": "0", "AP05CV06": "0", "AP05CV07": "0", "AP06CV01": "0", "AP06CV02": "0", "AP06CV03": "0", "AP06CV04": "0", "AP06CV05": "0", "AP06CV06": "0", "AP06CV07": "0", "AP07CV01": "0", "AP07CV02": "0", "AP07CV03": "0", "AP07CV04": "0", "AP07CV05": "0", "AP07CV06": "0", "AP07CV07": "0", "ATEND_PR": "1", "DT_ATUAL": "202504", "COMPETEN": "202601", "NAT_JUR": "1244", "nome": "POSTO DE SAUDE ARROIO GRANDE", "lat": null, "long": null, "categoria": "saude", "subtipo": "" }, "geometry": { "type": "Point", "coordinates": [ 0.0, 0.0 ] } },
{ "type": "Feature", "properties": { "CNES": "2495953", "CODUFMUN": "411070", "COD_CEP": "84500054", "CPF_CNPJ": "00000000000000", "PF_PJ": "3", "NIV_DEP": "3", "CNPJ_MAN": "75654574000182", "COD_IR": null, "REGSAUDE": "04", "MICR_REG": null, "DISTRSAN": null, "DISTRADM": null, "VINC_SUS": "1", "TPGESTAO": "M", "ESFERA_A": "M", "RETENCAO": null, "ATIVIDAD": "04", "NATUREZA": null, "CLIENTEL": "01", "TP_UNID": "01", "TURNO_AT": "03", "NIV_HIER": null, "TP_PREST": "99", "CO_BANCO": null, "CO_AGENC": null, "C_CORREN": null, "CONTRATM": null, "DT_PUBLM": null, "CONTRATE": null, "DT_PUBLE": null, "ALVARA": "311", "DT_EXPED": "20010501", "ORGEXPED": "2", "AV_ACRED": null, "CLASAVAL": null, "DT_ACRED": null, "AV_PNASS": null, "DT_PNASS": null, "GESPRG1E": "0", "GESPRG1M": "1", "GESPRG2E": "0", "GESPRG2M": "0", "GESPRG4E": "0", "GESPRG4M": "0", "NIVATE_A": "1", "GESPRG3E": "0", "GESPRG3M": "0", "GESPRG5E": "0", "GESPRG5M": "0", "GESPRG6E": "0", "GESPRG6M": "0", "NIVATE_H": "0", "QTLEITP1": 0, "QTLEITP2": 0, "QTLEITP3": 0, "LEITHOSP": "0", "QTINST01": 0, "QTINST02": 0, "QTINST03": 0, "QTINST04": 0, "QTINST05": 0, "QTINST06": 0, "QTINST07": 0, "QTINST08": 0, "QTINST09": 0, "QTINST10": 0, "QTINST11": 0, "QTINST12": 0, "QTINST13": 0, "QTINST14": 0, "URGEMERG": "0", "QTINST15": 1, "QTINST16": 0, "QTINST17": 0, "QTINST18": 0, "QTINST19": 0, "QTINST20": 0, "QTINST21": 0, "QTINST22": 0, "QTINST23": 0, "QTINST24": 0, "QTINST25": 0, "QTINST26": 1, "QTINST27": 0, "QTINST28": 0, "QTINST29": 1, "QTINST30": 0, "ATENDAMB": "1", "QTINST31": 0, "QTINST32": 0, "QTINST33": 0, "CENTRCIR": "0", "QTINST34": 0, "QTINST35": 0, "QTINST36": 0, "QTINST37": 0, "CENTROBS": "0", "QTLEIT05": 0, "QTLEIT06": 0, "QTLEIT07": 0, "QTLEIT08": 0, "QTLEIT09": 0, "QTLEIT19": 0, "QTLEIT20": 0, "QTLEIT21": 0, "QTLEIT22": 0, "QTLEIT23": 0, "QTLEIT32": 0, "QTLEIT34": 0, "QTLEIT38": 0, "QTLEIT39": 0, "QTLEIT40": 0, "CENTRNEO": "0", "ATENDHOS": "0", "SERAP01P": "1", "SERAP01T": "0", "SERAP02P": "0", "SERAP02T": "0", "SERAP03P": "0", "SERAP03T": "0", "SERAP04P": "0", "SERAP04T": "0", "SERAP05P": "0", "SERAP05T": "0", "SERAP06P": "0", "SERAP06T": "0", "SERAP07P": "0", "SERAP07T": "0", "SERAP08P": "0", "SERAP08T": "0", "SERAP09P": "0", "SERAP09T": "0", "SERAP10P": "0", "SERAP10T": "0", "SERAP11P": "0", "SERAP11T": "0", "SERAPOIO": "1", "RES_BIOL": "0", "RES_QUIM": "0", "RES_RADI": "0", "RES_COMU": "0", "COLETRES": "0", "COMISS01": "0", "COMISS02": "0", "COMISS03": "0", "COMISS04": "0", "COMISS05": "0", "COMISS06": "0", "COMISS07": "0", "COMISS08": "0", "COMISS09": "0", "COMISS10": "0", "COMISS11": "0", "COMISS12": "0", "COMISSAO": "0", "AP01CV01": "0", "AP01CV02": "0", "AP01CV03": "0", "AP01CV04": "0", "AP01CV05": "0", "AP01CV06": "0", "AP01CV07": "0", "AP02CV01": "1", "AP02CV02": "0", "AP02CV03": "0", "AP02CV04": "0", "AP02CV05": "0", "AP02CV06": "0", "AP02CV07": "0", "AP03CV01": "0", "AP03CV02": "0", "AP03CV03": "0", "AP03CV04": "0", "AP03CV05": "0", "AP03CV06": "0", "AP03CV07": "0", "AP04CV01": "0", "AP04CV02": "0", "AP04CV03": "0", "AP04CV04": "0", "AP04CV05": "0", "AP04CV06": "0", "AP04CV07": "0", "AP05CV01": "0", "AP05CV02": "0", "AP05CV03": "0", "AP05CV04": "0", "AP05CV05": "0", "AP05CV06": "0", "AP05CV07": "0", "AP06CV01": "0", "AP06CV02": "0", "AP06CV03": "0", "AP06CV04": "0", "AP06CV05": "0", "AP06CV06": "0", "AP06CV07": "0", "AP07CV01": "0", "AP07CV02": "0", "AP07CV03": "0", "AP07CV04": "0", "AP07CV05": "0", "AP07CV06": "0", "AP07CV07": "0", "ATEND_PR": "1", "DT_ATUAL": "202509", "COMPETEN": "202601", "NAT_JUR": "1244", "nome": "POSTO DE SAUDE PIRAPO", "lat": null, "long": null, "categoria": "saude", "subtipo": "" }, "geometry": { "type": "Point", "coordinates": [ 0.0, 0.0 ] } },
{ "type": "Feature", "properties": { "CNES": "2495961", "CODUFMUN": "411070", "COD_CEP": "84500054", "CPF_CNPJ": "00000000000000", "PF_PJ": "3", "NIV_DEP": "3", "CNPJ_MAN": "75654574000182", "COD_IR": null, "REGSAUDE": "04", "MICR_REG": null, "DISTRSAN": null, "DISTRADM": null, "VINC_SUS": "1", "TPGESTAO": "M", "ESFERA_A": "M", "RETENCAO": null, "ATIVIDAD": "04", "NATUREZA": null, "CLIENTEL": "01", "TP_UNID": "01", "TURNO_AT": "03", "NIV_HIER": null, "TP_PREST": "99", "CO_BANCO": null, "CO_AGENC": null, "C_CORREN": null, "CONTRATM": null, "DT_PUBLM": null, "CONTRATE": null, "DT_PUBLE": null, "ALVARA": "316", "DT_EXPED": "20010501", "ORGEXPED": "2", "AV_ACRED": null, "CLASAVAL": null, "DT_ACRED": null, "AV_PNASS": null, "DT_PNASS": null, "GESPRG1E": "0", "GESPRG1M": "1", "GESPRG2E": "0", "GESPRG2M": "0", "GESPRG4E": "0", "GESPRG4M": "0", "NIVATE_A": "1", "GESPRG3E": "0", "GESPRG3M": "0", "GESPRG5E": "0", "GESPRG5M": "0", "GESPRG6E": "0", "GESPRG6M": "0", "NIVATE_H": "0", "QTLEITP1": 0, "QTLEITP2": 0, "QTLEITP3": 0, "LEITHOSP": "0", "QTINST01": 0, "QTINST02": 0, "QTINST03": 0, "QTINST04": 0, "QTINST05": 0, "QTINST06": 0, "QTINST07": 0, "QTINST08": 0, "QTINST09": 0, "QTINST10": 0, "QTINST11": 0, "QTINST12": 0, "QTINST13": 0, "QTINST14": 0, "URGEMERG": "0", "QTINST15": 1, "QTINST16": 0, "QTINST17": 0, "QTINST18": 0, "QTINST19": 0, "QTINST20": 0, "QTINST21": 0, "QTINST22": 0, "QTINST23": 0, "QTINST24": 0, "QTINST25": 0, "QTINST26": 0, "QTINST27": 0, "QTINST28": 0, "QTINST29": 0, "QTINST30": 0, "ATENDAMB": "1", "QTINST31": 0, "QTINST32": 0, "QTINST33": 0, "CENTRCIR": "0", "QTINST34": 0, "QTINST35": 0, "QTINST36": 0, "QTINST37": 0, "CENTROBS": "0", "QTLEIT05": 0, "QTLEIT06": 0, "QTLEIT07": 0, "QTLEIT08": 0, "QTLEIT09": 0, "QTLEIT19": 0, "QTLEIT20": 0, "QTLEIT21": 0, "QTLEIT22": 0, "QTLEIT23": 0, "QTLEIT32": 0, "QTLEIT34": 0, "QTLEIT38": 0, "QTLEIT39": 0, "QTLEIT40": 0, "CENTRNEO": "0", "ATENDHOS": "0", "SERAP01P": "1", "SERAP01T": "0", "SERAP02P": "0", "SERAP02T": "0", "SERAP03P": "0", "SERAP03T": "0", "SERAP04P": "0", "SERAP04T": "0", "SERAP05P": "0", "SERAP05T": "0", "SERAP06P": "0", "SERAP06T": "0", "SERAP07P": "0", "SERAP07T": "0", "SERAP08P": "0", "SERAP08T": "0", "SERAP09P": "0", "SERAP09T": "0", "SERAP10P": "0", "SERAP10T": "0", "SERAP11P": "0", "SERAP11T": "0", "SERAPOIO": "1", "RES_BIOL": "0", "RES_QUIM": "0", "RES_RADI": "0", "RES_COMU": "0", "COLETRES": "0", "COMISS01": "0", "COMISS02": "0", "COMISS03": "0", "COMISS04": "0", "COMISS05": "0", "COMISS06": "0", "COMISS07": "0", "COMISS08": "0", "COMISS09": "0", "COMISS10": "0", "COMISS11": "0", "COMISS12": "0", "COMISSAO": "0", "AP01CV01": "0", "AP01CV02": "0", "AP01CV03": "0", "AP01CV04": "0", "AP01CV05": "0", "AP01CV06": "0", "AP01CV07": "0", "AP02CV01": "1", "AP02CV02": "0", "AP02CV03": "0", "AP02CV04": "0", "AP02CV05": "0", "AP02CV06": "0", "AP02CV07": "0", "AP03CV01": "0", "AP03CV02": "0", "AP03CV03": "0", "AP03CV04": "0", "AP03CV05": "0", "AP03CV06": "0", "AP03CV07": "0", "AP04CV01": "0", "AP04CV02": "0", "AP04CV03": "0", "AP04CV04": "0", "AP04CV05": "0", "AP04CV06": "0", "AP04CV07": "0", "AP05CV01": "0", "AP05CV02": "0", "AP05CV03": "0", "AP05CV04": "0", "AP05CV05": "0", "AP05CV06": "0", "AP05CV07": "0", "AP06CV01": "0", "AP06CV02": "0", "AP06CV03": "0", "AP06CV04": "0", "AP06CV05": "0", "AP06CV06": "0", "AP06CV07": "0", "AP07CV01": "0", "AP07CV02": "0", "AP07CV03": "0", "AP07CV04": "0", "AP07CV05": "0", "AP07CV06": "0", "AP07CV07": "0", "ATEND_PR": "1", "DT_ATUAL": "202504", "COMPETEN": "202601", "NAT_JUR": "1244", "nome": "POSTO DE SAUDE BARRA DO GAVIAO", "lat": null, "long": null, "categoria": "saude", "subtipo": "" }, "geometry": { "type": "Point", "coordinates": [ 0.0, 0.0 ] } },
{ "type": "Feature", "properties": { "CNES": "2495988", "CODUFMUN": "411070", "COD_CEP": "84500054", "CPF_CNPJ": "00000000000000", "PF_PJ": "3", "NIV_DEP": "3", "CNPJ_MAN": "75654574000182", "COD_IR": null, "REGSAUDE": "04", "MICR_REG": null, "DISTRSAN": null, "DISTRADM": null, "VINC_SUS": "1", "TPGESTAO": "M", "ESFERA_A": "M", "RETENCAO": null, "ATIVIDAD": "04", "NATUREZA": null, "CLIENTEL": "01", "TP_UNID": "01", "TURNO_AT": "03", "NIV_HIER": null, "TP_PREST": "99", "CO_BANCO": null, "CO_AGENC": null, "C_CORREN": null, "CONTRATM": null, "DT_PUBLM": null, "CONTRATE": null, "DT_PUBLE": null, "ALVARA": "296", "DT_EXPED": "20010501", "ORGEXPED": "2", "AV_ACRED": null, "CLASAVAL": null, "DT_ACRED": null, "AV_PNASS": null, "DT_PNASS": null, "GESPRG1E": "0", "GESPRG1M": "1", "GESPRG2E": "0", "GESPRG2M": "0", "GESPRG4E": "0", "GESPRG4M": "0", "NIVATE_A": "1", "GESPRG3E": "0", "GESPRG3M": "0", "GESPRG5E": "0", "GESPRG5M": "0", "GESPRG6E": "0", "GESPRG6M": "0", "NIVATE_H": "0", "QTLEITP1": 0, "QTLEITP2": 0, "QTLEITP3": 0, "LEITHOSP": "0", "QTINST01": 0, "QTINST02": 0, "QTINST03": 0, "QTINST04": 0, "QTINST05": 0, "QTINST06": 0, "QTINST07": 0, "QTINST08": 0, "QTINST09": 0, "QTINST10": 0, "QTINST11": 0, "QTINST12": 0, "QTINST13": 0, "QTINST14": 0, "URGEMERG": "0", "QTINST15": 1, "QTINST16": 0, "QTINST17": 0, "QTINST18": 0, "QTINST19": 0, "QTINST20": 0, "QTINST21": 0, "QTINST22": 0, "QTINST23": 0, "QTINST24": 0, "QTINST25": 0, "QTINST26": 0, "QTINST27": 0, "QTINST28": 0, "QTINST29": 1, "QTINST30": 0, "ATENDAMB": "1", "QTINST31": 0, "QTINST32": 0, "QTINST33": 0, "CENTRCIR": "0", "QTINST34": 0, "QTINST35": 0, "QTINST36": 0, "QTINST37": 0, "CENTROBS": "0", "QTLEIT05": 0, "QTLEIT06": 0, "QTLEIT07": 0, "QTLEIT08": 0, "QTLEIT09": 0, "QTLEIT19": 0, "QTLEIT20": 0, "QTLEIT21": 0, "QTLEIT22": 0, "QTLEIT23": 0, "QTLEIT32": 0, "QTLEIT34": 0, "QTLEIT38": 0, "QTLEIT39": 0, "QTLEIT40": 0, "CENTRNEO": "0", "ATENDHOS": "0", "SERAP01P": "1", "SERAP01T": "0", "SERAP02P": "0", "SERAP02T": "0", "SERAP03P": "0", "SERAP03T": "0", "SERAP04P": "0", "SERAP04T": "0", "SERAP05P": "0", "SERAP05T": "0", "SERAP06P": "0", "SERAP06T": "0", "SERAP07P": "0", "SERAP07T": "0", "SERAP08P": "0", "SERAP08T": "0", "SERAP09P": "0", "SERAP09T": "0", "SERAP10P": "0", "SERAP10T": "0", "SERAP11P": "0", "SERAP11T": "0", "SERAPOIO": "1", "RES_BIOL": "0", "RES_QUIM": "0", "RES_RADI": "0", "RES_COMU": "0", "COLETRES": "0", "COMISS01": "0", "COMISS02": "0", "COMISS03": "0", "COMISS04": "0", "COMISS05": "0", "COMISS06": "0", "COMISS07": "0", "COMISS08": "0", "COMISS09": "0", "COMISS10": "0", "COMISS11": "0", "COMISS12": "0", "COMISSAO": "0", "AP01CV01": "0", "AP01CV02": "0", "AP01CV03": "0", "AP01CV04": "0", "AP01CV05": "0", "AP01CV06": "0", "AP01CV07": "0", "AP02CV01": "1", "AP02CV02": "0", "AP02CV03": "0", "AP02CV04": "0", "AP02CV05": "0", "AP02CV06": "0", "AP02CV07": "0", "AP03CV01": "0", "AP03CV02": "0", "AP03CV03": "0", "AP03CV04": "0", "AP03CV05": "0", "AP03CV06": "0", "AP03CV07": "0", "AP04CV01": "0", "AP04CV02": "0", "AP04CV03": "0", "AP04CV04": "0", "AP04CV05": "0", "AP04CV06": "0", "AP04CV07": "0", "AP05CV01": "0", "AP05CV02": "0", "AP05CV03": "0", "AP05CV04": "0", "AP05CV05": "0", "AP05CV06": "0", "AP05CV07": "0", "AP06CV01": "0", "AP06CV02": "0", "AP06CV03": "0", "AP06CV04": "0", "AP06CV05": "0", "AP06CV06": "0", "AP06CV07": "0", "AP07CV01": "0", "AP07CV02": "0", "AP07CV03": "0", "AP07CV04": "0", "AP07CV05": "0", "AP07CV06": "0", "AP07CV07": "0", "ATEND_PR": "1", "DT_ATUAL": "202504", "COMPETEN": "202601", "NAT_JUR": "1244", "nome": "POSTO DE SAUDE FAXINAL DOS FERREIRAS", "lat": null, "long": null, "categoria": "saude", "subtipo": "" }, "geometry": { "type": "Point", "coordinates": [ 0.0, 0.0 ] } },
{ "type": "Feature", "properties": { "CNES": "2496038", "CODUFMUN": "411070", "COD_CEP": "84500054", "CPF_CNPJ": "00000000000000", "PF_PJ": "3", "NIV_DEP": "3", "CNPJ_MAN": "75654574000182", "COD_IR": null, "REGSAUDE": "04", "MICR_REG": null, "DISTRSAN": null, "DISTRADM": null, "VINC_SUS": "1", "TPGESTAO": "M", "ESFERA_A": "M", "RETENCAO": null, "ATIVIDAD": "04", "NATUREZA": null, "CLIENTEL": "01", "TP_UNID": "01", "TURNO_AT": "03", "NIV_HIER": null, "TP_PREST": "99", "CO_BANCO": null, "CO_AGENC": null, "C_CORREN": null, "CONTRATM": null, "DT_PUBLM": null, "CONTRATE": null, "DT_PUBLE": null, "ALVARA": "289", "DT_EXPED": "20010501", "ORGEXPED": "2", "AV_ACRED": null, "CLASAVAL": null, "DT_ACRED": null, "AV_PNASS": null, "DT_PNASS": null, "GESPRG1E": "0", "GESPRG1M": "1", "GESPRG2E": "0", "GESPRG2M": "0", "GESPRG4E": "0", "GESPRG4M": "0", "NIVATE_A": "1", "GESPRG3E": "0", "GESPRG3M": "0", "GESPRG5E": "0", "GESPRG5M": "0", "GESPRG6E": "0", "GESPRG6M": "0", "NIVATE_H": "0", "QTLEITP1": 0, "QTLEITP2": 0, "QTLEITP3": 0, "LEITHOSP": "0", "QTINST01": 0, "QTINST02": 0, "QTINST03": 0, "QTINST04": 0, "QTINST05": 0, "QTINST06": 0, "QTINST07": 0, "QTINST08": 0, "QTINST09": 0, "QTINST10": 0, "QTINST11": 0, "QTINST12": 0, "QTINST13": 0, "QTINST14": 0, "URGEMERG": "0", "QTINST15": 1, "QTINST16": 0, "QTINST17": 0, "QTINST18": 0, "QTINST19": 0, "QTINST20": 0, "QTINST21": 0, "QTINST22": 0, "QTINST23": 0, "QTINST24": 0, "QTINST25": 0, "QTINST26": 0, "QTINST27": 0, "QTINST28": 0, "QTINST29": 1, "QTINST30": 0, "ATENDAMB": "1", "QTINST31": 0, "QTINST32": 0, "QTINST33": 0, "CENTRCIR": "0", "QTINST34": 0, "QTINST35": 0, "QTINST36": 0, "QTINST37": 0, "CENTROBS": "0", "QTLEIT05": 0, "QTLEIT06": 0, "QTLEIT07": 0, "QTLEIT08": 0, "QTLEIT09": 0, "QTLEIT19": 0, "QTLEIT20": 0, "QTLEIT21": 0, "QTLEIT22": 0, "QTLEIT23": 0, "QTLEIT32": 0, "QTLEIT34": 0, "QTLEIT38": 0, "QTLEIT39": 0, "QTLEIT40": 0, "CENTRNEO": "0", "ATENDHOS": "0", "SERAP01P": "1", "SERAP01T": "0", "SERAP02P": "0", "SERAP02T": "0", "SERAP03P": "0", "SERAP03T": "0", "SERAP04P": "0", "SERAP04T": "0", "SERAP05P": "0", "SERAP05T": "0", "SERAP06P": "0", "SERAP06T": "0", "SERAP07P": "0", "SERAP07T": "0", "SERAP08P": "0", "SERAP08T": "0", "SERAP09P": "0", "SERAP09T": "0", "SERAP10P": "0", "SERAP10T": "0", "SERAP11P": "0", "SERAP11T": "0", "SERAPOIO": "1", "RES_BIOL": "0", "RES_QUIM": "0", "RES_RADI": "0", "RES_COMU": "0", "COLETRES": "0", "COMISS01": "0", "COMISS02": "0", "COMISS03": "0", "COMISS04": "0", "COMISS05": "0", "COMISS06": "0", "COMISS07": "0", "COMISS08": "0", "COMISS09": "0", "COMISS10": "0", "COMISS11": "0", "COMISS12": "0", "COMISSAO": "0", "AP01CV01": "0", "AP01CV02": "0", "AP01CV03": "0", "AP01CV04": "0", "AP01CV05": "0", "AP01CV06": "0", "AP01CV07": "0", "AP02CV01": "1", "AP02CV02": "0", "AP02CV03": "0", "AP02CV04": "0", "AP02CV05": "0", "AP02CV06": "0", "AP02CV07": "0", "AP03CV01": "0", "AP03CV02": "0", "AP03CV03": "0", "AP03CV04": "0", "AP03CV05": "0", "AP03CV06": "0", "AP03CV07": "0", "AP04CV01": "0", "AP04CV02": "0", "AP04CV03": "0", "AP04CV04": "0", "AP04CV05": "0", "AP04CV06": "0", "AP04CV07": "0", "AP05CV01": "0", "AP05CV02": "0", "AP05CV03": "0", "AP05CV04": "0", "AP05CV05": "0", "AP05CV06": "0", "AP05CV07": "0", "AP06CV01": "0", "AP06CV02": "0", "AP06CV03": "0", "AP06CV04": "0", "AP06CV05": "0", "AP06CV06": "0", "AP06CV07": "0", "AP07CV01": "0", "AP07CV02": "0", "AP07CV03": "0", "AP07CV04": "0", "AP07CV05": "0", "AP07CV06": "0", "AP07CV07": "0", "ATEND_PR": "1", "DT_ATUAL": "202504", "COMPETEN": "202601", "NAT_JUR": "1244", "nome": "POSTO DE SAUDE TAQUARI", "lat": null, "long": null, "categoria": "saude", "subtipo": "" }, "geometry": { "type": "Point", "coordinates": [ 0.0, 0.0 ] } },
{ "type": "Feature", "properties": { "CNES": "2496054", "CODUFMUN": "411070", "COD_CEP": "99999999", "CPF_CNPJ": "00000000000000", "PF_PJ": "3", "NIV_DEP": "3", "CNPJ_MAN": "75654574000182", "COD_IR": null, "REGSAUDE": "04", "MICR_REG": null, "DISTRSAN": null, "DISTRADM": null, "VINC_SUS": "1", "TPGESTAO": "M", "ESFERA_A": "M", "RETENCAO": null, "ATIVIDAD": "04", "NATUREZA": null, "CLIENTEL": "01", "TP_UNID": "02", "TURNO_AT": "03", "NIV_HIER": null, "TP_PREST": "99", "CO_BANCO": null, "CO_AGENC": null, "C_CORREN": null, "CONTRATM": null, "DT_PUBLM": null, "CONTRATE": null, "DT_PUBLE": null, "ALVARA": "304", "DT_EXPED": "20010501", "ORGEXPED": "2", "AV_ACRED": null, "CLASAVAL": null, "DT_ACRED": null, "AV_PNASS": null, "DT_PNASS": null, "GESPRG1E": "0", "GESPRG1M": "1", "GESPRG2E": "0", "GESPRG2M": "0", "GESPRG4E": "0", "GESPRG4M": "0", "NIVATE_A": "1", "GESPRG3E": "0", "GESPRG3M": "0", "GESPRG5E": "0", "GESPRG5M": "0", "GESPRG6E": "0", "GESPRG6M": "0", "NIVATE_H": "0", "QTLEITP1": 0, "QTLEITP2": 0, "QTLEITP3": 0, "LEITHOSP": "0", "QTINST01": 0, "QTINST02": 0, "QTINST03": 0, "QTINST04": 0, "QTINST05": 0, "QTINST06": 0, "QTINST07": 0, "QTINST08": 0, "QTINST09": 0, "QTINST10": 0, "QTINST11": 0, "QTINST12": 0, "QTINST13": 0, "QTINST14": 0, "URGEMERG": "0", "QTINST15": 1, "QTINST16": 0, "QTINST17": 0, "QTINST18": 0, "QTINST19": 0, "QTINST20": 0, "QTINST21": 0, "QTINST22": 0, "QTINST23": 1, "QTINST24": 0, "QTINST25": 0, "QTINST26": 1, "QTINST27": 0, "QTINST28": 0, "QTINST29": 1, "QTINST30": 0, "ATENDAMB": "1", "QTINST31": 0, "QTINST32": 0, "QTINST33": 0, "CENTRCIR": "0", "QTINST34": 0, "QTINST35": 0, "QTINST36": 0, "QTINST37": 0, "CENTROBS": "0", "QTLEIT05": 0, "QTLEIT06": 0, "QTLEIT07": 0, "QTLEIT08": 0, "QTLEIT09": 0, "QTLEIT19": 0, "QTLEIT20": 0, "QTLEIT21": 0, "QTLEIT22": 0, "QTLEIT23": 0, "QTLEIT32": 0, "QTLEIT34": 0, "QTLEIT38": 0, "QTLEIT39": 0, "QTLEIT40": 0, "CENTRNEO": "0", "ATENDHOS": "0", "SERAP01P": "1", "SERAP01T": "0", "SERAP02P": "0", "SERAP02T": "0", "SERAP03P": "0", "SERAP03T": "0", "SERAP04P": "0", "SERAP04T": "0", "SERAP05P": "0", "SERAP05T": "0", "SERAP06P": "0", "SERAP06T": "0", "SERAP07P": "0", "SERAP07T": "0", "SERAP08P": "0", "SERAP08T": "0", "SERAP09P": "0", "SERAP09T": "0", "SERAP10P": "0", "SERAP10T": "0", "SERAP11P": "0", "SERAP11T": "0", "SERAPOIO": "1", "RES_BIOL": "0", "RES_QUIM": "0", "RES_RADI": "0", "RES_COMU": "0", "COLETRES": "0", "COMISS01": "0", "COMISS02": "0", "COMISS03": "0", "COMISS04": "0", "COMISS05": "0", "COMISS06": "0", "COMISS07": "0", "COMISS08": "0", "COMISS09": "0", "COMISS10": "0", "COMISS11": "0", "COMISS12": "0", "COMISSAO": "0", "AP01CV01": "0", "AP01CV02": "0", "AP01CV03": "0", "AP01CV04": "0", "AP01CV05": "0", "AP01CV06": "0", "AP01CV07": "0", "AP02CV01": "1", "AP02CV02": "0", "AP02CV03": "0", "AP02CV04": "0", "AP02CV05": "0", "AP02CV06": "0", "AP02CV07": "0", "AP03CV01": "0", "AP03CV02": "0", "AP03CV03": "0", "AP03CV04": "0", "AP03CV05": "0", "AP03CV06": "0", "AP03CV07": "0", "AP04CV01": "0", "AP04CV02": "0", "AP04CV03": "0", "AP04CV04": "0", "AP04CV05": "0", "AP04CV06": "0", "AP04CV07": "0", "AP05CV01": "0", "AP05CV02": "0", "AP05CV03": "0", "AP05CV04": "0", "AP05CV05": "0", "AP05CV06": "0", "AP05CV07": "0", "AP06CV01": "0", "AP06CV02": "0", "AP06CV03": "0", "AP06CV04": "0", "AP06CV05": "0", "AP06CV06": "0", "AP06CV07": "0", "AP07CV01": "0", "AP07CV02": "0", "AP07CV03": "0", "AP07CV04": "0", "AP07CV05": "0", "AP07CV06": "0", "AP07CV07": "0", "ATEND_PR": "1", "DT_ATUAL": "202511", "COMPETEN": "202601", "NAT_JUR": "1244", "nome": "UNIDADE BASICA DE SAUDE DE GONCALVES JUNIOR", "lat": -25.468024914921429, "long": -50.781428125321597, "categoria": "saude", "subtipo": "" }, "geometry": { "type": "Point", "coordinates": [ -50.781428125321597, -25.468024914921429 ] } },
{ "type": "Feature", "properties": { "CNES": "2502305", "CODUFMUN": "411070", "COD_CEP": "84504458", "CPF_CNPJ": "00000000000000", "PF_PJ": "3", "NIV_DEP": "3", "CNPJ_MAN": "75654574000182", "COD_IR": null, "REGSAUDE": "04", "MICR_REG": null, "DISTRSAN": null, "DISTRADM": null, "VINC_SUS": "1", "TPGESTAO": "M", "ESFERA_A": "M", "RETENCAO": null, "ATIVIDAD": "04", "NATUREZA": null, "CLIENTEL": "03", "TP_UNID": "02", "TURNO_AT": "03", "NIV_HIER": null, "TP_PREST": "99", "CO_BANCO": null, "CO_AGENC": null, "C_CORREN": null, "CONTRATM": null, "DT_PUBLM": null, "CONTRATE": null, "DT_PUBLE": null, "ALVARA": "309", "DT_EXPED": "20010501", "ORGEXPED": "2", "AV_ACRED": null, "CLASAVAL": null, "DT_ACRED": null, "AV_PNASS": null, "DT_PNASS": null, "GESPRG1E": "0", "GESPRG1M": "1", "GESPRG2E": "0", "GESPRG2M": "0", "GESPRG4E": "0", "GESPRG4M": "0", "NIVATE_A": "1", "GESPRG3E": "0", "GESPRG3M": "0", "GESPRG5E": "0", "GESPRG5M": "0", "GESPRG6E": "0", "GESPRG6M": "0", "NIVATE_H": "0", "QTLEITP1": 0, "QTLEITP2": 0, "QTLEITP3": 0, "LEITHOSP": "0", "QTINST01": 0, "QTINST02": 0, "QTINST03": 0, "QTINST04": 0, "QTINST05": 0, "QTINST06": 0, "QTINST07": 0, "QTINST08": 0, "QTINST09": 0, "QTINST10": 0, "QTINST11": 0, "QTINST12": 0, "QTINST13": 0, "QTINST14": 0, "URGEMERG": "0", "QTINST15": 3, "QTINST16": 3, "QTINST17": 0, "QTINST18": 0, "QTINST19": 0, "QTINST20": 0, "QTINST21": 0, "QTINST22": 0, "QTINST23": 0, "QTINST24": 1, "QTINST25": 0, "QTINST26": 1, "QTINST27": 0, "QTINST28": 0, "QTINST29": 1, "QTINST30": 0, "ATENDAMB": "1", "QTINST31": 0, "QTINST32": 0, "QTINST33": 0, "CENTRCIR": "0", "QTINST34": 0, "QTINST35": 0, "QTINST36": 0, "QTINST37": 0, "CENTROBS": "0", "QTLEIT05": 0, "QTLEIT06": 0, "QTLEIT07": 0, "QTLEIT08": 0, "QTLEIT09": 0, "QTLEIT19": 0, "QTLEIT20": 0, "QTLEIT21": 0, "QTLEIT22": 0, "QTLEIT23": 0, "QTLEIT32": 0, "QTLEIT34": 0, "QTLEIT38": 0, "QTLEIT39": 0, "QTLEIT40": 0, "CENTRNEO": "0", "ATENDHOS": "0", "SERAP01P": "0", "SERAP01T": "0", "SERAP02P": "0", "SERAP02T": "0", "SERAP03P": "1", "SERAP03T": "0", "SERAP04P": "0", "SERAP04T": "0", "SERAP05P": "0", "SERAP05T": "0", "SERAP06P": "0", "SERAP06T": "0", "SERAP07P": "0", "SERAP07T": "0", "SERAP08P": "0", "SERAP08T": "0", "SERAP09P": "0", "SERAP09T": "0", "SERAP10P": "0", "SERAP10T": "0", "SERAP11P": "0", "SERAP11T": "0", "SERAPOIO": "1", "RES_BIOL": "1", "RES_QUIM": "0", "RES_RADI": "0", "RES_COMU": "1", "COLETRES": "1", "COMISS01": "0", "COMISS02": "0", "COMISS03": "0", "COMISS04": "0", "COMISS05": "0", "COMISS06": "0", "COMISS07": "0", "COMISS08": "0", "COMISS09": "0", "COMISS10": "0", "COMISS11": "0", "COMISS12": "0", "COMISSAO": "0", "AP01CV01": "0", "AP01CV02": "0", "AP01CV03": "0", "AP01CV04": "0", "AP01CV05": "0", "AP01CV06": "0", "AP01CV07": "0", "AP02CV01": "1", "AP02CV02": "0", "AP02CV03": "0", "AP02CV04": "0", "AP02CV05": "0", "AP02CV06": "0", "AP02CV07": "0", "AP03CV01": "0", "AP03CV02": "0", "AP03CV03": "0", "AP03CV04": "0", "AP03CV05": "0", "AP03CV06": "0", "AP03CV07": "0", "AP04CV01": "0", "AP04CV02": "0", "AP04CV03": "0", "AP04CV04": "0", "AP04CV05": "0", "AP04CV06": "0", "AP04CV07": "0", "AP05CV01": "1", "AP05CV02": "0", "AP05CV03": "0", "AP05CV04": "0", "AP05CV05": "0", "AP05CV06": "0", "AP05CV07": "0", "AP06CV01": "0", "AP06CV02": "0", "AP06CV03": "0", "AP06CV04": "0", "AP06CV05": "0", "AP06CV06": "0", "AP06CV07": "0", "AP07CV01": "0", "AP07CV02": "0", "AP07CV03": "0", "AP07CV04": "0", "AP07CV05": "0", "AP07CV06": "0", "AP07CV07": "0", "ATEND_PR": "1", "DT_ATUAL": "202511", "COMPETEN": "202601", "NAT_JUR": "1244", "nome": "CENTRO DE ATENDIMENTO ILDEFONSO ZANETTI", "lat": -25.472610476279929, "long": -50.656921557866767, "categoria": "saude", "subtipo": "" }, "geometry": { "type": "Point", "coordinates": [ -50.656921557866767, -25.472610476279929 ] } },
{ "type": "Feature", "properties": { "CNES": "2502313", "CODUFMUN": "411070", "COD_CEP": "84500248", "CPF_CNPJ": "00000000000000", "PF_PJ": "3", "NIV_DEP": "3", "CNPJ_MAN": "75654574000182", "COD_IR": null, "REGSAUDE": "04", "MICR_REG": null, "DISTRSAN": null, "DISTRADM": null, "VINC_SUS": "1", "TPGESTAO": "M", "ESFERA_A": "M", "RETENCAO": null, "ATIVIDAD": "04", "NATUREZA": null, "CLIENTEL": "01", "TP_UNID": "02", "TURNO_AT": "03", "NIV_HIER": null, "TP_PREST": "99", "CO_BANCO": null, "CO_AGENC": null, "C_CORREN": null, "CONTRATM": null, "DT_PUBLM": null, "CONTRATE": null, "DT_PUBLE": null, "ALVARA": "312", "DT_EXPED": "20010501", "ORGEXPED": "2", "AV_ACRED": null, "CLASAVAL": null, "DT_ACRED": null, "AV_PNASS": null, "DT_PNASS": null, "GESPRG1E": "0", "GESPRG1M": "1", "GESPRG2E": "0", "GESPRG2M": "0", "GESPRG4E": "0", "GESPRG4M": "0", "NIVATE_A": "1", "GESPRG3E": "0", "GESPRG3M": "0", "GESPRG5E": "0", "GESPRG5M": "0", "GESPRG6E": "0", "GESPRG6M": "0", "NIVATE_H": "0", "QTLEITP1": 0, "QTLEITP2": 0, "QTLEITP3": 0, "LEITHOSP": "0", "QTINST01": 0, "QTINST02": 0, "QTINST03": 0, "QTINST04": 0, "QTINST05": 0, "QTINST06": 0, "QTINST07": 0, "QTINST08": 0, "QTINST09": 0, "QTINST10": 0, "QTINST11": 0, "QTINST12": 0, "QTINST13": 0, "QTINST14": 0, "URGEMERG": "0", "QTINST15": 3, "QTINST16": 0, "QTINST17": 0, "QTINST18": 0, "QTINST19": 0, "QTINST20": 0, "QTINST21": 0, "QTINST22": 0, "QTINST23": 1, "QTINST24": 0, "QTINST25": 0, "QTINST26": 1, "QTINST27": 1, "QTINST28": 0, "QTINST29": 1, "QTINST30": 0, "ATENDAMB": "1", "QTINST31": 0, "QTINST32": 0, "QTINST33": 0, "CENTRCIR": "0", "QTINST34": 0, "QTINST35": 0, "QTINST36": 0, "QTINST37": 0, "CENTROBS": "0", "QTLEIT05": 0, "QTLEIT06": 0, "QTLEIT07": 0, "QTLEIT08": 0, "QTLEIT09": 0, "QTLEIT19": 0, "QTLEIT20": 0, "QTLEIT21": 0, "QTLEIT22": 0, "QTLEIT23": 0, "QTLEIT32": 0, "QTLEIT34": 0, "QTLEIT38": 0, "QTLEIT39": 0, "QTLEIT40": 0, "CENTRNEO": "0", "ATENDHOS": "0", "SERAP01P": "1", "SERAP01T": "0", "SERAP02P": "0", "SERAP02T": "0", "SERAP03P": "0", "SERAP03T": "0", "SERAP04P": "1", "SERAP04T": "0", "SERAP05P": "0", "SERAP05T": "0", "SERAP06P": "0", "SERAP06T": "0", "SERAP07P": "0", "SERAP07T": "0", "SERAP08P": "0", "SERAP08T": "0", "SERAP09P": "0", "SERAP09T": "0", "SERAP10P": "0", "SERAP10T": "0", "SERAP11P": "0", "SERAP11T": "0", "SERAPOIO": "1", "RES_BIOL": "0", "RES_QUIM": "0", "RES_RADI": "0", "RES_COMU": "1", "COLETRES": "1", "COMISS01": "0", "COMISS02": "0", "COMISS03": "0", "COMISS04": "0", "COMISS05": "0", "COMISS06": "0", "COMISS07": "0", "COMISS08": "0", "COMISS09": "0", "COMISS10": "0", "COMISS11": "0", "COMISS12": "0", "COMISSAO": "0", "AP01CV01": "0", "AP01CV02": "0", "AP01CV03": "0", "AP01CV04": "0", "AP01CV05": "0", "AP01CV06": "0", "AP01CV07": "0", "AP02CV01": "1", "AP02CV02": "0", "AP02CV03": "0", "AP02CV04": "0", "AP02CV05": "0", "AP02CV06": "0", "AP02CV07": "0", "AP03CV01": "0", "AP03CV02": "0", "AP03CV03": "0", "AP03CV04": "0", "AP03CV05": "0", "AP03CV06": "0", "AP03CV07": "0", "AP04CV01": "0", "AP04CV02": "0", "AP04CV03": "0", "AP04CV04": "0", "AP04CV05": "0", "AP04CV06": "0", "AP04CV07": "0", "AP05CV01": "0", "AP05CV02": "0", "AP05CV03": "0", "AP05CV04": "0", "AP05CV05": "0", "AP05CV06": "0", "AP05CV07": "0", "AP06CV01": "0", "AP06CV02": "0", "AP06CV03": "0", "AP06CV04": "0", "AP06CV05": "0", "AP06CV06": "0", "AP06CV07": "0", "AP07CV01": "0", "AP07CV02": "0", "AP07CV03": "0", "AP07CV04": "0", "AP07CV05": "0", "AP07CV06": "0", "AP07CV07": "0", "ATEND_PR": "1", "DT_ATUAL": "202511", "COMPETEN": "202601", "NAT_JUR": "1244", "nome": "UNIDADE BASICA DE SAUDE ADHEMAR VIEIRA DE ARAUJO", "lat": null, "long": null, "categoria": "saude", "subtipo": "" }, "geometry": { "type": "Point", "coordinates": [ 0.0, 0.0 ] } },
{ "type": "Feature", "properties": { "CNES": "2502348", "CODUFMUN": "411070", "COD_CEP": "84504778", "CPF_CNPJ": "00000000000000", "PF_PJ": "3", "NIV_DEP": "3", "CNPJ_MAN": "75654574000182", "COD_IR": null, "REGSAUDE": "04", "MICR_REG": null, "DISTRSAN": null, "DISTRADM": null, "VINC_SUS": "1", "TPGESTAO": "M", "ESFERA_A": "M", "RETENCAO": null, "ATIVIDAD": "04", "NATUREZA": null, "CLIENTEL": "01", "TP_UNID": "02", "TURNO_AT": "03", "NIV_HIER": null, "TP_PREST": "99", "CO_BANCO": null, "CO_AGENC": null, "C_CORREN": null, "CONTRATM": null, "DT_PUBLM": null, "CONTRATE": null, "DT_PUBLE": null, "ALVARA": "286", "DT_EXPED": "20010501", "ORGEXPED": "2", "AV_ACRED": null, "CLASAVAL": null, "DT_ACRED": null, "AV_PNASS": null, "DT_PNASS": null, "GESPRG1E": "0", "GESPRG1M": "1", "GESPRG2E": "0", "GESPRG2M": "0", "GESPRG4E": "0", "GESPRG4M": "0", "NIVATE_A": "1", "GESPRG3E": "0", "GESPRG3M": "0", "GESPRG5E": "0", "GESPRG5M": "0", "GESPRG6E": "0", "GESPRG6M": "0", "NIVATE_H": "0", "QTLEITP1": 0, "QTLEITP2": 0, "QTLEITP3": 0, "LEITHOSP": "0", "QTINST01": 0, "QTINST02": 0, "QTINST03": 0, "QTINST04": 0, "QTINST05": 0, "QTINST06": 0, "QTINST07": 0, "QTINST08": 0, "QTINST09": 0, "QTINST10": 0, "QTINST11": 0, "QTINST12": 0, "QTINST13": 0, "QTINST14": 0, "URGEMERG": "0", "QTINST15": 1, "QTINST16": 0, "QTINST17": 0, "QTINST18": 0, "QTINST19": 0, "QTINST20": 0, "QTINST21": 0, "QTINST22": 0, "QTINST23": 1, "QTINST24": 0, "QTINST25": 0, "QTINST26": 1, "QTINST27": 0, "QTINST28": 0, "QTINST29": 0, "QTINST30": 0, "ATENDAMB": "1", "QTINST31": 0, "QTINST32": 0, "QTINST33": 0, "CENTRCIR": "0", "QTINST34": 0, "QTINST35": 0, "QTINST36": 0, "QTINST37": 0, "CENTROBS": "0", "QTLEIT05": 0, "QTLEIT06": 0, "QTLEIT07": 0, "QTLEIT08": 0, "QTLEIT09": 0, "QTLEIT19": 0, "QTLEIT20": 0, "QTLEIT21": 0, "QTLEIT22": 0, "QTLEIT23": 0, "QTLEIT32": 0, "QTLEIT34": 0, "QTLEIT38": 0, "QTLEIT39": 0, "QTLEIT40": 0, "CENTRNEO": "0", "ATENDHOS": "0", "SERAP01P": "1", "SERAP01T": "0", "SERAP02P": "0", "SERAP02T": "0", "SERAP03P": "0", "SERAP03T": "0", "SERAP04P": "0", "SERAP04T": "0", "SERAP05P": "0", "SERAP05T": "0", "SERAP06P": "0", "SERAP06T": "0", "SERAP07P": "0", "SERAP07T": "0", "SERAP08P": "0", "SERAP08T": "0", "SERAP09P": "0", "SERAP09T": "0", "SERAP10P": "0", "SERAP10T": "0", "SERAP11P": "0", "SERAP11T": "0", "SERAPOIO": "1", "RES_BIOL": "0", "RES_QUIM": "0", "RES_RADI": "0", "RES_COMU": "0", "COLETRES": "0", "COMISS01": "0", "COMISS02": "0", "COMISS03": "0", "COMISS04": "0", "COMISS05": "0", "COMISS06": "0", "COMISS07": "0", "COMISS08": "0", "COMISS09": "0", "COMISS10": "0", "COMISS11": "0", "COMISS12": "0", "COMISSAO": "0", "AP01CV01": "0", "AP01CV02": "0", "AP01CV03": "0", "AP01CV04": "0", "AP01CV05": "0", "AP01CV06": "0", "AP01CV07": "0", "AP02CV01": "1", "AP02CV02": "0", "AP02CV03": "0", "AP02CV04": "0", "AP02CV05": "0", "AP02CV06": "0", "AP02CV07": "0", "AP03CV01": "0", "AP03CV02": "0", "AP03CV03": "0", "AP03CV04": "0", "AP03CV05": "0", "AP03CV06": "0", "AP03CV07": "0", "AP04CV01": "0", "AP04CV02": "0", "AP04CV03": "0", "AP04CV04": "0", "AP04CV05": "0", "AP04CV06": "0", "AP04CV07": "0", "AP05CV01": "0", "AP05CV02": "0", "AP05CV03": "0", "AP05CV04": "0", "AP05CV05": "0", "AP05CV06": "0", "AP05CV07": "0", "AP06CV01": "0", "AP06CV02": "0", "AP06CV03": "0", "AP06CV04": "0", "AP06CV05": "0", "AP06CV06": "0", "AP06CV07": "0", "AP07CV01": "0", "AP07CV02": "0", "AP07CV03": "0", "AP07CV04": "0", "AP07CV05": "0", "AP07CV06": "0", "AP07CV07": "0", "ATEND_PR": "1", "DT_ATUAL": "202602", "COMPETEN": "202601", "NAT_JUR": "1244", "nome": "UNIDADE DE SAUDE BASICA DA LAGOA", "lat": null, "long": null, "categoria": "saude", "subtipo": "" }, "geometry": { "type": "Point", "coordinates": [ 0.0, 0.0 ] } },
{ "type": "Feature", "properties": { "CNES": "2502356", "CODUFMUN": "411070", "COD_CEP": "84504525", "CPF_CNPJ": "00000000000000", "PF_PJ": "3", "NIV_DEP": "3", "CNPJ_MAN": "75654574000182", "COD_IR": null, "REGSAUDE": "04", "MICR_REG": null, "DISTRSAN": null, "DISTRADM": null, "VINC_SUS": "1", "TPGESTAO": "M", "ESFERA_A": "M", "RETENCAO": null, "ATIVIDAD": "04", "NATUREZA": null, "CLIENTEL": "01", "TP_UNID": "01", "TURNO_AT": "03", "NIV_HIER": null, "TP_PREST": "99", "CO_BANCO": null, "CO_AGENC": null, "C_CORREN": null, "CONTRATM": null, "DT_PUBLM": null, "CONTRATE": null, "DT_PUBLE": null, "ALVARA": "287", "DT_EXPED": "20010501", "ORGEXPED": "2", "AV_ACRED": null, "CLASAVAL": null, "DT_ACRED": null, "AV_PNASS": null, "DT_PNASS": null, "GESPRG1E": "0", "GESPRG1M": "1", "GESPRG2E": "0", "GESPRG2M": "0", "GESPRG4E": "0", "GESPRG4M": "0", "NIVATE_A": "1", "GESPRG3E": "0", "GESPRG3M": "0", "GESPRG5E": "0", "GESPRG5M": "0", "GESPRG6E": "0", "GESPRG6M": "0", "NIVATE_H": "0", "QTLEITP1": 0, "QTLEITP2": 0, "QTLEITP3": 0, "LEITHOSP": "0", "QTINST01": 0, "QTINST02": 0, "QTINST03": 0, "QTINST04": 0, "QTINST05": 0, "QTINST06": 0, "QTINST07": 0, "QTINST08": 0, "QTINST09": 0, "QTINST10": 0, "QTINST11": 0, "QTINST12": 0, "QTINST13": 0, "QTINST14": 0, "URGEMERG": "0", "QTINST15": 1, "QTINST16": 0, "QTINST17": 0, "QTINST18": 0, "QTINST19": 0, "QTINST20": 0, "QTINST21": 0, "QTINST22": 0, "QTINST23": 1, "QTINST24": 0, "QTINST25": 0, "QTINST26": 0, "QTINST27": 0, "QTINST28": 0, "QTINST29": 0, "QTINST30": 0, "ATENDAMB": "1", "QTINST31": 0, "QTINST32": 0, "QTINST33": 0, "CENTRCIR": "0", "QTINST34": 0, "QTINST35": 0, "QTINST36": 0, "QTINST37": 0, "CENTROBS": "0", "QTLEIT05": 0, "QTLEIT06": 0, "QTLEIT07": 0, "QTLEIT08": 0, "QTLEIT09": 0, "QTLEIT19": 0, "QTLEIT20": 0, "QTLEIT21": 0, "QTLEIT22": 0, "QTLEIT23": 0, "QTLEIT32": 0, "QTLEIT34": 0, "QTLEIT38": 0, "QTLEIT39": 0, "QTLEIT40": 0, "CENTRNEO": "0", "ATENDHOS": "0", "SERAP01P": "1", "SERAP01T": "0", "SERAP02P": "0", "SERAP02T": "0", "SERAP03P": "0", "SERAP03T": "0", "SERAP04P": "0", "SERAP04T": "0", "SERAP05P": "0", "SERAP05T": "0", "SERAP06P": "0", "SERAP06T": "0", "SERAP07P": "0", "SERAP07T": "0", "SERAP08P": "0", "SERAP08T": "0", "SERAP09P": "0", "SERAP09T": "0", "SERAP10P": "0", "SERAP10T": "0", "SERAP11P": "0", "SERAP11T": "0", "SERAPOIO": "1", "RES_BIOL": "0", "RES_QUIM": "0", "RES_RADI": "0", "RES_COMU": "0", "COLETRES": "0", "COMISS01": "0", "COMISS02": "0", "COMISS03": "0", "COMISS04": "0", "COMISS05": "0", "COMISS06": "0", "COMISS07": "0", "COMISS08": "0", "COMISS09": "0", "COMISS10": "0", "COMISS11": "0", "COMISS12": "0", "COMISSAO": "0", "AP01CV01": "0", "AP01CV02": "0", "AP01CV03": "0", "AP01CV04": "0", "AP01CV05": "0", "AP01CV06": "0", "AP01CV07": "0", "AP02CV01": "1", "AP02CV02": "0", "AP02CV03": "0", "AP02CV04": "0", "AP02CV05": "0", "AP02CV06": "0", "AP02CV07": "0", "AP03CV01": "0", "AP03CV02": "0", "AP03CV03": "0", "AP03CV04": "0", "AP03CV05": "0", "AP03CV06": "0", "AP03CV07": "0", "AP04CV01": "0", "AP04CV02": "0", "AP04CV03": "0", "AP04CV04": "0", "AP04CV05": "0", "AP04CV06": "0", "AP04CV07": "0", "AP05CV01": "0", "AP05CV02": "0", "AP05CV03": "0", "AP05CV04": "0", "AP05CV05": "0", "AP05CV06": "0", "AP05CV07": "0", "AP06CV01": "0", "AP06CV02": "0", "AP06CV03": "0", "AP06CV04": "0", "AP06CV05": "0", "AP06CV06": "0", "AP06CV07": "0", "AP07CV01": "0", "AP07CV02": "0", "AP07CV03": "0", "AP07CV04": "0", "AP07CV05": "0", "AP07CV06": "0", "AP07CV07": "0", "ATEND_PR": "1", "DT_ATUAL": "202504", "COMPETEN": "202601", "NAT_JUR": "1244", "nome": "POSTO DE SAUDE ALTO DA LAGOA", "lat": null, "long": null, "categoria": "saude", "subtipo": "" }, "geometry": { "type": "Point", "coordinates": [ 0.0, 0.0 ] } },
{ "type": "Feature", "properties": { "CNES": "2502364", "CODUFMUN": "411070", "COD_CEP": "84503368", "CPF_CNPJ": "00000000000000", "PF_PJ": "3", "NIV_DEP": "3", "CNPJ_MAN": "75654574000182", "COD_IR": null, "REGSAUDE": "04", "MICR_REG": null, "DISTRSAN": null, "DISTRADM": null, "VINC_SUS": "1", "TPGESTAO": "M", "ESFERA_A": "M", "RETENCAO": null, "ATIVIDAD": "04", "NATUREZA": null, "CLIENTEL": "01", "TP_UNID": "02", "TURNO_AT": "03", "NIV_HIER": null, "TP_PREST": "99", "CO_BANCO": null, "CO_AGENC": null, "C_CORREN": null, "CONTRATM": null, "DT_PUBLM": null, "CONTRATE": null, "DT_PUBLE": null, "ALVARA": "301", "DT_EXPED": "20010501", "ORGEXPED": "2", "AV_ACRED": null, "CLASAVAL": null, "DT_ACRED": null, "AV_PNASS": null, "DT_PNASS": null, "GESPRG1E": "0", "GESPRG1M": "1", "GESPRG2E": "0", "GESPRG2M": "0", "GESPRG4E": "0", "GESPRG4M": "0", "NIVATE_A": "1", "GESPRG3E": "0", "GESPRG3M": "0", "GESPRG5E": "0", "GESPRG5M": "0", "GESPRG6E": "0", "GESPRG6M": "0", "NIVATE_H": "0", "QTLEITP1": 0, "QTLEITP2": 0, "QTLEITP3": 0, "LEITHOSP": "0", "QTINST01": 0, "QTINST02": 0, "QTINST03": 0, "QTINST04": 0, "QTINST05": 0, "QTINST06": 0, "QTINST07": 0, "QTINST08": 0, "QTINST09": 0, "QTINST10": 0, "QTINST11": 0, "QTINST12": 0, "QTINST13": 0, "QTINST14": 0, "URGEMERG": "0", "QTINST15": 2, "QTINST16": 0, "QTINST17": 0, "QTINST18": 0, "QTINST19": 0, "QTINST20": 0, "QTINST21": 0, "QTINST22": 0, "QTINST23": 1, "QTINST24": 0, "QTINST25": 0, "QTINST26": 1, "QTINST27": 1, "QTINST28": 0, "QTINST29": 1, "QTINST30": 0, "ATENDAMB": "1", "QTINST31": 0, "QTINST32": 0, "QTINST33": 0, "CENTRCIR": "0", "QTINST34": 0, "QTINST35": 0, "QTINST36": 0, "QTINST37": 0, "CENTROBS": "0", "QTLEIT05": 0, "QTLEIT06": 0, "QTLEIT07": 0, "QTLEIT08": 0, "QTLEIT09": 0, "QTLEIT19": 0, "QTLEIT20": 0, "QTLEIT21": 0, "QTLEIT22": 0, "QTLEIT23": 0, "QTLEIT32": 0, "QTLEIT34": 0, "QTLEIT38": 0, "QTLEIT39": 0, "QTLEIT40": 0, "CENTRNEO": "0", "ATENDHOS": "0", "SERAP01P": "1", "SERAP01T": "0", "SERAP02P": "0", "SERAP02T": "0", "SERAP03P": "0", "SERAP03T": "0", "SERAP04P": "0", "SERAP04T": "0", "SERAP05P": "0", "SERAP05T": "0", "SERAP06P": "0", "SERAP06T": "0", "SERAP07P": "0", "SERAP07T": "0", "SERAP08P": "0", "SERAP08T": "0", "SERAP09P": "0", "SERAP09T": "0", "SERAP10P": "0", "SERAP10T": "0", "SERAP11P": "0", "SERAP11T": "0", "SERAPOIO": "1", "RES_BIOL": "0", "RES_QUIM": "0", "RES_RADI": "0", "RES_COMU": "1", "COLETRES": "1", "COMISS01": "0", "COMISS02": "0", "COMISS03": "0", "COMISS04": "0", "COMISS05": "0", "COMISS06": "0", "COMISS07": "0", "COMISS08": "0", "COMISS09": "0", "COMISS10": "0", "COMISS11": "0", "COMISS12": "0", "COMISSAO": "0", "AP01CV01": "0", "AP01CV02": "0", "AP01CV03": "0", "AP01CV04": "0", "AP01CV05": "0", "AP01CV06": "0", "AP01CV07": "0", "AP02CV01": "1", "AP02CV02": "0", "AP02CV03": "0", "AP02CV04": "0", "AP02CV05": "0", "AP02CV06": "0", "AP02CV07": "0", "AP03CV01": "0", "AP03CV02": "0", "AP03CV03": "0", "AP03CV04": "0", "AP03CV05": "0", "AP03CV06": "0", "AP03CV07": "0", "AP04CV01": "0", "AP04CV02": "0", "AP04CV03": "0", "AP04CV04": "0", "AP04CV05": "0", "AP04CV06": "0", "AP04CV07": "0", "AP05CV01": "0", "AP05CV02": "0", "AP05CV03": "0", "AP05CV04": "0", "AP05CV05": "0", "AP05CV06": "0", "AP05CV07": "0", "AP06CV01": "0", "AP06CV02": "0", "AP06CV03": "0", "AP06CV04": "0", "AP06CV05": "0", "AP06CV06": "0", "AP06CV07": "0", "AP07CV01": "0", "AP07CV02": "0", "AP07CV03": "0", "AP07CV04": "0", "AP07CV05": "0", "AP07CV06": "0", "AP07CV07": "0", "ATEND_PR": "1", "DT_ATUAL": "202511", "COMPETEN": "202601", "NAT_JUR": "1244", "nome": "UNIDADE BASICA DE SAUDE DA VILA SAO JOAO", "lat": -25.496510860923173, "long": -50.647002970749959, "categoria": "saude", "subtipo": "" }, "geometry": { "type": "Point", "coordinates": [ -50.647002970749959, -25.496510860923173 ] } },
{ "type": "Feature", "properties": { "CNES": "2502372", "CODUFMUN": "411070", "COD_CEP": "84505671", "CPF_CNPJ": "00000000000000", "PF_PJ": "3", "NIV_DEP": "3", "CNPJ_MAN": "75654574000182", "COD_IR": null, "REGSAUDE": "04", "MICR_REG": null, "DISTRSAN": null, "DISTRADM": null, "VINC_SUS": "1", "TPGESTAO": "M", "ESFERA_A": "M", "RETENCAO": null, "ATIVIDAD": "04", "NATUREZA": null, "CLIENTEL": "01", "TP_UNID": "02", "TURNO_AT": "03", "NIV_HIER": null, "TP_PREST": "99", "CO_BANCO": null, "CO_AGENC": null, "C_CORREN": null, "CONTRATM": null, "DT_PUBLM": null, "CONTRATE": null, "DT_PUBLE": null, "ALVARA": "291", "DT_EXPED": "20010501", "ORGEXPED": "2", "AV_ACRED": null, "CLASAVAL": null, "DT_ACRED": null, "AV_PNASS": null, "DT_PNASS": null, "GESPRG1E": "0", "GESPRG1M": "1", "GESPRG2E": "0", "GESPRG2M": "0", "GESPRG4E": "0", "GESPRG4M": "0", "NIVATE_A": "1", "GESPRG3E": "0", "GESPRG3M": "0", "GESPRG5E": "0", "GESPRG5M": "0", "GESPRG6E": "0", "GESPRG6M": "0", "NIVATE_H": "0", "QTLEITP1": 0, "QTLEITP2": 0, "QTLEITP3": 0, "LEITHOSP": "0", "QTINST01": 0, "QTINST02": 0, "QTINST03": 0, "QTINST04": 0, "QTINST05": 0, "QTINST06": 0, "QTINST07": 0, "QTINST08": 0, "QTINST09": 0, "QTINST10": 0, "QTINST11": 0, "QTINST12": 0, "QTINST13": 0, "QTINST14": 0, "URGEMERG": "0", "QTINST15": 1, "QTINST16": 0, "QTINST17": 0, "QTINST18": 0, "QTINST19": 0, "QTINST20": 0, "QTINST21": 0, "QTINST22": 0, "QTINST23": 1, "QTINST24": 0, "QTINST25": 0, "QTINST26": 1, "QTINST27": 0, "QTINST28": 0, "QTINST29": 1, "QTINST30": 0, "ATENDAMB": "1", "QTINST31": 0, "QTINST32": 0, "QTINST33": 0, "CENTRCIR": "0", "QTINST34": 0, "QTINST35": 0, "QTINST36": 0, "QTINST37": 0, "CENTROBS": "0", "QTLEIT05": 0, "QTLEIT06": 0, "QTLEIT07": 0, "QTLEIT08": 0, "QTLEIT09": 0, "QTLEIT19": 0, "QTLEIT20": 0, "QTLEIT21": 0, "QTLEIT22": 0, "QTLEIT23": 0, "QTLEIT32": 0, "QTLEIT34": 0, "QTLEIT38": 0, "QTLEIT39": 0, "QTLEIT40": 0, "CENTRNEO": "0", "ATENDHOS": "0", "SERAP01P": "1", "SERAP01T": "0", "SERAP02P": "0", "SERAP02T": "0", "SERAP03P": "0", "SERAP03T": "0", "SERAP04P": "0", "SERAP04T": "0", "SERAP05P": "0", "SERAP05T": "0", "SERAP06P": "0", "SERAP06T": "0", "SERAP07P": "0", "SERAP07T": "0", "SERAP08P": "0", "SERAP08T": "0", "SERAP09P": "0", "SERAP09T": "0", "SERAP10P": "0", "SERAP10T": "0", "SERAP11P": "0", "SERAP11T": "0", "SERAPOIO": "1", "RES_BIOL": "0", "RES_QUIM": "0", "RES_RADI": "0", "RES_COMU": "1", "COLETRES": "1", "COMISS01": "0", "COMISS02": "0", "COMISS03": "0", "COMISS04": "0", "COMISS05": "0", "COMISS06": "0", "COMISS07": "0", "COMISS08": "0", "COMISS09": "0", "COMISS10": "0", "COMISS11": "0", "COMISS12": "0", "COMISSAO": "0", "AP01CV01": "0", "AP01CV02": "0", "AP01CV03": "0", "AP01CV04": "0", "AP01CV05": "0", "AP01CV06": "0", "AP01CV07": "0", "AP02CV01": "1", "AP02CV02": "0", "AP02CV03": "0", "AP02CV04": "0", "AP02CV05": "0", "AP02CV06": "0", "AP02CV07": "0", "AP03CV01": "0", "AP03CV02": "0", "AP03CV03": "0", "AP03CV04": "0", "AP03CV05": "0", "AP03CV06": "0", "AP03CV07": "0", "AP04CV01": "0", "AP04CV02": "0", "AP04CV03": "0", "AP04CV04": "0", "AP04CV05": "0", "AP04CV06": "0", "AP04CV07": "0", "AP05CV01": "0", "AP05CV02": "0", "AP05CV03": "0", "AP05CV04": "0", "AP05CV05": "0", "AP05CV06": "0", "AP05CV07": "0", "AP06CV01": "0", "AP06CV02": "0", "AP06CV03": "0", "AP06CV04": "0", "AP06CV05": "0", "AP06CV06": "0", "AP06CV07": "0", "AP07CV01": "0", "AP07CV02": "0", "AP07CV03": "0", "AP07CV04": "0", "AP07CV05": "0", "AP07CV06": "0", "AP07CV07": "0", "ATEND_PR": "1", "DT_ATUAL": "202511", "COMPETEN": "202601", "NAT_JUR": "1244", "nome": "UNIDADE BASICA DE SAUDE DO RIOZINHO", "lat": null, "long": null, "categoria": "saude", "subtipo": "" }, "geometry": { "type": "Point", "coordinates": [ 0.0, 0.0 ] } },
{ "type": "Feature", "properties": { "CNES": "2502380", "CODUFMUN": "411070", "COD_CEP": "84500054", "CPF_CNPJ": "00000000000000", "PF_PJ": "3", "NIV_DEP": "3", "CNPJ_MAN": "75654574000182", "COD_IR": null, "REGSAUDE": "04", "MICR_REG": null, "DISTRSAN": null, "DISTRADM": null, "VINC_SUS": "1", "TPGESTAO": "M", "ESFERA_A": "M", "RETENCAO": null, "ATIVIDAD": "04", "NATUREZA": null, "CLIENTEL": "01", "TP_UNID": "01", "TURNO_AT": "03", "NIV_HIER": null, "TP_PREST": "99", "CO_BANCO": null, "CO_AGENC": null, "C_CORREN": null, "CONTRATM": null, "DT_PUBLM": null, "CONTRATE": null, "DT_PUBLE": null, "ALVARA": "292", "DT_EXPED": "20010501", "ORGEXPED": "2", "AV_ACRED": null, "CLASAVAL": null, "DT_ACRED": null, "AV_PNASS": null, "DT_PNASS": null, "GESPRG1E": "0", "GESPRG1M": "1", "GESPRG2E": "0", "GESPRG2M": "0", "GESPRG4E": "0", "GESPRG4M": "0", "NIVATE_A": "1", "GESPRG3E": "0", "GESPRG3M": "0", "GESPRG5E": "0", "GESPRG5M": "0", "GESPRG6E": "0", "GESPRG6M": "0", "NIVATE_H": "0", "QTLEITP1": 0, "QTLEITP2": 0, "QTLEITP3": 0, "LEITHOSP": "0", "QTINST01": 0, "QTINST02": 0, "QTINST03": 0, "QTINST04": 0, "QTINST05": 0, "QTINST06": 0, "QTINST07": 0, "QTINST08": 0, "QTINST09": 0, "QTINST10": 0, "QTINST11": 0, "QTINST12": 0, "QTINST13": 0, "QTINST14": 0, "URGEMERG": "0", "QTINST15": 1, "QTINST16": 0, "QTINST17": 0, "QTINST18": 0, "QTINST19": 0, "QTINST20": 0, "QTINST21": 0, "QTINST22": 0, "QTINST23": 0, "QTINST24": 0, "QTINST25": 0, "QTINST26": 1, "QTINST27": 0, "QTINST28": 0, "QTINST29": 0, "QTINST30": 0, "ATENDAMB": "1", "QTINST31": 0, "QTINST32": 0, "QTINST33": 0, "CENTRCIR": "0", "QTINST34": 0, "QTINST35": 0, "QTINST36": 0, "QTINST37": 0, "CENTROBS": "0", "QTLEIT05": 0, "QTLEIT06": 0, "QTLEIT07": 0, "QTLEIT08": 0, "QTLEIT09": 0, "QTLEIT19": 0, "QTLEIT20": 0, "QTLEIT21": 0, "QTLEIT22": 0, "QTLEIT23": 0, "QTLEIT32": 0, "QTLEIT34": 0, "QTLEIT38": 0, "QTLEIT39": 0, "QTLEIT40": 0, "CENTRNEO": "0", "ATENDHOS": "0", "SERAP01P": "1", "SERAP01T": "0", "SERAP02P": "0", "SERAP02T": "0", "SERAP03P": "0", "SERAP03T": "0", "SERAP04P": "0", "SERAP04T": "0", "SERAP05P": "0", "SERAP05T": "0", "SERAP06P": "0", "SERAP06T": "0", "SERAP07P": "0", "SERAP07T": "0", "SERAP08P": "0", "SERAP08T": "0", "SERAP09P": "0", "SERAP09T": "0", "SERAP10P": "0", "SERAP10T": "0", "SERAP11P": "0", "SERAP11T": "0", "SERAPOIO": "1", "RES_BIOL": "0", "RES_QUIM": "0", "RES_RADI": "0", "RES_COMU": "0", "COLETRES": "0", "COMISS01": "0", "COMISS02": "0", "COMISS03": "0", "COMISS04": "0", "COMISS05": "0", "COMISS06": "0", "COMISS07": "0", "COMISS08": "0", "COMISS09": "0", "COMISS10": "0", "COMISS11": "0", "COMISS12": "0", "COMISSAO": "0", "AP01CV01": "0", "AP01CV02": "0", "AP01CV03": "0", "AP01CV04": "0", "AP01CV05": "0", "AP01CV06": "0", "AP01CV07": "0", "AP02CV01": "1", "AP02CV02": "0", "AP02CV03": "0", "AP02CV04": "0", "AP02CV05": "0", "AP02CV06": "0", "AP02CV07": "0", "AP03CV01": "0", "AP03CV02": "0", "AP03CV03": "0", "AP03CV04": "0", "AP03CV05": "0", "AP03CV06": "0", "AP03CV07": "0", "AP04CV01": "0", "AP04CV02": "0", "AP04CV03": "0", "AP04CV04": "0", "AP04CV05": "0", "AP04CV06": "0", "AP04CV07": "0", "AP05CV01": "0", "AP05CV02": "0", "AP05CV03": "0", "AP05CV04": "0", "AP05CV05": "0", "AP05CV06": "0", "AP05CV07": "0", "AP06CV01": "0", "AP06CV02": "0", "AP06CV03": "0", "AP06CV04": "0", "AP06CV05": "0", "AP06CV06": "0", "AP06CV07": "0", "AP07CV01": "0", "AP07CV02": "0", "AP07CV03": "0", "AP07CV04": "0", "AP07CV05": "0", "AP07CV06": "0", "AP07CV07": "0", "ATEND_PR": "1", "DT_ATUAL": "202504", "COMPETEN": "202601", "NAT_JUR": "1244", "nome": "POSTO DE SAUDE MONJOLO", "lat": null, "long": null, "categoria": "saude", "subtipo": "" }, "geometry": { "type": "Point", "coordinates": [ 0.0, 0.0 ] } },
{ "type": "Feature", "properties": { "CNES": "2503158", "CODUFMUN": "411070", "COD_CEP": "84500054", "CPF_CNPJ": "00000000000000", "PF_PJ": "3", "NIV_DEP": "3", "CNPJ_MAN": "75654574000182", "COD_IR": null, "REGSAUDE": "04", "MICR_REG": null, "DISTRSAN": null, "DISTRADM": null, "VINC_SUS": "1", "TPGESTAO": "M", "ESFERA_A": "M", "RETENCAO": null, "ATIVIDAD": "04", "NATUREZA": null, "CLIENTEL": "01", "TP_UNID": "01", "TURNO_AT": "03", "NIV_HIER": null, "TP_PREST": "99", "CO_BANCO": null, "CO_AGENC": null, "C_CORREN": null, "CONTRATM": null, "DT_PUBLM": null, "CONTRATE": null, "DT_PUBLE": null, "ALVARA": null, "DT_EXPED": null, "ORGEXPED": null, "AV_ACRED": null, "CLASAVAL": null, "DT_ACRED": null, "AV_PNASS": null, "DT_PNASS": null, "GESPRG1E": "0", "GESPRG1M": "1", "GESPRG2E": "0", "GESPRG2M": "0", "GESPRG4E": "0", "GESPRG4M": "0", "NIVATE_A": "1", "GESPRG3E": "0", "GESPRG3M": "0", "GESPRG5E": "0", "GESPRG5M": "0", "GESPRG6E": "0", "GESPRG6M": "0", "NIVATE_H": "0", "QTLEITP1": 0, "QTLEITP2": 0, "QTLEITP3": 0, "LEITHOSP": "0", "QTINST01": 0, "QTINST02": 0, "QTINST03": 0, "QTINST04": 0, "QTINST05": 0, "QTINST06": 0, "QTINST07": 0, "QTINST08": 0, "QTINST09": 0, "QTINST10": 0, "QTINST11": 0, "QTINST12": 0, "QTINST13": 0, "QTINST14": 0, "URGEMERG": "0", "QTINST15": 1, "QTINST16": 0, "QTINST17": 0, "QTINST18": 0, "QTINST19": 0, "QTINST20": 0, "QTINST21": 0, "QTINST22": 0, "QTINST23": 0, "QTINST24": 0, "QTINST25": 0, "QTINST26": 0, "QTINST27": 1, "QTINST28": 0, "QTINST29": 0, "QTINST30": 0, "ATENDAMB": "1", "QTINST31": 0, "QTINST32": 0, "QTINST33": 0, "CENTRCIR": "0", "QTINST34": 0, "QTINST35": 0, "QTINST36": 0, "QTINST37": 0, "CENTROBS": "0", "QTLEIT05": 0, "QTLEIT06": 0, "QTLEIT07": 0, "QTLEIT08": 0, "QTLEIT09": 0, "QTLEIT19": 0, "QTLEIT20": 0, "QTLEIT21": 0, "QTLEIT22": 0, "QTLEIT23": 0, "QTLEIT32": 0, "QTLEIT34": 0, "QTLEIT38": 0, "QTLEIT39": 0, "QTLEIT40": 0, "CENTRNEO": "0", "ATENDHOS": "0", "SERAP01P": "1", "SERAP01T": "0", "SERAP02P": "0", "SERAP02T": "0", "SERAP03P": "0", "SERAP03T": "0", "SERAP04P": "0", "SERAP04T": "0", "SERAP05P": "0", "SERAP05T": "0", "SERAP06P": "0", "SERAP06T": "0", "SERAP07P": "0", "SERAP07T": "0", "SERAP08P": "0", "SERAP08T": "0", "SERAP09P": "0", "SERAP09T": "0", "SERAP10P": "0", "SERAP10T": "0", "SERAP11P": "0", "SERAP11T": "0", "SERAPOIO": "1", "RES_BIOL": "0", "RES_QUIM": "0", "RES_RADI": "0", "RES_COMU": "0", "COLETRES": "0", "COMISS01": "0", "COMISS02": "0", "COMISS03": "0", "COMISS04": "0", "COMISS05": "0", "COMISS06": "0", "COMISS07": "0", "COMISS08": "0", "COMISS09": "0", "COMISS10": "0", "COMISS11": "0", "COMISS12": "0", "COMISSAO": "0", "AP01CV01": "0", "AP01CV02": "0", "AP01CV03": "0", "AP01CV04": "0", "AP01CV05": "0", "AP01CV06": "0", "AP01CV07": "0", "AP02CV01": "1", "AP02CV02": "0", "AP02CV03": "0", "AP02CV04": "0", "AP02CV05": "0", "AP02CV06": "0", "AP02CV07": "0", "AP03CV01": "0", "AP03CV02": "0", "AP03CV03": "0", "AP03CV04": "0", "AP03CV05": "0", "AP03CV06": "0", "AP03CV07": "0", "AP04CV01": "0", "AP04CV02": "0", "AP04CV03": "0", "AP04CV04": "0", "AP04CV05": "0", "AP04CV06": "0", "AP04CV07": "0", "AP05CV01": "0", "AP05CV02": "0", "AP05CV03": "0", "AP05CV04": "0", "AP05CV05": "0", "AP05CV06": "0", "AP05CV07": "0", "AP06CV01": "0", "AP06CV02": "0", "AP06CV03": "0", "AP06CV04": "0", "AP06CV05": "0", "AP06CV06": "0", "AP06CV07": "0", "AP07CV01": "0", "AP07CV02": "0", "AP07CV03": "0", "AP07CV04": "0", "AP07CV05": "0", "AP07CV06": "0", "AP07CV07": "0", "ATEND_PR": "1", "DT_ATUAL": "202504", "COMPETEN": "202601", "NAT_JUR": "1244", "nome": "\tPOSTO DE SAUDE RIO DO COURO", "lat": null, "long": null, "categoria": "saude", "subtipo": "" }, "geometry": { "type": "Point", "coordinates": [ 0.0, 0.0 ] } },
{ "type": "Feature", "properties": { "CNES": "2503166", "CODUFMUN": "411070", "COD_CEP": "84500054", "CPF_CNPJ": "00000000000000", "PF_PJ": "3", "NIV_DEP": "3", "CNPJ_MAN": "75654574000182", "COD_IR": null, "REGSAUDE": "04", "MICR_REG": null, "DISTRSAN": null, "DISTRADM": null, "VINC_SUS": "1", "TPGESTAO": "M", "ESFERA_A": "M", "RETENCAO": null, "ATIVIDAD": "04", "NATUREZA": null, "CLIENTEL": "01", "TP_UNID": "01", "TURNO_AT": "03", "NIV_HIER": null, "TP_PREST": "99", "CO_BANCO": null, "CO_AGENC": null, "C_CORREN": null, "CONTRATM": null, "DT_PUBLM": null, "CONTRATE": null, "DT_PUBLE": null, "ALVARA": "303", "DT_EXPED": "20010501", "ORGEXPED": "2", "AV_ACRED": null, "CLASAVAL": null, "DT_ACRED": null, "AV_PNASS": null, "DT_PNASS": null, "GESPRG1E": "0", "GESPRG1M": "1", "GESPRG2E": "0", "GESPRG2M": "0", "GESPRG4E": "0", "GESPRG4M": "0", "NIVATE_A": "1", "GESPRG3E": "0", "GESPRG3M": "0", "GESPRG5E": "0", "GESPRG5M": "0", "GESPRG6E": "0", "GESPRG6M": "0", "NIVATE_H": "0", "QTLEITP1": 0, "QTLEITP2": 0, "QTLEITP3": 0, "LEITHOSP": "0", "QTINST01": 0, "QTINST02": 0, "QTINST03": 0, "QTINST04": 0, "QTINST05": 0, "QTINST06": 0, "QTINST07": 0, "QTINST08": 0, "QTINST09": 0, "QTINST10": 0, "QTINST11": 0, "QTINST12": 0, "QTINST13": 0, "QTINST14": 0, "URGEMERG": "0", "QTINST15": 1, "QTINST16": 0, "QTINST17": 0, "QTINST18": 0, "QTINST19": 0, "QTINST20": 0, "QTINST21": 0, "QTINST22": 0, "QTINST23": 0, "QTINST24": 0, "QTINST25": 0, "QTINST26": 1, "QTINST27": 0, "QTINST28": 0, "QTINST29": 1, "QTINST30": 0, "ATENDAMB": "1", "QTINST31": 0, "QTINST32": 0, "QTINST33": 0, "CENTRCIR": "0", "QTINST34": 0, "QTINST35": 0, "QTINST36": 0, "QTINST37": 0, "CENTROBS": "0", "QTLEIT05": 0, "QTLEIT06": 0, "QTLEIT07": 0, "QTLEIT08": 0, "QTLEIT09": 0, "QTLEIT19": 0, "QTLEIT20": 0, "QTLEIT21": 0, "QTLEIT22": 0, "QTLEIT23": 0, "QTLEIT32": 0, "QTLEIT34": 0, "QTLEIT38": 0, "QTLEIT39": 0, "QTLEIT40": 0, "CENTRNEO": "0", "ATENDHOS": "0", "SERAP01P": "1", "SERAP01T": "0", "SERAP02P": "0", "SERAP02T": "0", "SERAP03P": "0", "SERAP03T": "0", "SERAP04P": "0", "SERAP04T": "0", "SERAP05P": "0", "SERAP05T": "0", "SERAP06P": "0", "SERAP06T": "0", "SERAP07P": "0", "SERAP07T": "0", "SERAP08P": "0", "SERAP08T": "0", "SERAP09P": "0", "SERAP09T": "0", "SERAP10P": "0", "SERAP10T": "0", "SERAP11P": "0", "SERAP11T": "0", "SERAPOIO": "1", "RES_BIOL": "0", "RES_QUIM": "0", "RES_RADI": "0", "RES_COMU": "0", "COLETRES": "0", "COMISS01": "0", "COMISS02": "0", "COMISS03": "0", "COMISS04": "0", "COMISS05": "0", "COMISS06": "0", "COMISS07": "0", "COMISS08": "0", "COMISS09": "0", "COMISS10": "0", "COMISS11": "0", "COMISS12": "0", "COMISSAO": "0", "AP01CV01": "0", "AP01CV02": "0", "AP01CV03": "0", "AP01CV04": "0", "AP01CV05": "0", "AP01CV06": "0", "AP01CV07": "0", "AP02CV01": "1", "AP02CV02": "0", "AP02CV03": "0", "AP02CV04": "0", "AP02CV05": "0", "AP02CV06": "0", "AP02CV07": "0", "AP03CV01": "0", "AP03CV02": "0", "AP03CV03": "0", "AP03CV04": "0", "AP03CV05": "0", "AP03CV06": "0", "AP03CV07": "0", "AP04CV01": "0", "AP04CV02": "0", "AP04CV03": "0", "AP04CV04": "0", "AP04CV05": "0", "AP04CV06": "0", "AP04CV07": "0", "AP05CV01": "0", "AP05CV02": "0", "AP05CV03": "0", "AP05CV04": "0", "AP05CV05": "0", "AP05CV06": "0", "AP05CV07": "0", "AP06CV01": "0", "AP06CV02": "0", "AP06CV03": "0", "AP06CV04": "0", "AP06CV05": "0", "AP06CV06": "0", "AP06CV07": "0", "AP07CV01": "0", "AP07CV02": "0", "AP07CV03": "0", "AP07CV04": "0", "AP07CV05": "0", "AP07CV06": "0", "AP07CV07": "0", "ATEND_PR": "1", "DT_ATUAL": "202504", "COMPETEN": "202601", "NAT_JUR": "1244", "nome": "POSTO DE SAUDE CERRO DA PONTE ALTA", "lat": null, "long": null, "categoria": "saude", "subtipo": "" }, "geometry": { "type": "Point", "coordinates": [ 0.0, 0.0 ] } },
{ "type": "Feature", "properties": { "CNES": "2503174", "CODUFMUN": "411070", "COD_CEP": "84509200", "CPF_CNPJ": "00000000000000", "PF_PJ": "3", "NIV_DEP": "3", "CNPJ_MAN": "75654574000182", "COD_IR": null, "REGSAUDE": "04", "MICR_REG": null, "DISTRSAN": null, "DISTRADM": null, "VINC_SUS": "1", "TPGESTAO": "M", "ESFERA_A": "M", "RETENCAO": null, "ATIVIDAD": "04", "NATUREZA": null, "CLIENTEL": "01", "TP_UNID": "01", "TURNO_AT": "03", "NIV_HIER": null, "TP_PREST": "99", "CO_BANCO": null, "CO_AGENC": null, "C_CORREN": null, "CONTRATM": null, "DT_PUBLM": null, "CONTRATE": null, "DT_PUBLE": null, "ALVARA": "290", "DT_EXPED": "20010501", "ORGEXPED": "2", "AV_ACRED": null, "CLASAVAL": null, "DT_ACRED": null, "AV_PNASS": null, "DT_PNASS": null, "GESPRG1E": "0", "GESPRG1M": "1", "GESPRG2E": "0", "GESPRG2M": "0", "GESPRG4E": "0", "GESPRG4M": "0", "NIVATE_A": "1", "GESPRG3E": "0", "GESPRG3M": "0", "GESPRG5E": "0", "GESPRG5M": "0", "GESPRG6E": "0", "GESPRG6M": "0", "NIVATE_H": "0", "QTLEITP1": 0, "QTLEITP2": 0, "QTLEITP3": 0, "LEITHOSP": "0", "QTINST01": 0, "QTINST02": 0, "QTINST03": 0, "QTINST04": 0, "QTINST05": 0, "QTINST06": 0, "QTINST07": 0, "QTINST08": 0, "QTINST09": 0, "QTINST10": 0, "QTINST11": 0, "QTINST12": 0, "QTINST13": 0, "QTINST14": 0, "URGEMERG": "0", "QTINST15": 1, "QTINST16": 0, "QTINST17": 0, "QTINST18": 0, "QTINST19": 0, "QTINST20": 0, "QTINST21": 0, "QTINST22": 0, "QTINST23": 1, "QTINST24": 0, "QTINST25": 0, "QTINST26": 1, "QTINST27": 0, "QTINST28": 0, "QTINST29": 1, "QTINST30": 0, "ATENDAMB": "1", "QTINST31": 0, "QTINST32": 0, "QTINST33": 0, "CENTRCIR": "0", "QTINST34": 0, "QTINST35": 0, "QTINST36": 0, "QTINST37": 0, "CENTROBS": "0", "QTLEIT05": 0, "QTLEIT06": 0, "QTLEIT07": 0, "QTLEIT08": 0, "QTLEIT09": 0, "QTLEIT19": 0, "QTLEIT20": 0, "QTLEIT21": 0, "QTLEIT22": 0, "QTLEIT23": 0, "QTLEIT32": 0, "QTLEIT34": 0, "QTLEIT38": 0, "QTLEIT39": 0, "QTLEIT40": 0, "CENTRNEO": "0", "ATENDHOS": "0", "SERAP01P": "1", "SERAP01T": "0", "SERAP02P": "0", "SERAP02T": "0", "SERAP03P": "0", "SERAP03T": "0", "SERAP04P": "0", "SERAP04T": "0", "SERAP05P": "0", "SERAP05T": "0", "SERAP06P": "0", "SERAP06T": "0", "SERAP07P": "0", "SERAP07T": "0", "SERAP08P": "0", "SERAP08T": "0", "SERAP09P": "0", "SERAP09T": "0", "SERAP10P": "0", "SERAP10T": "0", "SERAP11P": "0", "SERAP11T": "0", "SERAPOIO": "1", "RES_BIOL": "0", "RES_QUIM": "0", "RES_RADI": "0", "RES_COMU": "0", "COLETRES": "0", "COMISS01": "0", "COMISS02": "0", "COMISS03": "0", "COMISS04": "0", "COMISS05": "0", "COMISS06": "0", "COMISS07": "0", "COMISS08": "0", "COMISS09": "0", "COMISS10": "0", "COMISS11": "0", "COMISS12": "0", "COMISSAO": "0", "AP01CV01": "0", "AP01CV02": "0", "AP01CV03": "0", "AP01CV04": "0", "AP01CV05": "0", "AP01CV06": "0", "AP01CV07": "0", "AP02CV01": "1", "AP02CV02": "0", "AP02CV03": "0", "AP02CV04": "0", "AP02CV05": "0", "AP02CV06": "0", "AP02CV07": "0", "AP03CV01": "0", "AP03CV02": "0", "AP03CV03": "0", "AP03CV04": "0", "AP03CV05": "0", "AP03CV06": "0", "AP03CV07": "0", "AP04CV01": "0", "AP04CV02": "0", "AP04CV03": "0", "AP04CV04": "0", "AP04CV05": "0", "AP04CV06": "0", "AP04CV07": "0", "AP05CV01": "0", "AP05CV02": "0", "AP05CV03": "0", "AP05CV04": "0", "AP05CV05": "0", "AP05CV06": "0", "AP05CV07": "0", "AP06CV01": "0", "AP06CV02": "0", "AP06CV03": "0", "AP06CV04": "0", "AP06CV05": "0", "AP06CV06": "0", "AP06CV07": "0", "AP07CV01": "0", "AP07CV02": "0", "AP07CV03": "0", "AP07CV04": "0", "AP07CV05": "0", "AP07CV06": "0", "AP07CV07": "0", "ATEND_PR": "1", "DT_ATUAL": "202511", "COMPETEN": "202601", "NAT_JUR": "1244", "nome": "POSTO DE SAUDE ITAPARA", "lat": null, "long": null, "categoria": "saude", "subtipo": "" }, "geometry": { "type": "Point", "coordinates": [ 0.0, 0.0 ] } },
{ "type": "Feature", "properties": { "CNES": "2503220", "CODUFMUN": "411070", "COD_CEP": "84504458", "CPF_CNPJ": "00000000000000", "PF_PJ": "3", "NIV_DEP": "3", "CNPJ_MAN": "75654574000182", "COD_IR": null, "REGSAUDE": "04", "MICR_REG": null, "DISTRSAN": null, "DISTRADM": null, "VINC_SUS": "1", "TPGESTAO": "M", "ESFERA_A": "M", "RETENCAO": null, "ATIVIDAD": "04", "NATUREZA": null, "CLIENTEL": "01", "TP_UNID": "68", "TURNO_AT": "03", "NIV_HIER": null, "TP_PREST": "99", "CO_BANCO": null, "CO_AGENC": null, "C_CORREN": null, "CONTRATM": null, "DT_PUBLM": null, "CONTRATE": null, "DT_PUBLE": null, "ALVARA": "314", "DT_EXPED": "20010501", "ORGEXPED": "2", "AV_ACRED": null, "CLASAVAL": null, "DT_ACRED": null, "AV_PNASS": null, "DT_PNASS": null, "GESPRG1E": "0", "GESPRG1M": "0", "GESPRG2E": "0", "GESPRG2M": "1", "GESPRG4E": "0", "GESPRG4M": "1", "NIVATE_A": "1", "GESPRG3E": "0", "GESPRG3M": "0", "GESPRG5E": "0", "GESPRG5M": "0", "GESPRG6E": "0", "GESPRG6M": "0", "NIVATE_H": "0", "QTLEITP1": 0, "QTLEITP2": 0, "QTLEITP3": 0, "LEITHOSP": "0", "QTINST01": 0, "QTINST02": 0, "QTINST03": 0, "QTINST04": 0, "QTINST05": 0, "QTINST06": 0, "QTINST07": 0, "QTINST08": 0, "QTINST09": 0, "QTINST10": 0, "QTINST11": 0, "QTINST12": 0, "QTINST13": 0, "QTINST14": 0, "URGEMERG": "0", "QTINST15": 0, "QTINST16": 0, "QTINST17": 0, "QTINST18": 0, "QTINST19": 0, "QTINST20": 0, "QTINST21": 0, "QTINST22": 0, "QTINST23": 0, "QTINST24": 0, "QTINST25": 0, "QTINST26": 0, "QTINST27": 0, "QTINST28": 0, "QTINST29": 0, "QTINST30": 0, "ATENDAMB": "0", "QTINST31": 0, "QTINST32": 0, "QTINST33": 0, "CENTRCIR": "0", "QTINST34": 0, "QTINST35": 0, "QTINST36": 0, "QTINST37": 0, "CENTROBS": "0", "QTLEIT05": 0, "QTLEIT06": 0, "QTLEIT07": 0, "QTLEIT08": 0, "QTLEIT09": 0, "QTLEIT19": 0, "QTLEIT20": 0, "QTLEIT21": 0, "QTLEIT22": 0, "QTLEIT23": 0, "QTLEIT32": 0, "QTLEIT34": 0, "QTLEIT38": 0, "QTLEIT39": 0, "QTLEIT40": 0, "CENTRNEO": "0", "ATENDHOS": "0", "SERAP01P": "0", "SERAP01T": "0", "SERAP02P": "0", "SERAP02T": "0", "SERAP03P": "0", "SERAP03T": "0", "SERAP04P": "0", "SERAP04T": "0", "SERAP05P": "0", "SERAP05T": "0", "SERAP06P": "0", "SERAP06T": "0", "SERAP07P": "0", "SERAP07T": "0", "SERAP08P": "0", "SERAP08T": "0", "SERAP09P": "0", "SERAP09T": "0", "SERAP10P": "0", "SERAP10T": "0", "SERAP11P": "0", "SERAP11T": "0", "SERAPOIO": "0", "RES_BIOL": "0", "RES_QUIM": "0", "RES_RADI": "0", "RES_COMU": "0", "COLETRES": "0", "COMISS01": "0", "COMISS02": "0", "COMISS03": "0", "COMISS04": "0", "COMISS05": "0", "COMISS06": "0", "COMISS07": "0", "COMISS08": "0", "COMISS09": "0", "COMISS10": "0", "COMISS11": "0", "COMISS12": "0", "COMISSAO": "0", "AP01CV01": "0", "AP01CV02": "0", "AP01CV03": "0", "AP01CV04": "0", "AP01CV05": "0", "AP01CV06": "0", "AP01CV07": "0", "AP02CV01": "0", "AP02CV02": "0", "AP02CV03": "0", "AP02CV04": "0", "AP02CV05": "0", "AP02CV06": "0", "AP02CV07": "0", "AP03CV01": "0", "AP03CV02": "0", "AP03CV03": "0", "AP03CV04": "0", "AP03CV05": "0", "AP03CV06": "0", "AP03CV07": "0", "AP04CV01": "0", "AP04CV02": "0", "AP04CV03": "0", "AP04CV04": "0", "AP04CV05": "0", "AP04CV06": "0", "AP04CV07": "0", "AP05CV01": "0", "AP05CV02": "0", "AP05CV03": "0", "AP05CV04": "0", "AP05CV05": "0", "AP05CV06": "0", "AP05CV07": "0", "AP06CV01": "1", "AP06CV02": "0", "AP06CV03": "0", "AP06CV04": "0", "AP06CV05": "0", "AP06CV06": "0", "AP06CV07": "0", "AP07CV01": "0", "AP07CV02": "0", "AP07CV03": "0", "AP07CV04": "0", "AP07CV05": "0", "AP07CV06": "0", "AP07CV07": "0", "ATEND_PR": "1", "DT_ATUAL": "202508", "COMPETEN": "202601", "NAT_JUR": "1244", "nome": "SMS DE IRATI", "lat": null, "long": null, "categoria": "saude", "subtipo": "" }, "geometry": { "type": "Point", "coordinates": [ 0.0, 0.0 ] } },
{ "type": "Feature", "properties": { "CNES": "2505142", "CODUFMUN": "411070", "COD_CEP": "84500014", "CPF_CNPJ": "03832869000190", "PF_PJ": "3", "NIV_DEP": "1", "CNPJ_MAN": "00000000000000", "COD_IR": null, "REGSAUDE": "04", "MICR_REG": null, "DISTRSAN": null, "DISTRADM": null, "VINC_SUS": "1", "TPGESTAO": "E", "ESFERA_A": "E", "RETENCAO": null, "ATIVIDAD": "04", "NATUREZA": null, "CLIENTEL": "01", "TP_UNID": "62", "TURNO_AT": "03", "NIV_HIER": null, "TP_PREST": "99", "CO_BANCO": "001", "CO_AGENC": "01821", "C_CORREN": "81744", "CONTRATM": null, "DT_PUBLM": null, "CONTRATE": null, "DT_PUBLE": null, "ALVARA": "7856", "DT_EXPED": "20140627", "ORGEXPED": "2", "AV_ACRED": null, "CLASAVAL": null, "DT_ACRED": null, "AV_PNASS": null, "DT_PNASS": null, "GESPRG1E": "0", "GESPRG1M": "0", "GESPRG2E": "1", "GESPRG2M": "0", "GESPRG4E": "1", "GESPRG4M": "0", "NIVATE_A": "1", "GESPRG3E": "0", "GESPRG3M": "0", "GESPRG5E": "1", "GESPRG5M": "0", "GESPRG6E": "1", "GESPRG6M": "0", "NIVATE_H": "1", "QTLEITP1": 4, "QTLEITP2": 0, "QTLEITP3": 0, "LEITHOSP": "1", "QTINST01": 0, "QTINST02": 0, "QTINST03": 0, "QTINST04": 3, "QTINST05": 0, "QTINST06": 0, "QTINST07": 0, "QTINST08": 3, "QTINST09": 0, "QTINST10": 0, "QTINST11": 0, "QTINST12": 1, "QTINST13": 1, "QTINST14": 3, "URGEMERG": "1", "QTINST15": 0, "QTINST16": 3, "QTINST17": 0, "QTINST18": 1, "QTINST19": 0, "QTINST20": 0, "QTINST21": 0, "QTINST22": 0, "QTINST23": 0, "QTINST24": 1, "QTINST25": 1, "QTINST26": 0, "QTINST27": 0, "QTINST28": 0, "QTINST29": 1, "QTINST30": 1, "ATENDAMB": "1", "QTINST31": 2, "QTINST32": 1, "QTINST33": 1, "CENTRCIR": "1", "QTINST34": 0, "QTINST35": 0, "QTINST36": 0, "QTINST37": 0, "CENTROBS": "0", "QTLEIT05": 0, "QTLEIT06": 0, "QTLEIT07": 0, "QTLEIT08": 3, "QTLEIT09": 0, "QTLEIT19": 0, "QTLEIT20": 0, "QTLEIT21": 0, "QTLEIT22": 0, "QTLEIT23": 0, "QTLEIT32": 1, "QTLEIT34": 0, "QTLEIT38": 0, "QTLEIT39": 0, "QTLEIT40": 0, "CENTRNEO": "0", "ATENDHOS": "1", "SERAP01P": "1", "SERAP01T": "0", "SERAP02P": "0", "SERAP02T": "0", "SERAP03P": "1", "SERAP03T": "0", "SERAP04P": "1", "SERAP04T": "0", "SERAP05P": "0", "SERAP05T": "1", "SERAP06P": "0", "SERAP06T": "0", "SERAP07P": "0", "SERAP07T": "0", "SERAP08P": "0", "SERAP08T": "1", "SERAP09P": "0", "SERAP09T": "1", "SERAP10P": "0", "SERAP10T": "0", "SERAP11P": "0", "SERAP11T": "0", "SERAPOIO": "1", "RES_BIOL": "1", "RES_QUIM": "0", "RES_RADI": "0", "RES_COMU": "1", "COLETRES": "1", "COMISS01": "1", "COMISS02": "0", "COMISS03": "0", "COMISS04": "1", "COMISS05": "0", "COMISS06": "0", "COMISS07": "0", "COMISS08": "0", "COMISS09": "1", "COMISS10": "0", "COMISS11": "0", "COMISS12": "0", "COMISSAO": "1", "AP01CV01": "1", "AP01CV02": "1", "AP01CV03": "0", "AP01CV04": "0", "AP01CV05": "1", "AP01CV06": "1", "AP01CV07": "0", "AP02CV01": "1", "AP02CV02": "1", "AP02CV03": "0", "AP02CV04": "0", "AP02CV05": "1", "AP02CV06": "1", "AP02CV07": "0", "AP03CV01": "0", "AP03CV02": "1", "AP03CV03": "0", "AP03CV04": "0", "AP03CV05": "1", "AP03CV06": "1", "AP03CV07": "0", "AP04CV01": "0", "AP04CV02": "1", "AP04CV03": "0", "AP04CV04": "0", "AP04CV05": "0", "AP04CV06": "1", "AP04CV07": "0", "AP05CV01": "0", "AP05CV02": "0", "AP05CV03": "0", "AP05CV04": "0", "AP05CV05": "0", "AP05CV06": "0", "AP05CV07": "0", "AP06CV01": "0", "AP06CV02": "0", "AP06CV03": "0", "AP06CV04": "0", "AP06CV05": "0", "AP06CV06": "0", "AP06CV07": "0", "AP07CV01": "0", "AP07CV02": "0", "AP07CV03": "0", "AP07CV04": "0", "AP07CV05": "0", "AP07CV06": "0", "AP07CV07": "0", "ATEND_PR": "1", "DT_ATUAL": "202511", "COMPETEN": "202601", "NAT_JUR": "2062", "nome": "HOSPITAL DE OLHOS DE IRATI", "lat": null, "long": null, "categoria": "saude", "subtipo": "" }, "geometry": { "type": "Point", "coordinates": [ 0.0, 0.0 ] } },
{ "type": "Feature", "properties": { "CNES": "2517450", "CODUFMUN": "411070", "COD_CEP": "84500016", "CPF_CNPJ": "00000000000000", "PF_PJ": "3", "NIV_DEP": "3", "CNPJ_MAN": "00358098000153", "COD_IR": null, "REGSAUDE": "04", "MICR_REG": null, "DISTRSAN": null, "DISTRADM": null, "VINC_SUS": "1", "TPGESTAO": "D", "ESFERA_A": "D", "RETENCAO": null, "ATIVIDAD": "04", "NATUREZA": null, "CLIENTEL": "02", "TP_UNID": "36", "TURNO_AT": "03", "NIV_HIER": null, "TP_PREST": "99", "CO_BANCO": null, "CO_AGENC": null, "C_CORREN": null, "CONTRATM": null, "DT_PUBLM": null, "CONTRATE": null, "DT_PUBLE": null, "ALVARA": "6788", "DT_EXPED": "20130513", "ORGEXPED": "2", "AV_ACRED": null, "CLASAVAL": null, "DT_ACRED": null, "AV_PNASS": null, "DT_PNASS": null, "GESPRG1E": "0", "GESPRG1M": "0", "GESPRG2E": "1", "GESPRG2M": "1", "GESPRG4E": "0", "GESPRG4M": "0", "NIVATE_A": "1", "GESPRG3E": "0", "GESPRG3M": "0", "GESPRG5E": "0", "GESPRG5M": "0", "GESPRG6E": "0", "GESPRG6M": "0", "NIVATE_H": "0", "QTLEITP1": 0, "QTLEITP2": 0, "QTLEITP3": 0, "LEITHOSP": "0", "QTINST01": 0, "QTINST02": 0, "QTINST03": 0, "QTINST04": 0, "QTINST05": 0, "QTINST06": 0, "QTINST07": 0, "QTINST08": 0, "QTINST09": 0, "QTINST10": 0, "QTINST11": 0, "QTINST12": 0, "QTINST13": 0, "QTINST14": 0, "URGEMERG": "0", "QTINST15": 0, "QTINST16": 12, "QTINST17": 0, "QTINST18": 10, "QTINST19": 0, "QTINST20": 0, "QTINST21": 0, "QTINST22": 0, "QTINST23": 0, "QTINST24": 1, "QTINST25": 3, "QTINST26": 0, "QTINST27": 0, "QTINST28": 1, "QTINST29": 1, "QTINST30": 0, "ATENDAMB": "1", "QTINST31": 0, "QTINST32": 0, "QTINST33": 0, "CENTRCIR": "0", "QTINST34": 0, "QTINST35": 0, "QTINST36": 0, "QTINST37": 0, "CENTROBS": "0", "QTLEIT05": 0, "QTLEIT06": 0, "QTLEIT07": 0, "QTLEIT08": 0, "QTLEIT09": 0, "QTLEIT19": 0, "QTLEIT20": 0, "QTLEIT21": 0, "QTLEIT22": 0, "QTLEIT23": 0, "QTLEIT32": 0, "QTLEIT34": 0, "QTLEIT38": 0, "QTLEIT39": 0, "QTLEIT40": 0, "CENTRNEO": "0", "ATENDHOS": "0", "SERAP01P": "1", "SERAP01T": "0", "SERAP02P": "0", "SERAP02T": "0", "SERAP03P": "1", "SERAP03T": "0", "SERAP04P": "1", "SERAP04T": "0", "SERAP05P": "0", "SERAP05T": "0", "SERAP06P": "0", "SERAP06T": "0", "SERAP07P": "0", "SERAP07T": "0", "SERAP08P": "1", "SERAP08T": "1", "SERAP09P": "0", "SERAP09T": "0", "SERAP10P": "0", "SERAP10T": "0", "SERAP11P": "0", "SERAP11T": "0", "SERAPOIO": "1", "RES_BIOL": "1", "RES_QUIM": "0", "RES_RADI": "0", "RES_COMU": "1", "COLETRES": "1", "COMISS01": "0", "COMISS02": "0", "COMISS03": "0", "COMISS04": "1", "COMISS05": "0", "COMISS06": "0", "COMISS07": "0", "COMISS08": "0", "COMISS09": "0", "COMISS10": "0", "COMISS11": "0", "COMISS12": "0", "COMISSAO": "1", "AP01CV01": "0", "AP01CV02": "0", "AP01CV03": "0", "AP01CV04": "0", "AP01CV05": "0", "AP01CV06": "0", "AP01CV07": "0", "AP02CV01": "1", "AP02CV02": "0", "AP02CV03": "0", "AP02CV04": "0", "AP02CV05": "0", "AP02CV06": "0", "AP02CV07": "0", "AP03CV01": "1", "AP03CV02": "0", "AP03CV03": "0", "AP03CV04": "0", "AP03CV05": "0", "AP03CV06": "0", "AP03CV07": "0", "AP04CV01": "0", "AP04CV02": "0", "AP04CV03": "0", "AP04CV04": "0", "AP04CV05": "0", "AP04CV06": "0", "AP04CV07": "0", "AP05CV01": "0", "AP05CV02": "0", "AP05CV03": "0", "AP05CV04": "0", "AP05CV05": "0", "AP05CV06": "0", "AP05CV07": "0", "AP06CV01": "0", "AP06CV02": "0", "AP06CV03": "0", "AP06CV04": "0", "AP06CV05": "0", "AP06CV06": "0", "AP06CV07": "0", "AP07CV01": "0", "AP07CV02": "0", "AP07CV03": "0", "AP07CV04": "0", "AP07CV05": "0", "AP07CV06": "0", "AP07CV07": "0", "ATEND_PR": "1", "DT_ATUAL": "202506", "COMPETEN": "202601", "NAT_JUR": "1210", "nome": "CISAMCESPAR", "lat": null, "long": null, "categoria": "saude", "subtipo": "" }, "geometry": { "type": "Point", "coordinates": [ 0.0, 0.0 ] } },
{ "type": "Feature", "properties": { "CNES": "2517507", "CODUFMUN": "411070", "COD_CEP": "84507069", "CPF_CNPJ": "04790840000156", "PF_PJ": "3", "NIV_DEP": "1", "CNPJ_MAN": "00000000000000", "COD_IR": null, "REGSAUDE": "04", "MICR_REG": null, "DISTRSAN": null, "DISTRADM": null, "VINC_SUS": "1", "TPGESTAO": "M", "ESFERA_A": "M", "RETENCAO": null, "ATIVIDAD": "04", "NATUREZA": null, "CLIENTEL": "03", "TP_UNID": "39", "TURNO_AT": "03", "NIV_HIER": null, "TP_PREST": "99", "CO_BANCO": "001", "CO_AGENC": "01821", "C_CORREN": "122343", "CONTRATM": null, "DT_PUBLM": null, "CONTRATE": null, "DT_PUBLE": null, "ALVARA": "9852", "DT_EXPED": "20160727", "ORGEXPED": "2", "AV_ACRED": null, "CLASAVAL": null, "DT_ACRED": null, "AV_PNASS": null, "DT_PNASS": null, "GESPRG1E": "0", "GESPRG1M": "0", "GESPRG2E": "0", "GESPRG2M": "1", "GESPRG4E": "0", "GESPRG4M": "0", "NIVATE_A": "1", "GESPRG3E": "0", "GESPRG3M": "0", "GESPRG5E": "0", "GESPRG5M": "0", "GESPRG6E": "0", "GESPRG6M": "0", "NIVATE_H": "0", "QTLEITP1": 0, "QTLEITP2": 0, "QTLEITP3": 0, "LEITHOSP": "0", "QTINST01": 0, "QTINST02": 0, "QTINST03": 0, "QTINST04": 0, "QTINST05": 0, "QTINST06": 0, "QTINST07": 0, "QTINST08": 0, "QTINST09": 0, "QTINST10": 0, "QTINST11": 0, "QTINST12": 0, "QTINST13": 0, "QTINST14": 0, "URGEMERG": "0", "QTINST15": 0, "QTINST16": 2, "QTINST17": 0, "QTINST18": 0, "QTINST19": 0, "QTINST20": 0, "QTINST21": 0, "QTINST22": 0, "QTINST23": 0, "QTINST24": 0, "QTINST25": 0, "QTINST26": 0, "QTINST27": 0, "QTINST28": 0, "QTINST29": 0, "QTINST30": 0, "ATENDAMB": "1", "QTINST31": 0, "QTINST32": 0, "QTINST33": 0, "CENTRCIR": "0", "QTINST34": 0, "QTINST35": 0, "QTINST36": 0, "QTINST37": 0, "CENTROBS": "0", "QTLEIT05": 0, "QTLEIT06": 0, "QTLEIT07": 0, "QTLEIT08": 0, "QTLEIT09": 0, "QTLEIT19": 0, "QTLEIT20": 0, "QTLEIT21": 0, "QTLEIT22": 0, "QTLEIT23": 0, "QTLEIT32": 0, "QTLEIT34": 0, "QTLEIT38": 0, "QTLEIT39": 0, "QTLEIT40": 0, "CENTRNEO": "0", "ATENDHOS": "0", "SERAP01P": "1", "SERAP01T": "0", "SERAP02P": "0", "SERAP02T": "0", "SERAP03P": "0", "SERAP03T": "0", "SERAP04P": "0", "SERAP04T": "0", "SERAP05P": "0", "SERAP05T": "0", "SERAP06P": "0", "SERAP06T": "0", "SERAP07P": "0", "SERAP07T": "0", "SERAP08P": "0", "SERAP08T": "0", "SERAP09P": "0", "SERAP09T": "0", "SERAP10P": "0", "SERAP10T": "0", "SERAP11P": "0", "SERAP11T": "0", "SERAPOIO": "1", "RES_BIOL": "0", "RES_QUIM": "0", "RES_RADI": "0", "RES_COMU": "1", "COLETRES": "1", "COMISS01": "0", "COMISS02": "0", "COMISS03": "0", "COMISS04": "0", "COMISS05": "0", "COMISS06": "0", "COMISS07": "0", "COMISS08": "0", "COMISS09": "0", "COMISS10": "0", "COMISS11": "0", "COMISS12": "0", "COMISSAO": "0", "AP01CV01": "0", "AP01CV02": "0", "AP01CV03": "0", "AP01CV04": "0", "AP01CV05": "0", "AP01CV06": "0", "AP01CV07": "0", "AP02CV01": "1", "AP02CV02": "1", "AP02CV03": "0", "AP02CV04": "0", "AP02CV05": "0", "AP02CV06": "1", "AP02CV07": "0", "AP03CV01": "0", "AP03CV02": "1", "AP03CV03": "0", "AP03CV04": "0", "AP03CV05": "0", "AP03CV06": "0", "AP03CV07": "0", "AP04CV01": "0", "AP04CV02": "0", "AP04CV03": "0", "AP04CV04": "0", "AP04CV05": "0", "AP04CV06": "0", "AP04CV07": "0", "AP05CV01": "0", "AP05CV02": "0", "AP05CV03": "0", "AP05CV04": "0", "AP05CV05": "0", "AP05CV06": "0", "AP05CV07": "0", "AP06CV01": "0", "AP06CV02": "0", "AP06CV03": "0", "AP06CV04": "0", "AP06CV05": "0", "AP06CV06": "0", "AP06CV07": "0", "AP07CV01": "0", "AP07CV02": "0", "AP07CV03": "0", "AP07CV04": "0", "AP07CV05": "0", "AP07CV06": "0", "AP07CV07": "0", "ATEND_PR": "1", "DT_ATUAL": "202508", "COMPETEN": "202601", "NAT_JUR": "2062", "nome": "CLINICA KOMINSKI DIAGNOSTICO E IMAGEM LTDA", "lat": -25.474868020500523, "long": -50.652200323466779, "categoria": "saude", "subtipo": "" }, "geometry": { "type": "Point", "coordinates": [ -50.652200323466779, -25.474868020500523 ] } },
{ "type": "Feature", "properties": { "CNES": "2517531", "CODUFMUN": "411070", "COD_CEP": "84500059", "CPF_CNPJ": "00000000000000", "PF_PJ": "3", "NIV_DEP": "3", "CNPJ_MAN": "76416866000140", "COD_IR": null, "REGSAUDE": "04", "MICR_REG": null, "DISTRSAN": null, "DISTRADM": null, "VINC_SUS": "1", "TPGESTAO": "E", "ESFERA_A": "E", "RETENCAO": null, "ATIVIDAD": "04", "NATUREZA": null, "CLIENTEL": "01", "TP_UNID": "69", "TURNO_AT": "03", "NIV_HIER": null, "TP_PREST": "99", "CO_BANCO": null, "CO_AGENC": null, "C_CORREN": null, "CONTRATM": null, "DT_PUBLM": null, "CONTRATE": null, "DT_PUBLE": null, "ALVARA": null, "DT_EXPED": null, "ORGEXPED": null, "AV_ACRED": null, "CLASAVAL": null, "DT_ACRED": null, "AV_PNASS": null, "DT_PNASS": null, "GESPRG1E": "0", "GESPRG1M": "0", "GESPRG2E": "1", "GESPRG2M": "0", "GESPRG4E": "0", "GESPRG4M": "0", "NIVATE_A": "1", "GESPRG3E": "0", "GESPRG3M": "0", "GESPRG5E": "0", "GESPRG5M": "0", "GESPRG6E": "0", "GESPRG6M": "0", "NIVATE_H": "0", "QTLEITP1": 0, "QTLEITP2": 0, "QTLEITP3": 0, "LEITHOSP": "0", "QTINST01": 0, "QTINST02": 0, "QTINST03": 0, "QTINST04": 0, "QTINST05": 0, "QTINST06": 0, "QTINST07": 0, "QTINST08": 0, "QTINST09": 0, "QTINST10": 0, "QTINST11": 0, "QTINST12": 0, "QTINST13": 0, "QTINST14": 0, "URGEMERG": "0", "QTINST15": 0, "QTINST16": 0, "QTINST17": 0, "QTINST18": 2, "QTINST19": 0, "QTINST20": 0, "QTINST21": 0, "QTINST22": 1, "QTINST23": 0, "QTINST24": 0, "QTINST25": 0, "QTINST26": 0, "QTINST27": 0, "QTINST28": 0, "QTINST29": 0, "QTINST30": 0, "ATENDAMB": "1", "QTINST31": 0, "QTINST32": 0, "QTINST33": 0, "CENTRCIR": "0", "QTINST34": 0, "QTINST35": 0, "QTINST36": 0, "QTINST37": 0, "CENTROBS": "0", "QTLEIT05": 0, "QTLEIT06": 0, "QTLEIT07": 0, "QTLEIT08": 0, "QTLEIT09": 0, "QTLEIT19": 0, "QTLEIT20": 0, "QTLEIT21": 0, "QTLEIT22": 1, "QTLEIT23": 0, "QTLEIT32": 0, "QTLEIT34": 0, "QTLEIT38": 0, "QTLEIT39": 0, "QTLEIT40": 0, "CENTRNEO": "0", "ATENDHOS": "0", "SERAP01P": "1", "SERAP01T": "0", "SERAP02P": "0", "SERAP02T": "0", "SERAP03P": "0", "SERAP03T": "0", "SERAP04P": "1", "SERAP04T": "0", "SERAP05P": "0", "SERAP05T": "0", "SERAP06P": "0", "SERAP06T": "0", "SERAP07P": "0", "SERAP07T": "0", "SERAP08P": "0", "SERAP08T": "0", "SERAP09P": "0", "SERAP09T": "0", "SERAP10P": "0", "SERAP10T": "0", "SERAP11P": "0", "SERAP11T": "0", "SERAPOIO": "1", "RES_BIOL": "1", "RES_QUIM": "1", "RES_RADI": "0", "RES_COMU": "1", "COLETRES": "1", "COMISS01": "0", "COMISS02": "0", "COMISS03": "0", "COMISS04": "0", "COMISS05": "0", "COMISS06": "0", "COMISS07": "0", "COMISS08": "0", "COMISS09": "0", "COMISS10": "0", "COMISS11": "0", "COMISS12": "0", "COMISSAO": "0", "AP01CV01": "0", "AP01CV02": "0", "AP01CV03": "0", "AP01CV04": "0", "AP01CV05": "0", "AP01CV06": "0", "AP01CV07": "0", "AP02CV01": "1", "AP02CV02": "0", "AP02CV03": "0", "AP02CV04": "0", "AP02CV05": "0", "AP02CV06": "0", "AP02CV07": "0", "AP03CV01": "0", "AP03CV02": "0", "AP03CV03": "0", "AP03CV04": "0", "AP03CV05": "0", "AP03CV06": "0", "AP03CV07": "0", "AP04CV01": "0", "AP04CV02": "0", "AP04CV03": "0", "AP04CV04": "0", "AP04CV05": "0", "AP04CV06": "0", "AP04CV07": "0", "AP05CV01": "0", "AP05CV02": "0", "AP05CV03": "0", "AP05CV04": "0", "AP05CV05": "0", "AP05CV06": "0", "AP05CV07": "0", "AP06CV01": "0", "AP06CV02": "0", "AP06CV03": "0", "AP06CV04": "0", "AP06CV05": "0", "AP06CV06": "0", "AP06CV07": "0", "AP07CV01": "0", "AP07CV02": "0", "AP07CV03": "0", "AP07CV04": "0", "AP07CV05": "0", "AP07CV06": "0", "AP07CV07": "0", "ATEND_PR": "1", "DT_ATUAL": "202509", "COMPETEN": "202601", "NAT_JUR": "1023", "nome": "UNIDADE DE COLETA E TRANSFUSAO DE IRATI", "lat": null, "long": null, "categoria": "saude", "subtipo": "" }, "geometry": { "type": "Point", "coordinates": [ 0.0, 0.0 ] } },
{ "type": "Feature", "properties": { "CNES": "2517558", "CODUFMUN": "411070", "COD_CEP": "84500054", "CPF_CNPJ": "77016483000147", "PF_PJ": "3", "NIV_DEP": "1", "CNPJ_MAN": "00000000000000", "COD_IR": null, "REGSAUDE": "04", "MICR_REG": null, "DISTRSAN": null, "DISTRADM": null, "VINC_SUS": "1", "TPGESTAO": "E", "ESFERA_A": "E", "RETENCAO": null, "ATIVIDAD": "04", "NATUREZA": null, "CLIENTEL": "03", "TP_UNID": "39", "TURNO_AT": "03", "NIV_HIER": null, "TP_PREST": "99", "CO_BANCO": "001", "CO_AGENC": "01821", "C_CORREN": "00000000033685", "CONTRATM": null, "DT_PUBLM": null, "CONTRATE": null, "DT_PUBLE": null, "ALVARA": "8346", "DT_EXPED": "20150205", "ORGEXPED": "2", "AV_ACRED": null, "CLASAVAL": null, "DT_ACRED": null, "AV_PNASS": null, "DT_PNASS": null, "GESPRG1E": "0", "GESPRG1M": "0", "GESPRG2E": "1", "GESPRG2M": "0", "GESPRG4E": "0", "GESPRG4M": "0", "NIVATE_A": "1", "GESPRG3E": "0", "GESPRG3M": "0", "GESPRG5E": "0", "GESPRG5M": "0", "GESPRG6E": "0", "GESPRG6M": "0", "NIVATE_H": "0", "QTLEITP1": 0, "QTLEITP2": 0, "QTLEITP3": 0, "LEITHOSP": "0", "QTINST01": 0, "QTINST02": 0, "QTINST03": 0, "QTINST04": 0, "QTINST05": 0, "QTINST06": 0, "QTINST07": 0, "QTINST08": 0, "QTINST09": 0, "QTINST10": 0, "QTINST11": 0, "QTINST12": 0, "QTINST13": 0, "QTINST14": 0, "URGEMERG": "0", "QTINST15": 0, "QTINST16": 0, "QTINST17": 0, "QTINST18": 0, "QTINST19": 0, "QTINST20": 0, "QTINST21": 0, "QTINST22": 0, "QTINST23": 0, "QTINST24": 0, "QTINST25": 1, "QTINST26": 0, "QTINST27": 0, "QTINST28": 0, "QTINST29": 0, "QTINST30": 0, "ATENDAMB": "1", "QTINST31": 0, "QTINST32": 0, "QTINST33": 0, "CENTRCIR": "0", "QTINST34": 0, "QTINST35": 0, "QTINST36": 0, "QTINST37": 0, "CENTROBS": "0", "QTLEIT05": 0, "QTLEIT06": 0, "QTLEIT07": 0, "QTLEIT08": 0, "QTLEIT09": 0, "QTLEIT19": 0, "QTLEIT20": 0, "QTLEIT21": 0, "QTLEIT22": 0, "QTLEIT23": 0, "QTLEIT32": 0, "QTLEIT34": 0, "QTLEIT38": 0, "QTLEIT39": 0, "QTLEIT40": 0, "CENTRNEO": "0", "ATENDHOS": "0", "SERAP01P": "1", "SERAP01T": "0", "SERAP02P": "0", "SERAP02T": "0", "SERAP03P": "0", "SERAP03T": "0", "SERAP04P": "0", "SERAP04T": "0", "SERAP05P": "0", "SERAP05T": "0", "SERAP06P": "0", "SERAP06T": "0", "SERAP07P": "0", "SERAP07T": "0", "SERAP08P": "0", "SERAP08T": "0", "SERAP09P": "0", "SERAP09T": "0", "SERAP10P": "0", "SERAP10T": "0", "SERAP11P": "0", "SERAP11T": "0", "SERAPOIO": "1", "RES_BIOL": "1", "RES_QUIM": "0", "RES_RADI": "0", "RES_COMU": "1", "COLETRES": "1", "COMISS01": "0", "COMISS02": "0", "COMISS03": "0", "COMISS04": "0", "COMISS05": "0", "COMISS06": "0", "COMISS07": "0", "COMISS08": "0", "COMISS09": "0", "COMISS10": "0", "COMISS11": "0", "COMISS12": "0", "COMISSAO": "0", "AP01CV01": "0", "AP01CV02": "0", "AP01CV03": "0", "AP01CV04": "0", "AP01CV05": "0", "AP01CV06": "0", "AP01CV07": "0", "AP02CV01": "0", "AP02CV02": "0", "AP02CV03": "0", "AP02CV04": "0", "AP02CV05": "0", "AP02CV06": "0", "AP02CV07": "0", "AP03CV01": "1", "AP03CV02": "1", "AP03CV03": "0", "AP03CV04": "0", "AP03CV05": "0", "AP03CV06": "1", "AP03CV07": "0", "AP04CV01": "0", "AP04CV02": "0", "AP04CV03": "0", "AP04CV04": "0", "AP04CV05": "0", "AP04CV06": "0", "AP04CV07": "0", "AP05CV01": "0", "AP05CV02": "0", "AP05CV03": "0", "AP05CV04": "0", "AP05CV05": "0", "AP05CV06": "0", "AP05CV07": "0", "AP06CV01": "0", "AP06CV02": "0", "AP06CV03": "0", "AP06CV04": "0", "AP06CV05": "0", "AP06CV06": "0", "AP06CV07": "0", "AP07CV01": "0", "AP07CV02": "0", "AP07CV03": "0", "AP07CV04": "0", "AP07CV05": "0", "AP07CV06": "0", "AP07CV07": "0", "ATEND_PR": "1", "DT_ATUAL": "202509", "COMPETEN": "202601", "NAT_JUR": "2062", "nome": "LABORATORIO SANTO ANTONIO", "lat": -25.464594066031641, "long": -50.648210436958173, "categoria": "saude", "subtipo": "" }, "geometry": { "type": "Point", "coordinates": [ -50.648210436958173, -25.464594066031641 ] } },
{ "type": "Feature", "properties": { "CNES": "2517574", "CODUFMUN": "411070", "COD_CEP": "84500004", "CPF_CNPJ": "78148988000128", "PF_PJ": "3", "NIV_DEP": "1", "CNPJ_MAN": "00000000000000", "COD_IR": null, "REGSAUDE": "04", "MICR_REG": null, "DISTRSAN": null, "DISTRADM": null, "VINC_SUS": "1", "TPGESTAO": "E", "ESFERA_A": "E", "RETENCAO": null, "ATIVIDAD": "04", "NATUREZA": null, "CLIENTEL": "03", "TP_UNID": "39", "TURNO_AT": "03", "NIV_HIER": null, "TP_PREST": "99", "CO_BANCO": "001", "CO_AGENC": "01821", "C_CORREN": "00000000032824", "CONTRATM": null, "DT_PUBLM": null, "CONTRATE": null, "DT_PUBLE": null, "ALVARA": "7414", "DT_EXPED": "20140110", "ORGEXPED": "2", "AV_ACRED": null, "CLASAVAL": null, "DT_ACRED": null, "AV_PNASS": null, "DT_PNASS": null, "GESPRG1E": "0", "GESPRG1M": "0", "GESPRG2E": "1", "GESPRG2M": "0", "GESPRG4E": "0", "GESPRG4M": "0", "NIVATE_A": "1", "GESPRG3E": "0", "GESPRG3M": "0", "GESPRG5E": "0", "GESPRG5M": "0", "GESPRG6E": "0", "GESPRG6M": "0", "NIVATE_H": "0", "QTLEITP1": 0, "QTLEITP2": 0, "QTLEITP3": 0, "LEITHOSP": "0", "QTINST01": 0, "QTINST02": 0, "QTINST03": 0, "QTINST04": 0, "QTINST05": 0, "QTINST06": 0, "QTINST07": 0, "QTINST08": 0, "QTINST09": 0, "QTINST10": 0, "QTINST11": 0, "QTINST12": 0, "QTINST13": 0, "QTINST14": 0, "URGEMERG": "0", "QTINST15": 0, "QTINST16": 0, "QTINST17": 0, "QTINST18": 0, "QTINST19": 0, "QTINST20": 0, "QTINST21": 0, "QTINST22": 0, "QTINST23": 0, "QTINST24": 0, "QTINST25": 1, "QTINST26": 0, "QTINST27": 0, "QTINST28": 0, "QTINST29": 0, "QTINST30": 0, "ATENDAMB": "1", "QTINST31": 0, "QTINST32": 0, "QTINST33": 0, "CENTRCIR": "0", "QTINST34": 0, "QTINST35": 0, "QTINST36": 0, "QTINST37": 0, "CENTROBS": "0", "QTLEIT05": 0, "QTLEIT06": 0, "QTLEIT07": 0, "QTLEIT08": 0, "QTLEIT09": 0, "QTLEIT19": 0, "QTLEIT20": 0, "QTLEIT21": 0, "QTLEIT22": 0, "QTLEIT23": 0, "QTLEIT32": 0, "QTLEIT34": 0, "QTLEIT38": 0, "QTLEIT39": 0, "QTLEIT40": 0, "CENTRNEO": "0", "ATENDHOS": "0", "SERAP01P": "1", "SERAP01T": "0", "SERAP02P": "0", "SERAP02T": "0", "SERAP03P": "0", "SERAP03T": "0", "SERAP04P": "0", "SERAP04T": "0", "SERAP05P": "0", "SERAP05T": "0", "SERAP06P": "0", "SERAP06T": "0", "SERAP07P": "0", "SERAP07T": "0", "SERAP08P": "0", "SERAP08T": "0", "SERAP09P": "0", "SERAP09T": "0", "SERAP10P": "0", "SERAP10T": "0", "SERAP11P": "0", "SERAP11T": "0", "SERAPOIO": "1", "RES_BIOL": "1", "RES_QUIM": "0", "RES_RADI": "0", "RES_COMU": "1", "COLETRES": "1", "COMISS01": "0", "COMISS02": "0", "COMISS03": "0", "COMISS04": "0", "COMISS05": "0", "COMISS06": "0", "COMISS07": "0", "COMISS08": "0", "COMISS09": "0", "COMISS10": "0", "COMISS11": "0", "COMISS12": "0", "COMISSAO": "0", "AP01CV01": "0", "AP01CV02": "0", "AP01CV03": "0", "AP01CV04": "0", "AP01CV05": "0", "AP01CV06": "0", "AP01CV07": "0", "AP02CV01": "0", "AP02CV02": "0", "AP02CV03": "0", "AP02CV04": "0", "AP02CV05": "0", "AP02CV06": "0", "AP02CV07": "0", "AP03CV01": "1", "AP03CV02": "1", "AP03CV03": "0", "AP03CV04": "0", "AP03CV05": "0", "AP03CV06": "0", "AP03CV07": "0", "AP04CV01": "0", "AP04CV02": "0", "AP04CV03": "0", "AP04CV04": "0", "AP04CV05": "0", "AP04CV06": "0", "AP04CV07": "0", "AP05CV01": "0", "AP05CV02": "0", "AP05CV03": "0", "AP05CV04": "0", "AP05CV05": "0", "AP05CV06": "0", "AP05CV07": "0", "AP06CV01": "0", "AP06CV02": "0", "AP06CV03": "0", "AP06CV04": "0", "AP06CV05": "0", "AP06CV06": "0", "AP06CV07": "0", "AP07CV01": "0", "AP07CV02": "0", "AP07CV03": "0", "AP07CV04": "0", "AP07CV05": "0", "AP07CV06": "0", "AP07CV07": "0", "ATEND_PR": "1", "DT_ATUAL": "202508", "COMPETEN": "202601", "NAT_JUR": "2062", "nome": "LABORATORIO CLINISUL", "lat": -25.470497999875146, "long": -50.652634702035201, "categoria": "saude", "subtipo": "" }, "geometry": { "type": "Point", "coordinates": [ -50.652634702035201, -25.470497999875146 ] } },
{ "type": "Feature", "properties": { "CNES": "2554054", "CODUFMUN": "411070", "COD_CEP": "84500014", "CPF_CNPJ": "02745683000131", "PF_PJ": "3", "NIV_DEP": "1", "CNPJ_MAN": "00000000000000", "COD_IR": null, "REGSAUDE": "04", "MICR_REG": null, "DISTRSAN": null, "DISTRADM": null, "VINC_SUS": "1", "TPGESTAO": "E", "ESFERA_A": "E", "RETENCAO": null, "ATIVIDAD": "04", "NATUREZA": null, "CLIENTEL": "03", "TP_UNID": "39", "TURNO_AT": "03", "NIV_HIER": null, "TP_PREST": "99", "CO_BANCO": "001", "CO_AGENC": "01821", "C_CORREN": "53058", "CONTRATM": null, "DT_PUBLM": null, "CONTRATE": null, "DT_PUBLE": null, "ALVARA": "6957", "DT_EXPED": "20130701", "ORGEXPED": "2", "AV_ACRED": null, "CLASAVAL": null, "DT_ACRED": null, "AV_PNASS": null, "DT_PNASS": null, "GESPRG1E": "0", "GESPRG1M": "0", "GESPRG2E": "1", "GESPRG2M": "0", "GESPRG4E": "0", "GESPRG4M": "0", "NIVATE_A": "1", "GESPRG3E": "0", "GESPRG3M": "0", "GESPRG5E": "0", "GESPRG5M": "0", "GESPRG6E": "0", "GESPRG6M": "0", "NIVATE_H": "0", "QTLEITP1": 0, "QTLEITP2": 0, "QTLEITP3": 0, "LEITHOSP": "0", "QTINST01": 0, "QTINST02": 0, "QTINST03": 0, "QTINST04": 0, "QTINST05": 0, "QTINST06": 0, "QTINST07": 0, "QTINST08": 0, "QTINST09": 0, "QTINST10": 0, "QTINST11": 0, "QTINST12": 0, "QTINST13": 0, "QTINST14": 0, "URGEMERG": "0", "QTINST15": 0, "QTINST16": 0, "QTINST17": 0, "QTINST18": 1, "QTINST19": 0, "QTINST20": 0, "QTINST21": 0, "QTINST22": 0, "QTINST23": 0, "QTINST24": 0, "QTINST25": 0, "QTINST26": 0, "QTINST27": 0, "QTINST28": 0, "QTINST29": 0, "QTINST30": 0, "ATENDAMB": "1", "QTINST31": 0, "QTINST32": 0, "QTINST33": 0, "CENTRCIR": "0", "QTINST34": 0, "QTINST35": 0, "QTINST36": 0, "QTINST37": 0, "CENTROBS": "0", "QTLEIT05": 0, "QTLEIT06": 0, "QTLEIT07": 0, "QTLEIT08": 0, "QTLEIT09": 0, "QTLEIT19": 0, "QTLEIT20": 0, "QTLEIT21": 0, "QTLEIT22": 0, "QTLEIT23": 0, "QTLEIT32": 0, "QTLEIT34": 0, "QTLEIT38": 0, "QTLEIT39": 0, "QTLEIT40": 0, "CENTRNEO": "0", "ATENDHOS": "0", "SERAP01P": "1", "SERAP01T": "0", "SERAP02P": "0", "SERAP02T": "0", "SERAP03P": "0", "SERAP03T": "0", "SERAP04P": "0", "SERAP04T": "0", "SERAP05P": "0", "SERAP05T": "0", "SERAP06P": "0", "SERAP06T": "0", "SERAP07P": "0", "SERAP07T": "0", "SERAP08P": "0", "SERAP08T": "0", "SERAP09P": "0", "SERAP09T": "0", "SERAP10P": "0", "SERAP10T": "0", "SERAP11P": "0", "SERAP11T": "0", "SERAPOIO": "1", "RES_BIOL": "1", "RES_QUIM": "0", "RES_RADI": "0", "RES_COMU": "1", "COLETRES": "1", "COMISS01": "0", "COMISS02": "0", "COMISS03": "0", "COMISS04": "0", "COMISS05": "0", "COMISS06": "0", "COMISS07": "0", "COMISS08": "0", "COMISS09": "0", "COMISS10": "0", "COMISS11": "0", "COMISS12": "0", "COMISSAO": "0", "AP01CV01": "0", "AP01CV02": "0", "AP01CV03": "0", "AP01CV04": "0", "AP01CV05": "0", "AP01CV06": "0", "AP01CV07": "0", "AP02CV01": "0", "AP02CV02": "0", "AP02CV03": "0", "AP02CV04": "0", "AP02CV05": "0", "AP02CV06": "0", "AP02CV07": "0", "AP03CV01": "1", "AP03CV02": "1", "AP03CV03": "0", "AP03CV04": "0", "AP03CV05": "0", "AP03CV06": "0", "AP03CV07": "0", "AP04CV01": "0", "AP04CV02": "0", "AP04CV03": "0", "AP04CV04": "0", "AP04CV05": "0", "AP04CV06": "0", "AP04CV07": "0", "AP05CV01": "0", "AP05CV02": "0", "AP05CV03": "0", "AP05CV04": "0", "AP05CV05": "0", "AP05CV06": "0", "AP05CV07": "0", "AP06CV01": "0", "AP06CV02": "0", "AP06CV03": "0", "AP06CV04": "0", "AP06CV05": "0", "AP06CV06": "0", "AP06CV07": "0", "AP07CV01": "0", "AP07CV02": "0", "AP07CV03": "0", "AP07CV04": "0", "AP07CV05": "0", "AP07CV06": "0", "AP07CV07": "0", "ATEND_PR": "1", "DT_ATUAL": "202509", "COMPETEN": "202601", "NAT_JUR": "2062", "nome": "VITALLE LABORATO ANALIDES CLINICAS SC LTDA", "lat": -25.473058046331165, "long": -50.65157778906724, "categoria": "saude", "subtipo": "" }, "geometry": { "type": "Point", "coordinates": [ -50.65157778906724, -25.473058046331165 ] } },
{ "type": "Feature", "properties": { "CNES": "2779625", "CODUFMUN": "411070", "COD_CEP": "84500076", "CPF_CNPJ": "03331024000111", "PF_PJ": "3", "NIV_DEP": "1", "CNPJ_MAN": "00000000000000", "COD_IR": null, "REGSAUDE": "04", "MICR_REG": null, "DISTRSAN": null, "DISTRADM": null, "VINC_SUS": "1", "TPGESTAO": "M", "ESFERA_A": "M", "RETENCAO": null, "ATIVIDAD": "04", "NATUREZA": null, "CLIENTEL": "03", "TP_UNID": "36", "TURNO_AT": "03", "NIV_HIER": null, "TP_PREST": "99", "CO_BANCO": "001", "CO_AGENC": "01821", "C_CORREN": "00000000070815", "CONTRATM": null, "DT_PUBLM": null, "CONTRATE": null, "DT_PUBLE": null, "ALVARA": "9088", "DT_EXPED": "20210111", "ORGEXPED": "2", "AV_ACRED": null, "CLASAVAL": null, "DT_ACRED": null, "AV_PNASS": null, "DT_PNASS": null, "GESPRG1E": "0", "GESPRG1M": "0", "GESPRG2E": "0", "GESPRG2M": "1", "GESPRG4E": "0", "GESPRG4M": "0", "NIVATE_A": "1", "GESPRG3E": "0", "GESPRG3M": "0", "GESPRG5E": "0", "GESPRG5M": "0", "GESPRG6E": "0", "GESPRG6M": "0", "NIVATE_H": "0", "QTLEITP1": 0, "QTLEITP2": 0, "QTLEITP3": 0, "LEITHOSP": "0", "QTINST01": 0, "QTINST02": 0, "QTINST03": 0, "QTINST04": 0, "QTINST05": 0, "QTINST06": 0, "QTINST07": 0, "QTINST08": 0, "QTINST09": 0, "QTINST10": 0, "QTINST11": 0, "QTINST12": 0, "QTINST13": 0, "QTINST14": 0, "URGEMERG": "0", "QTINST15": 0, "QTINST16": 1, "QTINST17": 0, "QTINST18": 0, "QTINST19": 0, "QTINST20": 0, "QTINST21": 0, "QTINST22": 0, "QTINST23": 0, "QTINST24": 0, "QTINST25": 0, "QTINST26": 0, "QTINST27": 0, "QTINST28": 0, "QTINST29": 0, "QTINST30": 0, "ATENDAMB": "1", "QTINST31": 0, "QTINST32": 0, "QTINST33": 0, "CENTRCIR": "0", "QTINST34": 0, "QTINST35": 0, "QTINST36": 0, "QTINST37": 0, "CENTROBS": "0", "QTLEIT05": 0, "QTLEIT06": 0, "QTLEIT07": 0, "QTLEIT08": 0, "QTLEIT09": 0, "QTLEIT19": 0, "QTLEIT20": 0, "QTLEIT21": 0, "QTLEIT22": 0, "QTLEIT23": 0, "QTLEIT32": 0, "QTLEIT34": 0, "QTLEIT38": 0, "QTLEIT39": 0, "QTLEIT40": 0, "CENTRNEO": "0", "ATENDHOS": "0", "SERAP01P": "1", "SERAP01T": "0", "SERAP02P": "0", "SERAP02T": "0", "SERAP03P": "0", "SERAP03T": "0", "SERAP04P": "0", "SERAP04T": "0", "SERAP05P": "0", "SERAP05T": "0", "SERAP06P": "0", "SERAP06T": "0", "SERAP07P": "0", "SERAP07T": "0", "SERAP08P": "0", "SERAP08T": "0", "SERAP09P": "0", "SERAP09T": "0", "SERAP10P": "0", "SERAP10T": "0", "SERAP11P": "0", "SERAP11T": "0", "SERAPOIO": "1", "RES_BIOL": "0", "RES_QUIM": "1", "RES_RADI": "0", "RES_COMU": "1", "COLETRES": "1", "COMISS01": "0", "COMISS02": "0", "COMISS03": "0", "COMISS04": "0", "COMISS05": "0", "COMISS06": "0", "COMISS07": "0", "COMISS08": "0", "COMISS09": "0", "COMISS10": "0", "COMISS11": "0", "COMISS12": "0", "COMISSAO": "0", "AP01CV01": "0", "AP01CV02": "0", "AP01CV03": "0", "AP01CV04": "0", "AP01CV05": "0", "AP01CV06": "0", "AP01CV07": "0", "AP02CV01": "1", "AP02CV02": "1", "AP02CV03": "0", "AP02CV04": "0", "AP02CV05": "0", "AP02CV06": "0", "AP02CV07": "0", "AP03CV01": "1", "AP03CV02": "1", "AP03CV03": "0", "AP03CV04": "0", "AP03CV05": "0", "AP03CV06": "0", "AP03CV07": "0", "AP04CV01": "0", "AP04CV02": "0", "AP04CV03": "0", "AP04CV04": "0", "AP04CV05": "0", "AP04CV06": "0", "AP04CV07": "0", "AP05CV01": "0", "AP05CV02": "0", "AP05CV03": "0", "AP05CV04": "0", "AP05CV05": "0", "AP05CV06": "0", "AP05CV07": "0", "AP06CV01": "0", "AP06CV02": "0", "AP06CV03": "0", "AP06CV04": "0", "AP06CV05": "0", "AP06CV06": "0", "AP06CV07": "0", "AP07CV01": "0", "AP07CV02": "0", "AP07CV03": "0", "AP07CV04": "0", "AP07CV05": "0", "AP07CV06": "0", "AP07CV07": "0", "ATEND_PR": "1", "DT_ATUAL": "202507", "COMPETEN": "202601", "NAT_JUR": "2062", "nome": "DIAGNOSTIC CENTER IRATY", "lat": null, "long": null, "categoria": "saude", "subtipo": "" }, "geometry": { "type": "Point", "coordinates": [ 0.0, 0.0 ] } },
{ "type": "Feature", "properties": { "CNES": "2780097", "CODUFMUN": "411070", "COD_CEP": "99999999", "CPF_CNPJ": "00000000000000", "PF_PJ": "3", "NIV_DEP": "3", "CNPJ_MAN": "75654574000182", "COD_IR": null, "REGSAUDE": "04", "MICR_REG": null, "DISTRSAN": null, "DISTRADM": null, "VINC_SUS": "1", "TPGESTAO": "M", "ESFERA_A": "M", "RETENCAO": null, "ATIVIDAD": "04", "NATUREZA": null, "CLIENTEL": "01", "TP_UNID": "02", "TURNO_AT": "03", "NIV_HIER": null, "TP_PREST": "99", "CO_BANCO": null, "CO_AGENC": null, "C_CORREN": null, "CONTRATM": null, "DT_PUBLM": null, "CONTRATE": null, "DT_PUBLE": null, "ALVARA": null, "DT_EXPED": null, "ORGEXPED": null, "AV_ACRED": null, "CLASAVAL": null, "DT_ACRED": null, "AV_PNASS": null, "DT_PNASS": null, "GESPRG1E": "0", "GESPRG1M": "1", "GESPRG2E": "0", "GESPRG2M": "0", "GESPRG4E": "0", "GESPRG4M": "0", "NIVATE_A": "1", "GESPRG3E": "0", "GESPRG3M": "0", "GESPRG5E": "0", "GESPRG5M": "0", "GESPRG6E": "0", "GESPRG6M": "0", "NIVATE_H": "0", "QTLEITP1": 0, "QTLEITP2": 0, "QTLEITP3": 0, "LEITHOSP": "0", "QTINST01": 0, "QTINST02": 0, "QTINST03": 0, "QTINST04": 0, "QTINST05": 0, "QTINST06": 0, "QTINST07": 0, "QTINST08": 0, "QTINST09": 0, "QTINST10": 0, "QTINST11": 0, "QTINST12": 0, "QTINST13": 0, "QTINST14": 0, "URGEMERG": "0", "QTINST15": 1, "QTINST16": 0, "QTINST17": 0, "QTINST18": 0, "QTINST19": 0, "QTINST20": 0, "QTINST21": 0, "QTINST22": 0, "QTINST23": 1, "QTINST24": 0, "QTINST25": 0, "QTINST26": 1, "QTINST27": 0, "QTINST28": 0, "QTINST29": 1, "QTINST30": 0, "ATENDAMB": "1", "QTINST31": 0, "QTINST32": 0, "QTINST33": 0, "CENTRCIR": "0", "QTINST34": 0, "QTINST35": 0, "QTINST36": 0, "QTINST37": 0, "CENTROBS": "0", "QTLEIT05": 0, "QTLEIT06": 0, "QTLEIT07": 0, "QTLEIT08": 0, "QTLEIT09": 0, "QTLEIT19": 0, "QTLEIT20": 0, "QTLEIT21": 0, "QTLEIT22": 0, "QTLEIT23": 0, "QTLEIT32": 0, "QTLEIT34": 0, "QTLEIT38": 0, "QTLEIT39": 0, "QTLEIT40": 0, "CENTRNEO": "0", "ATENDHOS": "0", "SERAP01P": "1", "SERAP01T": "0", "SERAP02P": "0", "SERAP02T": "0", "SERAP03P": "0", "SERAP03T": "0", "SERAP04P": "0", "SERAP04T": "0", "SERAP05P": "0", "SERAP05T": "0", "SERAP06P": "0", "SERAP06T": "0", "SERAP07P": "0", "SERAP07T": "0", "SERAP08P": "0", "SERAP08T": "0", "SERAP09P": "0", "SERAP09T": "0", "SERAP10P": "0", "SERAP10T": "0", "SERAP11P": "0", "SERAP11T": "0", "SERAPOIO": "1", "RES_BIOL": "1", "RES_QUIM": "0", "RES_RADI": "0", "RES_COMU": "1", "COLETRES": "1", "COMISS01": "0", "COMISS02": "0", "COMISS03": "0", "COMISS04": "0", "COMISS05": "0", "COMISS06": "0", "COMISS07": "0", "COMISS08": "0", "COMISS09": "0", "COMISS10": "0", "COMISS11": "0", "COMISS12": "0", "COMISSAO": "0", "AP01CV01": "0", "AP01CV02": "0", "AP01CV03": "0", "AP01CV04": "0", "AP01CV05": "0", "AP01CV06": "0", "AP01CV07": "0", "AP02CV01": "1", "AP02CV02": "0", "AP02CV03": "0", "AP02CV04": "0", "AP02CV05": "0", "AP02CV06": "0", "AP02CV07": "0", "AP03CV01": "0", "AP03CV02": "0", "AP03CV03": "0", "AP03CV04": "0", "AP03CV05": "0", "AP03CV06": "0", "AP03CV07": "0", "AP04CV01": "0", "AP04CV02": "0", "AP04CV03": "0", "AP04CV04": "0", "AP04CV05": "0", "AP04CV06": "0", "AP04CV07": "0", "AP05CV01": "0", "AP05CV02": "0", "AP05CV03": "0", "AP05CV04": "0", "AP05CV05": "0", "AP05CV06": "0", "AP05CV07": "0", "AP06CV01": "0", "AP06CV02": "0", "AP06CV03": "0", "AP06CV04": "0", "AP06CV05": "0", "AP06CV06": "0", "AP06CV07": "0", "AP07CV01": "0", "AP07CV02": "0", "AP07CV03": "0", "AP07CV04": "0", "AP07CV05": "0", "AP07CV06": "0", "AP07CV07": "0", "ATEND_PR": "1", "DT_ATUAL": "202511", "COMPETEN": "202601", "NAT_JUR": "1244", "nome": "UNIDADE BASICA DE SAUDE DO GUAMIRIM", "lat": null, "long": null, "categoria": "saude", "subtipo": "" }, "geometry": { "type": "Point", "coordinates": [ 0.0, 0.0 ] } },
{ "type": "Feature", "properties": { "CNES": "2781972", "CODUFMUN": "411070", "COD_CEP": "84500051", "CPF_CNPJ": "76416866002193", "PF_PJ": "3", "NIV_DEP": "3", "CNPJ_MAN": "76416866000140", "COD_IR": null, "REGSAUDE": "04", "MICR_REG": null, "DISTRSAN": null, "DISTRADM": null, "VINC_SUS": "1", "TPGESTAO": "E", "ESFERA_A": "E", "RETENCAO": null, "ATIVIDAD": "04", "NATUREZA": null, "CLIENTEL": "02", "TP_UNID": "68", "TURNO_AT": "03", "NIV_HIER": null, "TP_PREST": "99", "CO_BANCO": null, "CO_AGENC": null, "C_CORREN": null, "CONTRATM": null, "DT_PUBLM": null, "CONTRATE": null, "DT_PUBLE": null, "ALVARA": null, "DT_EXPED": null, "ORGEXPED": null, "AV_ACRED": null, "CLASAVAL": null, "DT_ACRED": null, "AV_PNASS": null, "DT_PNASS": null, "GESPRG1E": "0", "GESPRG1M": "0", "GESPRG2E": "1", "GESPRG2M": "0", "GESPRG4E": "1", "GESPRG4M": "0", "NIVATE_A": "1", "GESPRG3E": "0", "GESPRG3M": "0", "GESPRG5E": "0", "GESPRG5M": "0", "GESPRG6E": "0", "GESPRG6M": "0", "NIVATE_H": "0", "QTLEITP1": 0, "QTLEITP2": 0, "QTLEITP3": 0, "LEITHOSP": "0", "QTINST01": 0, "QTINST02": 0, "QTINST03": 0, "QTINST04": 0, "QTINST05": 0, "QTINST06": 0, "QTINST07": 0, "QTINST08": 0, "QTINST09": 0, "QTINST10": 0, "QTINST11": 0, "QTINST12": 0, "QTINST13": 0, "QTINST14": 0, "URGEMERG": "0", "QTINST15": 0, "QTINST16": 0, "QTINST17": 0, "QTINST18": 0, "QTINST19": 0, "QTINST20": 0, "QTINST21": 0, "QTINST22": 0, "QTINST23": 0, "QTINST24": 0, "QTINST25": 0, "QTINST26": 0, "QTINST27": 0, "QTINST28": 0, "QTINST29": 0, "QTINST30": 0, "ATENDAMB": "0", "QTINST31": 0, "QTINST32": 0, "QTINST33": 0, "CENTRCIR": "0", "QTINST34": 0, "QTINST35": 0, "QTINST36": 0, "QTINST37": 0, "CENTROBS": "0", "QTLEIT05": 0, "QTLEIT06": 0, "QTLEIT07": 0, "QTLEIT08": 0, "QTLEIT09": 0, "QTLEIT19": 0, "QTLEIT20": 0, "QTLEIT21": 0, "QTLEIT22": 0, "QTLEIT23": 0, "QTLEIT32": 0, "QTLEIT34": 0, "QTLEIT38": 0, "QTLEIT39": 0, "QTLEIT40": 0, "CENTRNEO": "0", "ATENDHOS": "0", "SERAP01P": "0", "SERAP01T": "0", "SERAP02P": "0", "SERAP02T": "0", "SERAP03P": "0", "SERAP03T": "0", "SERAP04P": "0", "SERAP04T": "0", "SERAP05P": "0", "SERAP05T": "0", "SERAP06P": "0", "SERAP06T": "0", "SERAP07P": "0", "SERAP07T": "0", "SERAP08P": "0", "SERAP08T": "0", "SERAP09P": "0", "SERAP09T": "0", "SERAP10P": "0", "SERAP10T": "0", "SERAP11P": "0", "SERAP11T": "0", "SERAPOIO": "0", "RES_BIOL": "0", "RES_QUIM": "0", "RES_RADI": "0", "RES_COMU": "1", "COLETRES": "1", "COMISS01": "0", "COMISS02": "0", "COMISS03": "0", "COMISS04": "0", "COMISS05": "0", "COMISS06": "0", "COMISS07": "0", "COMISS08": "0", "COMISS09": "0", "COMISS10": "0", "COMISS11": "0", "COMISS12": "0", "COMISSAO": "0", "AP01CV01": "0", "AP01CV02": "0", "AP01CV03": "0", "AP01CV04": "0", "AP01CV05": "0", "AP01CV06": "0", "AP01CV07": "0", "AP02CV01": "0", "AP02CV02": "0", "AP02CV03": "0", "AP02CV04": "0", "AP02CV05": "0", "AP02CV06": "0", "AP02CV07": "0", "AP03CV01": "1", "AP03CV02": "0", "AP03CV03": "0", "AP03CV04": "0", "AP03CV05": "0", "AP03CV06": "0", "AP03CV07": "0", "AP04CV01": "0", "AP04CV02": "0", "AP04CV03": "0", "AP04CV04": "0", "AP04CV05": "0", "AP04CV06": "0", "AP04CV07": "0", "AP05CV01": "0", "AP05CV02": "0", "AP05CV03": "0", "AP05CV04": "0", "AP05CV05": "0", "AP05CV06": "0", "AP05CV07": "0", "AP06CV01": "1", "AP06CV02": "0", "AP06CV03": "0", "AP06CV04": "0", "AP06CV05": "0", "AP06CV06": "0", "AP06CV07": "0", "AP07CV01": "1", "AP07CV02": "0", "AP07CV03": "0", "AP07CV04": "0", "AP07CV05": "0", "AP07CV06": "0", "AP07CV07": "0", "ATEND_PR": "1", "DT_ATUAL": "202601", "COMPETEN": "202601", "NAT_JUR": "1023", "nome": "04 REGIONAL DE SAUDE DE IRATI", "lat": null, "long": null, "categoria": "saude", "subtipo": "" }, "geometry": { "type": "Point", "coordinates": [ 0.0, 0.0 ] } },
{ "type": "Feature", "properties": { "CNES": "2783789", "CODUFMUN": "411070", "COD_CEP": "84504458", "CPF_CNPJ": "78143153000185", "PF_PJ": "3", "NIV_DEP": "1", "CNPJ_MAN": "00000000000000", "COD_IR": null, "REGSAUDE": "04", "MICR_REG": null, "DISTRSAN": null, "DISTRADM": null, "VINC_SUS": "1", "TPGESTAO": "E", "ESFERA_A": "E", "RETENCAO": null, "ATIVIDAD": "04", "NATUREZA": null, "CLIENTEL": "03", "TP_UNID": "05", "TURNO_AT": "06", "NIV_HIER": null, "TP_PREST": "99", "CO_BANCO": "001", "CO_AGENC": "01821", "C_CORREN": "00000000034681", "CONTRATM": null, "DT_PUBLM": null, "CONTRATE": null, "DT_PUBLE": null, "ALVARA": "8641", "DT_EXPED": "20150522", "ORGEXPED": "2", "AV_ACRED": null, "CLASAVAL": null, "DT_ACRED": null, "AV_PNASS": null, "DT_PNASS": null, "GESPRG1E": "0", "GESPRG1M": "0", "GESPRG2E": "1", "GESPRG2M": "0", "GESPRG4E": "0", "GESPRG4M": "0", "NIVATE_A": "1", "GESPRG3E": "0", "GESPRG3M": "0", "GESPRG5E": "1", "GESPRG5M": "0", "GESPRG6E": "1", "GESPRG6M": "0", "NIVATE_H": "1", "QTLEITP1": 23, "QTLEITP2": 50, "QTLEITP3": 22, "LEITHOSP": "1", "QTINST01": 0, "QTINST02": 0, "QTINST03": 0, "QTINST04": 1, "QTINST05": 0, "QTINST06": 0, "QTINST07": 0, "QTINST08": 1, "QTINST09": 0, "QTINST10": 0, "QTINST11": 1, "QTINST12": 1, "QTINST13": 1, "QTINST14": 1, "URGEMERG": "1", "QTINST15": 0, "QTINST16": 1, "QTINST17": 0, "QTINST18": 0, "QTINST19": 0, "QTINST20": 0, "QTINST21": 0, "QTINST22": 0, "QTINST23": 0, "QTINST24": 0, "QTINST25": 1, "QTINST26": 1, "QTINST27": 1, "QTINST28": 0, "QTINST29": 0, "QTINST30": 0, "ATENDAMB": "1", "QTINST31": 3, "QTINST32": 0, "QTINST33": 0, "CENTRCIR": "1", "QTINST34": 1, "QTINST35": 1, "QTINST36": 0, "QTINST37": 0, "CENTROBS": "1", "QTLEIT05": 0, "QTLEIT06": 0, "QTLEIT07": 0, "QTLEIT08": 4, "QTLEIT09": 0, "QTLEIT19": 0, "QTLEIT20": 0, "QTLEIT21": 0, "QTLEIT22": 0, "QTLEIT23": 0, "QTLEIT32": 0, "QTLEIT34": 2, "QTLEIT38": 0, "QTLEIT39": 0, "QTLEIT40": 27, "CENTRNEO": "1", "ATENDHOS": "1", "SERAP01P": "1", "SERAP01T": "0", "SERAP02P": "1", "SERAP02T": "0", "SERAP03P": "1", "SERAP03T": "0", "SERAP04P": "1", "SERAP04T": "0", "SERAP05P": "1", "SERAP05T": "0", "SERAP06P": "1", "SERAP06T": "0", "SERAP07P": "0", "SERAP07T": "0", "SERAP08P": "1", "SERAP08T": "0", "SERAP09P": "1", "SERAP09T": "0", "SERAP10P": "0", "SERAP10T": "0", "SERAP11P": "1", "SERAP11T": "0", "SERAPOIO": "1", "RES_BIOL": "1", "RES_QUIM": "1", "RES_RADI": "1", "RES_COMU": "1", "COLETRES": "1", "COMISS01": "1", "COMISS02": "1", "COMISS03": "0", "COMISS04": "1", "COMISS05": "1", "COMISS06": "1", "COMISS07": "1", "COMISS08": "0", "COMISS09": "1", "COMISS10": "0", "COMISS11": "1", "COMISS12": "0", "COMISSAO": "1", "AP01CV01": "1", "AP01CV02": "1", "AP01CV03": "0", "AP01CV04": "0", "AP01CV05": "0", "AP01CV06": "1", "AP01CV07": "0", "AP02CV01": "1", "AP02CV02": "1", "AP02CV03": "0", "AP02CV04": "0", "AP02CV05": "0", "AP02CV06": "1", "AP02CV07": "0", "AP03CV01": "1", "AP03CV02": "1", "AP03CV03": "0", "AP03CV04": "0", "AP03CV05": "0", "AP03CV06": "1", "AP03CV07": "0", "AP04CV01": "1", "AP04CV02": "1", "AP04CV03": "0", "AP04CV04": "0", "AP04CV05": "0", "AP04CV06": "1", "AP04CV07": "0", "AP05CV01": "0", "AP05CV02": "0", "AP05CV03": "0", "AP05CV04": "0", "AP05CV05": "0", "AP05CV06": "0", "AP05CV07": "0", "AP06CV01": "0", "AP06CV02": "0", "AP06CV03": "0", "AP06CV04": "0", "AP06CV05": "0", "AP06CV06": "0", "AP06CV07": "0", "AP07CV01": "0", "AP07CV02": "0", "AP07CV03": "0", "AP07CV04": "0", "AP07CV05": "0", "AP07CV06": "0", "AP07CV07": "0", "ATEND_PR": "1", "DT_ATUAL": "202511", "COMPETEN": "202601", "NAT_JUR": "3999", "nome": "SANTA CASA DE IRATI", "lat": -25.473069284291505, "long": -50.655021988051814, "categoria": "saude", "subtipo": "" }, "geometry": { "type": "Point", "coordinates": [ -50.655021988051814, -25.473069284291505 ] } },
{ "type": "Feature", "properties": { "CNES": "2814625", "CODUFMUN": "411070", "COD_CEP": "84504450", "CPF_CNPJ": "05089411000119", "PF_PJ": "3", "NIV_DEP": "1", "CNPJ_MAN": "00000000000000", "COD_IR": null, "REGSAUDE": "04", "MICR_REG": null, "DISTRSAN": null, "DISTRADM": null, "VINC_SUS": "1", "TPGESTAO": "E", "ESFERA_A": "E", "RETENCAO": null, "ATIVIDAD": "04", "NATUREZA": null, "CLIENTEL": "02", "TP_UNID": "36", "TURNO_AT": "04", "NIV_HIER": null, "TP_PREST": "99", "CO_BANCO": "001", "CO_AGENC": "01821", "C_CORREN": "00000000131415", "CONTRATM": null, "DT_PUBLM": null, "CONTRATE": null, "DT_PUBLE": null, "ALVARA": "7902", "DT_EXPED": "20140728", "ORGEXPED": "2", "AV_ACRED": null, "CLASAVAL": null, "DT_ACRED": null, "AV_PNASS": null, "DT_PNASS": null, "GESPRG1E": "0", "GESPRG1M": "0", "GESPRG2E": "1", "GESPRG2M": "0", "GESPRG4E": "1", "GESPRG4M": "0", "NIVATE_A": "1", "GESPRG3E": "0", "GESPRG3M": "0", "GESPRG5E": "0", "GESPRG5M": "0", "GESPRG6E": "0", "GESPRG6M": "0", "NIVATE_H": "0", "QTLEITP1": 0, "QTLEITP2": 0, "QTLEITP3": 0, "LEITHOSP": "0", "QTINST01": 0, "QTINST02": 0, "QTINST03": 0, "QTINST04": 0, "QTINST05": 0, "QTINST06": 0, "QTINST07": 0, "QTINST08": 0, "QTINST09": 0, "QTINST10": 0, "QTINST11": 0, "QTINST12": 0, "QTINST13": 0, "QTINST14": 0, "URGEMERG": "1", "QTINST15": 0, "QTINST16": 2, "QTINST17": 0, "QTINST18": 0, "QTINST19": 0, "QTINST20": 0, "QTINST21": 0, "QTINST22": 2, "QTINST23": 0, "QTINST24": 0, "QTINST25": 0, "QTINST26": 0, "QTINST27": 0, "QTINST28": 0, "QTINST29": 0, "QTINST30": 0, "ATENDAMB": "1", "QTINST31": 0, "QTINST32": 0, "QTINST33": 0, "CENTRCIR": "0", "QTINST34": 0, "QTINST35": 0, "QTINST36": 0, "QTINST37": 0, "CENTROBS": "0", "QTLEIT05": 1, "QTLEIT06": 2, "QTLEIT07": 0, "QTLEIT08": 0, "QTLEIT09": 0, "QTLEIT19": 0, "QTLEIT20": 0, "QTLEIT21": 0, "QTLEIT22": 2, "QTLEIT23": 0, "QTLEIT32": 0, "QTLEIT34": 0, "QTLEIT38": 0, "QTLEIT39": 0, "QTLEIT40": 0, "CENTRNEO": "0", "ATENDHOS": "0", "SERAP01P": "1", "SERAP01T": "0", "SERAP02P": "0", "SERAP02T": "0", "SERAP03P": "0", "SERAP03T": "0", "SERAP04P": "0", "SERAP04T": "1", "SERAP05P": "1", "SERAP05T": "0", "SERAP06P": "0", "SERAP06T": "0", "SERAP07P": "0", "SERAP07T": "0", "SERAP08P": "0", "SERAP08T": "1", "SERAP09P": "0", "SERAP09T": "1", "SERAP10P": "0", "SERAP10T": "0", "SERAP11P": "0", "SERAP11T": "0", "SERAPOIO": "1", "RES_BIOL": "1", "RES_QUIM": "1", "RES_RADI": "0", "RES_COMU": "1", "COLETRES": "1", "COMISS01": "1", "COMISS02": "0", "COMISS03": "0", "COMISS04": "1", "COMISS05": "0", "COMISS06": "1", "COMISS07": "1", "COMISS08": "1", "COMISS09": "0", "COMISS10": "0", "COMISS11": "0", "COMISS12": "0", "COMISSAO": "1", "AP01CV01": "0", "AP01CV02": "0", "AP01CV03": "0", "AP01CV04": "0", "AP01CV05": "0", "AP01CV06": "0", "AP01CV07": "0", "AP02CV01": "1", "AP02CV02": "1", "AP02CV03": "0", "AP02CV04": "0", "AP02CV05": "0", "AP02CV06": "0", "AP02CV07": "0", "AP03CV01": "1", "AP03CV02": "1", "AP03CV03": "0", "AP03CV04": "0", "AP03CV05": "0", "AP03CV06": "0", "AP03CV07": "0", "AP04CV01": "0", "AP04CV02": "0", "AP04CV03": "0", "AP04CV04": "0", "AP04CV05": "0", "AP04CV06": "0", "AP04CV07": "0", "AP05CV01": "0", "AP05CV02": "0", "AP05CV03": "0", "AP05CV04": "0", "AP05CV05": "0", "AP05CV06": "0", "AP05CV07": "0", "AP06CV01": "0", "AP06CV02": "0", "AP06CV03": "0", "AP06CV04": "0", "AP06CV05": "0", "AP06CV06": "0", "AP06CV07": "0", "AP07CV01": "0", "AP07CV02": "0", "AP07CV03": "0", "AP07CV04": "0", "AP07CV05": "0", "AP07CV06": "0", "AP07CV07": "0", "ATEND_PR": "1", "DT_ATUAL": "202508", "COMPETEN": "202601", "NAT_JUR": "2062", "nome": "CLINICA RENAL IRATY LTDA", "lat": null, "long": null, "categoria": "saude", "subtipo": "" }, "geometry": { "type": "Point", "coordinates": [ 0.0, 0.0 ] } },
{ "type": "Feature", "properties": { "CNES": "3054624", "CODUFMUN": "411070", "COD_CEP": "84503368", "CPF_CNPJ": "00000000000000", "PF_PJ": "3", "NIV_DEP": "3", "CNPJ_MAN": "75654574000182", "COD_IR": null, "REGSAUDE": "04", "MICR_REG": null, "DISTRSAN": null, "DISTRADM": null, "VINC_SUS": "1", "TPGESTAO": "M", "ESFERA_A": "M", "RETENCAO": null, "ATIVIDAD": "04", "NATUREZA": null, "CLIENTEL": "01", "TP_UNID": "02", "TURNO_AT": "03", "NIV_HIER": null, "TP_PREST": "99", "CO_BANCO": null, "CO_AGENC": null, "C_CORREN": null, "CONTRATM": null, "DT_PUBLM": null, "CONTRATE": null, "DT_PUBLE": null, "ALVARA": "205", "DT_EXPED": "20040310", "ORGEXPED": "2", "AV_ACRED": null, "CLASAVAL": null, "DT_ACRED": null, "AV_PNASS": null, "DT_PNASS": null, "GESPRG1E": "0", "GESPRG1M": "1", "GESPRG2E": "0", "GESPRG2M": "0", "GESPRG4E": "0", "GESPRG4M": "0", "NIVATE_A": "1", "GESPRG3E": "0", "GESPRG3M": "0", "GESPRG5E": "0", "GESPRG5M": "0", "GESPRG6E": "0", "GESPRG6M": "0", "NIVATE_H": "0", "QTLEITP1": 0, "QTLEITP2": 0, "QTLEITP3": 0, "LEITHOSP": "0", "QTINST01": 0, "QTINST02": 0, "QTINST03": 0, "QTINST04": 0, "QTINST05": 0, "QTINST06": 0, "QTINST07": 0, "QTINST08": 0, "QTINST09": 0, "QTINST10": 0, "QTINST11": 0, "QTINST12": 0, "QTINST13": 0, "QTINST14": 0, "URGEMERG": "0", "QTINST15": 1, "QTINST16": 0, "QTINST17": 0, "QTINST18": 0, "QTINST19": 0, "QTINST20": 0, "QTINST21": 0, "QTINST22": 0, "QTINST23": 0, "QTINST24": 0, "QTINST25": 0, "QTINST26": 1, "QTINST27": 1, "QTINST28": 0, "QTINST29": 1, "QTINST30": 0, "ATENDAMB": "1", "QTINST31": 0, "QTINST32": 0, "QTINST33": 0, "CENTRCIR": "0", "QTINST34": 0, "QTINST35": 0, "QTINST36": 0, "QTINST37": 0, "CENTROBS": "0", "QTLEIT05": 0, "QTLEIT06": 0, "QTLEIT07": 0, "QTLEIT08": 0, "QTLEIT09": 0, "QTLEIT19": 0, "QTLEIT20": 0, "QTLEIT21": 0, "QTLEIT22": 0, "QTLEIT23": 0, "QTLEIT32": 0, "QTLEIT34": 0, "QTLEIT38": 0, "QTLEIT39": 0, "QTLEIT40": 0, "CENTRNEO": "0", "ATENDHOS": "0", "SERAP01P": "1", "SERAP01T": "0", "SERAP02P": "0", "SERAP02T": "0", "SERAP03P": "0", "SERAP03T": "0", "SERAP04P": "0", "SERAP04T": "0", "SERAP05P": "0", "SERAP05T": "0", "SERAP06P": "0", "SERAP06T": "0", "SERAP07P": "0", "SERAP07T": "0", "SERAP08P": "0", "SERAP08T": "0", "SERAP09P": "0", "SERAP09T": "0", "SERAP10P": "0", "SERAP10T": "0", "SERAP11P": "0", "SERAP11T": "0", "SERAPOIO": "1", "RES_BIOL": "0", "RES_QUIM": "0", "RES_RADI": "0", "RES_COMU": "1", "COLETRES": "1", "COMISS01": "0", "COMISS02": "0", "COMISS03": "0", "COMISS04": "0", "COMISS05": "0", "COMISS06": "0", "COMISS07": "0", "COMISS08": "0", "COMISS09": "0", "COMISS10": "0", "COMISS11": "0", "COMISS12": "0", "COMISSAO": "0", "AP01CV01": "0", "AP01CV02": "0", "AP01CV03": "0", "AP01CV04": "0", "AP01CV05": "0", "AP01CV06": "0", "AP01CV07": "0", "AP02CV01": "1", "AP02CV02": "0", "AP02CV03": "0", "AP02CV04": "0", "AP02CV05": "0", "AP02CV06": "0", "AP02CV07": "0", "AP03CV01": "0", "AP03CV02": "0", "AP03CV03": "0", "AP03CV04": "0", "AP03CV05": "0", "AP03CV06": "0", "AP03CV07": "0", "AP04CV01": "0", "AP04CV02": "0", "AP04CV03": "0", "AP04CV04": "0", "AP04CV05": "0", "AP04CV06": "0", "AP04CV07": "0", "AP05CV01": "0", "AP05CV02": "0", "AP05CV03": "0", "AP05CV04": "0", "AP05CV05": "0", "AP05CV06": "0", "AP05CV07": "0", "AP06CV01": "0", "AP06CV02": "0", "AP06CV03": "0", "AP06CV04": "0", "AP06CV05": "0", "AP06CV06": "0", "AP06CV07": "0", "AP07CV01": "0", "AP07CV02": "0", "AP07CV03": "0", "AP07CV04": "0", "AP07CV05": "0", "AP07CV06": "0", "AP07CV07": "0", "ATEND_PR": "1", "DT_ATUAL": "202602", "COMPETEN": "202601", "NAT_JUR": "1244", "nome": "\tUNIDADE BASICA DE SAUDE DO RIO BONITO", "lat": null, "long": null, "categoria": "saude", "subtipo": "" }, "geometry": { "type": "Point", "coordinates": [ 0.0, 0.0 ] } },
{ "type": "Feature", "properties": { "CNES": "3425894", "CODUFMUN": "411070", "COD_CEP": "84500021", "CPF_CNPJ": "78148707000137", "PF_PJ": "3", "NIV_DEP": "1", "CNPJ_MAN": "00000000000000", "COD_IR": null, "REGSAUDE": "04", "MICR_REG": null, "DISTRSAN": null, "DISTRADM": null, "VINC_SUS": "1", "TPGESTAO": "E", "ESFERA_A": "E", "RETENCAO": null, "ATIVIDAD": "04", "NATUREZA": null, "CLIENTEL": "03", "TP_UNID": "36", "TURNO_AT": "03", "NIV_HIER": null, "TP_PREST": "99", "CO_BANCO": "001", "CO_AGENC": "01821", "C_CORREN": "00000000110396", "CONTRATM": null, "DT_PUBLM": null, "CONTRATE": null, "DT_PUBLE": null, "ALVARA": "9140", "DT_EXPED": "20151030", "ORGEXPED": "2", "AV_ACRED": null, "CLASAVAL": null, "DT_ACRED": null, "AV_PNASS": null, "DT_PNASS": null, "GESPRG1E": "0", "GESPRG1M": "0", "GESPRG2E": "1", "GESPRG2M": "0", "GESPRG4E": "0", "GESPRG4M": "0", "NIVATE_A": "1", "GESPRG3E": "0", "GESPRG3M": "0", "GESPRG5E": "0", "GESPRG5M": "0", "GESPRG6E": "0", "GESPRG6M": "0", "NIVATE_H": "0", "QTLEITP1": 0, "QTLEITP2": 0, "QTLEITP3": 0, "LEITHOSP": "0", "QTINST01": 0, "QTINST02": 0, "QTINST03": 0, "QTINST04": 0, "QTINST05": 0, "QTINST06": 0, "QTINST07": 0, "QTINST08": 0, "QTINST09": 0, "QTINST10": 0, "QTINST11": 0, "QTINST12": 0, "QTINST13": 0, "QTINST14": 0, "URGEMERG": "0", "QTINST15": 1, "QTINST16": 0, "QTINST17": 0, "QTINST18": 4, "QTINST19": 0, "QTINST20": 0, "QTINST21": 0, "QTINST22": 0, "QTINST23": 0, "QTINST24": 0, "QTINST25": 0, "QTINST26": 0, "QTINST27": 0, "QTINST28": 0, "QTINST29": 0, "QTINST30": 0, "ATENDAMB": "1", "QTINST31": 0, "QTINST32": 0, "QTINST33": 0, "CENTRCIR": "0", "QTINST34": 0, "QTINST35": 0, "QTINST36": 0, "QTINST37": 0, "CENTROBS": "0", "QTLEIT05": 0, "QTLEIT06": 0, "QTLEIT07": 0, "QTLEIT08": 0, "QTLEIT09": 0, "QTLEIT19": 0, "QTLEIT20": 0, "QTLEIT21": 0, "QTLEIT22": 0, "QTLEIT23": 0, "QTLEIT32": 0, "QTLEIT34": 0, "QTLEIT38": 0, "QTLEIT39": 0, "QTLEIT40": 0, "CENTRNEO": "0", "ATENDHOS": "0", "SERAP01P": "1", "SERAP01T": "0", "SERAP02P": "1", "SERAP02T": "0", "SERAP03P": "0", "SERAP03T": "0", "SERAP04P": "0", "SERAP04T": "0", "SERAP05P": "0", "SERAP05T": "0", "SERAP06P": "0", "SERAP06T": "0", "SERAP07P": "0", "SERAP07T": "0", "SERAP08P": "1", "SERAP08T": "0", "SERAP09P": "0", "SERAP09T": "0", "SERAP10P": "0", "SERAP10T": "0", "SERAP11P": "0", "SERAP11T": "0", "SERAPOIO": "1", "RES_BIOL": "0", "RES_QUIM": "0", "RES_RADI": "0", "RES_COMU": "1", "COLETRES": "1", "COMISS01": "0", "COMISS02": "0", "COMISS03": "0", "COMISS04": "0", "COMISS05": "0", "COMISS06": "0", "COMISS07": "0", "COMISS08": "0", "COMISS09": "0", "COMISS10": "0", "COMISS11": "0", "COMISS12": "0", "COMISSAO": "0", "AP01CV01": "0", "AP01CV02": "0", "AP01CV03": "0", "AP01CV04": "0", "AP01CV05": "0", "AP01CV06": "0", "AP01CV07": "0", "AP02CV01": "1", "AP02CV02": "0", "AP02CV03": "0", "AP02CV04": "0", "AP02CV05": "0", "AP02CV06": "0", "AP02CV07": "0", "AP03CV01": "1", "AP03CV02": "0", "AP03CV03": "0", "AP03CV04": "0", "AP03CV05": "0", "AP03CV06": "0", "AP03CV07": "0", "AP04CV01": "0", "AP04CV02": "0", "AP04CV03": "0", "AP04CV04": "0", "AP04CV05": "0", "AP04CV06": "0", "AP04CV07": "0", "AP05CV01": "0", "AP05CV02": "0", "AP05CV03": "0", "AP05CV04": "0", "AP05CV05": "0", "AP05CV06": "0", "AP05CV07": "0", "AP06CV01": "0", "AP06CV02": "0", "AP06CV03": "0", "AP06CV04": "0", "AP06CV05": "0", "AP06CV06": "0", "AP06CV07": "0", "AP07CV01": "0", "AP07CV02": "0", "AP07CV03": "0", "AP07CV04": "0", "AP07CV05": "0", "AP07CV06": "0", "AP07CV07": "0", "ATEND_PR": "1", "DT_ATUAL": "202508", "COMPETEN": "202601", "NAT_JUR": "3999", "nome": "ASSOCIACAO DE PAIS E AMIGOS DOS EXCEPCIONAIS DE IRATI", "lat": null, "long": null, "categoria": "saude", "subtipo": "" }, "geometry": { "type": "Point", "coordinates": [ 0.0, 0.0 ] } },
{ "type": "Feature", "properties": { "CNES": "3834271", "CODUFMUN": "411070", "COD_CEP": "84500188", "CPF_CNPJ": "00000000000000", "PF_PJ": "3", "NIV_DEP": "3", "CNPJ_MAN": "00358098000153", "COD_IR": null, "REGSAUDE": "04", "MICR_REG": null, "DISTRSAN": null, "DISTRADM": null, "VINC_SUS": "1", "TPGESTAO": "D", "ESFERA_A": "D", "RETENCAO": null, "ATIVIDAD": "04", "NATUREZA": null, "CLIENTEL": "02", "TP_UNID": "36", "TURNO_AT": "03", "NIV_HIER": null, "TP_PREST": "99", "CO_BANCO": null, "CO_AGENC": null, "C_CORREN": null, "CONTRATM": null, "DT_PUBLM": null, "CONTRATE": null, "DT_PUBLE": null, "ALVARA": "11539A", "DT_EXPED": "20171123", "ORGEXPED": "2", "AV_ACRED": null, "CLASAVAL": null, "DT_ACRED": null, "AV_PNASS": null, "DT_PNASS": null, "GESPRG1E": "0", "GESPRG1M": "1", "GESPRG2E": "1", "GESPRG2M": "0", "GESPRG4E": "0", "GESPRG4M": "0", "NIVATE_A": "1", "GESPRG3E": "0", "GESPRG3M": "0", "GESPRG5E": "0", "GESPRG5M": "0", "GESPRG6E": "0", "GESPRG6M": "0", "NIVATE_H": "0", "QTLEITP1": 0, "QTLEITP2": 0, "QTLEITP3": 0, "LEITHOSP": "0", "QTINST01": 0, "QTINST02": 0, "QTINST03": 0, "QTINST04": 0, "QTINST05": 0, "QTINST06": 0, "QTINST07": 0, "QTINST08": 0, "QTINST09": 0, "QTINST10": 0, "QTINST11": 0, "QTINST12": 0, "QTINST13": 0, "QTINST14": 0, "URGEMERG": "0", "QTINST15": 0, "QTINST16": 0, "QTINST17": 0, "QTINST18": 0, "QTINST19": 0, "QTINST20": 0, "QTINST21": 0, "QTINST22": 0, "QTINST23": 6, "QTINST24": 0, "QTINST25": 0, "QTINST26": 0, "QTINST27": 0, "QTINST28": 0, "QTINST29": 0, "QTINST30": 0, "ATENDAMB": "1", "QTINST31": 0, "QTINST32": 0, "QTINST33": 0, "CENTRCIR": "0", "QTINST34": 0, "QTINST35": 0, "QTINST36": 0, "QTINST37": 0, "CENTROBS": "0", "QTLEIT05": 0, "QTLEIT06": 0, "QTLEIT07": 0, "QTLEIT08": 0, "QTLEIT09": 0, "QTLEIT19": 0, "QTLEIT20": 0, "QTLEIT21": 0, "QTLEIT22": 0, "QTLEIT23": 0, "QTLEIT32": 0, "QTLEIT34": 0, "QTLEIT38": 0, "QTLEIT39": 0, "QTLEIT40": 0, "CENTRNEO": "0", "ATENDHOS": "0", "SERAP01P": "1", "SERAP01T": "0", "SERAP02P": "0", "SERAP02T": "0", "SERAP03P": "0", "SERAP03T": "0", "SERAP04P": "1", "SERAP04T": "0", "SERAP05P": "0", "SERAP05T": "0", "SERAP06P": "0", "SERAP06T": "0", "SERAP07P": "0", "SERAP07T": "0", "SERAP08P": "0", "SERAP08T": "0", "SERAP09P": "0", "SERAP09T": "1", "SERAP10P": "0", "SERAP10T": "0", "SERAP11P": "0", "SERAP11T": "0", "SERAPOIO": "1", "RES_BIOL": "1", "RES_QUIM": "0", "RES_RADI": "0", "RES_COMU": "1", "COLETRES": "1", "COMISS01": "0", "COMISS02": "0", "COMISS03": "0", "COMISS04": "1", "COMISS05": "0", "COMISS06": "0", "COMISS07": "0", "COMISS08": "0", "COMISS09": "0", "COMISS10": "0", "COMISS11": "0", "COMISS12": "0", "COMISSAO": "1", "AP01CV01": "0", "AP01CV02": "0", "AP01CV03": "0", "AP01CV04": "0", "AP01CV05": "0", "AP01CV06": "0", "AP01CV07": "0", "AP02CV01": "1", "AP02CV02": "0", "AP02CV03": "0", "AP02CV04": "0", "AP02CV05": "0", "AP02CV06": "0", "AP02CV07": "0", "AP03CV01": "1", "AP03CV02": "0", "AP03CV03": "0", "AP03CV04": "0", "AP03CV05": "0", "AP03CV06": "0", "AP03CV07": "0", "AP04CV01": "0", "AP04CV02": "0", "AP04CV03": "0", "AP04CV04": "0", "AP04CV05": "0", "AP04CV06": "0", "AP04CV07": "0", "AP05CV01": "0", "AP05CV02": "0", "AP05CV03": "0", "AP05CV04": "0", "AP05CV05": "0", "AP05CV06": "0", "AP05CV07": "0", "AP06CV01": "0", "AP06CV02": "0", "AP06CV03": "0", "AP06CV04": "0", "AP06CV05": "0", "AP06CV06": "0", "AP06CV07": "0", "AP07CV01": "0", "AP07CV02": "0", "AP07CV03": "0", "AP07CV04": "0", "AP07CV05": "0", "AP07CV06": "0", "AP07CV07": "0", "ATEND_PR": "1", "DT_ATUAL": "202506", "COMPETEN": "202601", "NAT_JUR": "1210", "nome": "CENTRO DE ATENCAO A SAUDE CEO", "lat": null, "long": null, "categoria": "saude", "subtipo": "" }, "geometry": { "type": "Point", "coordinates": [ 0.0, 0.0 ] } },
{ "type": "Feature", "properties": { "CNES": "4405730", "CODUFMUN": "411070", "COD_CEP": "84504458", "CPF_CNPJ": "00000000000000", "PF_PJ": "3", "NIV_DEP": "3", "CNPJ_MAN": "75654574000182", "COD_IR": null, "REGSAUDE": "004", "MICR_REG": null, "DISTRSAN": null, "DISTRADM": null, "VINC_SUS": "1", "TPGESTAO": "M", "ESFERA_A": "M", "RETENCAO": null, "ATIVIDAD": "04", "NATUREZA": null, "CLIENTEL": "01", "TP_UNID": "02", "TURNO_AT": "03", "NIV_HIER": null, "TP_PREST": "99", "CO_BANCO": null, "CO_AGENC": null, "C_CORREN": null, "CONTRATM": null, "DT_PUBLM": null, "CONTRATE": null, "DT_PUBLE": null, "ALVARA": "12457", "DT_EXPED": "20231101", "ORGEXPED": "2", "AV_ACRED": null, "CLASAVAL": null, "DT_ACRED": null, "AV_PNASS": null, "DT_PNASS": null, "GESPRG1E": "0", "GESPRG1M": "1", "GESPRG2E": "0", "GESPRG2M": "0", "GESPRG4E": "0", "GESPRG4M": "0", "NIVATE_A": "1", "GESPRG3E": "0", "GESPRG3M": "0", "GESPRG5E": "0", "GESPRG5M": "0", "GESPRG6E": "0", "GESPRG6M": "0", "NIVATE_H": "0", "QTLEITP1": 0, "QTLEITP2": 0, "QTLEITP3": 0, "LEITHOSP": "0", "QTINST01": 0, "QTINST02": 0, "QTINST03": 0, "QTINST04": 0, "QTINST05": 0, "QTINST06": 0, "QTINST07": 0, "QTINST08": 0, "QTINST09": 0, "QTINST10": 0, "QTINST11": 0, "QTINST12": 0, "QTINST13": 0, "QTINST14": 0, "URGEMERG": "0", "QTINST15": 1, "QTINST16": 0, "QTINST17": 0, "QTINST18": 1, "QTINST19": 0, "QTINST20": 0, "QTINST21": 0, "QTINST22": 0, "QTINST23": 0, "QTINST24": 0, "QTINST25": 1, "QTINST26": 1, "QTINST27": 0, "QTINST28": 0, "QTINST29": 1, "QTINST30": 0, "ATENDAMB": "1", "QTINST31": 0, "QTINST32": 0, "QTINST33": 0, "CENTRCIR": "0", "QTINST34": 0, "QTINST35": 0, "QTINST36": 0, "QTINST37": 0, "CENTROBS": "0", "QTLEIT05": 0, "QTLEIT06": 0, "QTLEIT07": 0, "QTLEIT08": 0, "QTLEIT09": 0, "QTLEIT19": 0, "QTLEIT20": 0, "QTLEIT21": 0, "QTLEIT22": 0, "QTLEIT23": 0, "QTLEIT32": 0, "QTLEIT34": 0, "QTLEIT38": 0, "QTLEIT39": 0, "QTLEIT40": 0, "CENTRNEO": "0", "ATENDHOS": "0", "SERAP01P": "1", "SERAP01T": "0", "SERAP02P": "0", "SERAP02T": "0", "SERAP03P": "0", "SERAP03T": "0", "SERAP04P": "0", "SERAP04T": "0", "SERAP05P": "0", "SERAP05T": "0", "SERAP06P": "0", "SERAP06T": "0", "SERAP07P": "0", "SERAP07T": "0", "SERAP08P": "0", "SERAP08T": "0", "SERAP09P": "0", "SERAP09T": "0", "SERAP10P": "0", "SERAP10T": "0", "SERAP11P": "0", "SERAP11T": "0", "SERAPOIO": "1", "RES_BIOL": "1", "RES_QUIM": "0", "RES_RADI": "0", "RES_COMU": "1", "COLETRES": "1", "COMISS01": "0", "COMISS02": "0", "COMISS03": "0", "COMISS04": "0", "COMISS05": "0", "COMISS06": "0", "COMISS07": "0", "COMISS08": "0", "COMISS09": "0", "COMISS10": "0", "COMISS11": "0", "COMISS12": "0", "COMISSAO": "0", "AP01CV01": "0", "AP01CV02": "0", "AP01CV03": "0", "AP01CV04": "0", "AP01CV05": "0", "AP01CV06": "0", "AP01CV07": "0", "AP02CV01": "1", "AP02CV02": "0", "AP02CV03": "0", "AP02CV04": "0", "AP02CV05": "0", "AP02CV06": "0", "AP02CV07": "0", "AP03CV01": "0", "AP03CV02": "0", "AP03CV03": "0", "AP03CV04": "0", "AP03CV05": "0", "AP03CV06": "0", "AP03CV07": "0", "AP04CV01": "0", "AP04CV02": "0", "AP04CV03": "0", "AP04CV04": "0", "AP04CV05": "0", "AP04CV06": "0", "AP04CV07": "0", "AP05CV01": "0", "AP05CV02": "0", "AP05CV03": "0", "AP05CV04": "0", "AP05CV05": "0", "AP05CV06": "0", "AP05CV07": "0", "AP06CV01": "0", "AP06CV02": "0", "AP06CV03": "0", "AP06CV04": "0", "AP06CV05": "0", "AP06CV06": "0", "AP06CV07": "0", "AP07CV01": "0", "AP07CV02": "0", "AP07CV03": "0", "AP07CV04": "0", "AP07CV05": "0", "AP07CV06": "0", "AP07CV07": "0", "ATEND_PR": "1", "DT_ATUAL": "202511", "COMPETEN": "202601", "NAT_JUR": "1244", "nome": "UNIDADE BASICA DE SAUDE CENTRAL", "lat": null, "long": null, "categoria": "saude", "subtipo": "" }, "geometry": { "type": "Point", "coordinates": [ 0.0, 0.0 ] } },
{ "type": "Feature", "properties": { "CNES": "5558735", "CODUFMUN": "411070", "COD_CEP": "84504458", "CPF_CNPJ": "00000000000000", "PF_PJ": "3", "NIV_DEP": "3", "CNPJ_MAN": "75654574000182", "COD_IR": null, "REGSAUDE": "04", "MICR_REG": null, "DISTRSAN": null, "DISTRADM": null, "VINC_SUS": "1", "TPGESTAO": "M", "ESFERA_A": "M", "RETENCAO": null, "ATIVIDAD": "04", "NATUREZA": null, "CLIENTEL": "01", "TP_UNID": "50", "TURNO_AT": "03", "NIV_HIER": null, "TP_PREST": "99", "CO_BANCO": null, "CO_AGENC": null, "C_CORREN": null, "CONTRATM": null, "DT_PUBLM": null, "CONTRATE": null, "DT_PUBLE": null, "ALVARA": null, "DT_EXPED": null, "ORGEXPED": null, "AV_ACRED": null, "CLASAVAL": null, "DT_ACRED": null, "AV_PNASS": null, "DT_PNASS": null, "GESPRG1E": "0", "GESPRG1M": "0", "GESPRG2E": "0", "GESPRG2M": "0", "GESPRG4E": "0", "GESPRG4M": "0", "NIVATE_A": "0", "GESPRG3E": "0", "GESPRG3M": "0", "GESPRG5E": "0", "GESPRG5M": "0", "GESPRG6E": "0", "GESPRG6M": "0", "NIVATE_H": "0", "QTLEITP1": 0, "QTLEITP2": 0, "QTLEITP3": 0, "LEITHOSP": "0", "QTINST01": 0, "QTINST02": 0, "QTINST03": 0, "QTINST04": 0, "QTINST05": 0, "QTINST06": 0, "QTINST07": 0, "QTINST08": 0, "QTINST09": 0, "QTINST10": 0, "QTINST11": 0, "QTINST12": 0, "QTINST13": 0, "QTINST14": 0, "URGEMERG": "0", "QTINST15": 0, "QTINST16": 0, "QTINST17": 0, "QTINST18": 0, "QTINST19": 0, "QTINST20": 0, "QTINST21": 0, "QTINST22": 0, "QTINST23": 0, "QTINST24": 0, "QTINST25": 0, "QTINST26": 0, "QTINST27": 0, "QTINST28": 0, "QTINST29": 0, "QTINST30": 0, "ATENDAMB": "0", "QTINST31": 0, "QTINST32": 0, "QTINST33": 0, "CENTRCIR": "0", "QTINST34": 0, "QTINST35": 0, "QTINST36": 0, "QTINST37": 0, "CENTROBS": "0", "QTLEIT05": 0, "QTLEIT06": 0, "QTLEIT07": 0, "QTLEIT08": 0, "QTLEIT09": 0, "QTLEIT19": 0, "QTLEIT20": 0, "QTLEIT21": 0, "QTLEIT22": 0, "QTLEIT23": 0, "QTLEIT32": 0, "QTLEIT34": 0, "QTLEIT38": 0, "QTLEIT39": 0, "QTLEIT40": 0, "CENTRNEO": "0", "ATENDHOS": "0", "SERAP01P": "0", "SERAP01T": "0", "SERAP02P": "0", "SERAP02T": "0", "SERAP03P": "0", "SERAP03T": "0", "SERAP04P": "0", "SERAP04T": "0", "SERAP05P": "0", "SERAP05T": "0", "SERAP06P": "0", "SERAP06T": "0", "SERAP07P": "0", "SERAP07T": "0", "SERAP08P": "0", "SERAP08T": "0", "SERAP09P": "0", "SERAP09T": "0", "SERAP10P": "0", "SERAP10T": "0", "SERAP11P": "0", "SERAP11T": "0", "SERAPOIO": "0", "RES_BIOL": "0", "RES_QUIM": "0", "RES_RADI": "0", "RES_COMU": "1", "COLETRES": "1", "COMISS01": "0", "COMISS02": "0", "COMISS03": "0", "COMISS04": "0", "COMISS05": "0", "COMISS06": "0", "COMISS07": "0", "COMISS08": "0", "COMISS09": "0", "COMISS10": "0", "COMISS11": "0", "COMISS12": "0", "COMISSAO": "0", "AP01CV01": "0", "AP01CV02": "0", "AP01CV03": "0", "AP01CV04": "0", "AP01CV05": "0", "AP01CV06": "0", "AP01CV07": "0", "AP02CV01": "0", "AP02CV02": "0", "AP02CV03": "0", "AP02CV04": "0", "AP02CV05": "0", "AP02CV06": "0", "AP02CV07": "0", "AP03CV01": "0", "AP03CV02": "0", "AP03CV03": "0", "AP03CV04": "0", "AP03CV05": "0", "AP03CV06": "0", "AP03CV07": "0", "AP04CV01": "0", "AP04CV02": "0", "AP04CV03": "0", "AP04CV04": "0", "AP04CV05": "0", "AP04CV06": "0", "AP04CV07": "0", "AP05CV01": "0", "AP05CV02": "0", "AP05CV03": "0", "AP05CV04": "0", "AP05CV05": "0", "AP05CV06": "0", "AP05CV07": "0", "AP06CV01": "1", "AP06CV02": "0", "AP06CV03": "0", "AP06CV04": "0", "AP06CV05": "0", "AP06CV06": "0", "AP06CV07": "0", "AP07CV01": "0", "AP07CV02": "0", "AP07CV03": "0", "AP07CV04": "0", "AP07CV05": "0", "AP07CV06": "0", "AP07CV07": "0", "ATEND_PR": "1", "DT_ATUAL": "202505", "COMPETEN": "202601", "NAT_JUR": "1244", "nome": "VIGILANCIA SANITARIA DE IRATI", "lat": null, "long": null, "categoria": "saude", "subtipo": "" }, "geometry": { "type": "Point", "coordinates": [ 0.0, 0.0 ] } },
{ "type": "Feature", "properties": { "CNES": "5690439", "CODUFMUN": "411070", "COD_CEP": "84505514", "CPF_CNPJ": "00000000000000", "PF_PJ": "3", "NIV_DEP": "3", "CNPJ_MAN": "75654574000182", "COD_IR": null, "REGSAUDE": "004", "MICR_REG": null, "DISTRSAN": null, "DISTRADM": null, "VINC_SUS": "1", "TPGESTAO": "M", "ESFERA_A": "M", "RETENCAO": null, "ATIVIDAD": "04", "NATUREZA": null, "CLIENTEL": "01", "TP_UNID": "02", "TURNO_AT": "03", "NIV_HIER": null, "TP_PREST": "99", "CO_BANCO": null, "CO_AGENC": null, "C_CORREN": null, "CONTRATM": null, "DT_PUBLM": null, "CONTRATE": null, "DT_PUBLE": null, "ALVARA": "1787/08", "DT_EXPED": "20080214", "ORGEXPED": "2", "AV_ACRED": null, "CLASAVAL": null, "DT_ACRED": null, "AV_PNASS": null, "DT_PNASS": null, "GESPRG1E": "0", "GESPRG1M": "1", "GESPRG2E": "0", "GESPRG2M": "0", "GESPRG4E": "0", "GESPRG4M": "0", "NIVATE_A": "1", "GESPRG3E": "0", "GESPRG3M": "0", "GESPRG5E": "0", "GESPRG5M": "0", "GESPRG6E": "0", "GESPRG6M": "0", "NIVATE_H": "0", "QTLEITP1": 0, "QTLEITP2": 0, "QTLEITP3": 0, "LEITHOSP": "0", "QTINST01": 0, "QTINST02": 0, "QTINST03": 0, "QTINST04": 0, "QTINST05": 0, "QTINST06": 0, "QTINST07": 0, "QTINST08": 0, "QTINST09": 0, "QTINST10": 0, "QTINST11": 0, "QTINST12": 0, "QTINST13": 0, "QTINST14": 0, "URGEMERG": "0", "QTINST15": 4, "QTINST16": 0, "QTINST17": 0, "QTINST18": 0, "QTINST19": 0, "QTINST20": 0, "QTINST21": 0, "QTINST22": 0, "QTINST23": 1, "QTINST24": 0, "QTINST25": 1, "QTINST26": 1, "QTINST27": 0, "QTINST28": 0, "QTINST29": 1, "QTINST30": 0, "ATENDAMB": "1", "QTINST31": 0, "QTINST32": 0, "QTINST33": 0, "CENTRCIR": "0", "QTINST34": 0, "QTINST35": 0, "QTINST36": 0, "QTINST37": 0, "CENTROBS": "0", "QTLEIT05": 0, "QTLEIT06": 0, "QTLEIT07": 0, "QTLEIT08": 0, "QTLEIT09": 0, "QTLEIT19": 0, "QTLEIT20": 0, "QTLEIT21": 0, "QTLEIT22": 0, "QTLEIT23": 0, "QTLEIT32": 0, "QTLEIT34": 0, "QTLEIT38": 0, "QTLEIT39": 0, "QTLEIT40": 0, "CENTRNEO": "0", "ATENDHOS": "0", "SERAP01P": "1", "SERAP01T": "0", "SERAP02P": "0", "SERAP02T": "0", "SERAP03P": "0", "SERAP03T": "0", "SERAP04P": "0", "SERAP04T": "0", "SERAP05P": "0", "SERAP05T": "0", "SERAP06P": "0", "SERAP06T": "0", "SERAP07P": "0", "SERAP07T": "0", "SERAP08P": "0", "SERAP08T": "0", "SERAP09P": "0", "SERAP09T": "0", "SERAP10P": "0", "SERAP10T": "0", "SERAP11P": "0", "SERAP11T": "0", "SERAPOIO": "1", "RES_BIOL": "1", "RES_QUIM": "0", "RES_RADI": "0", "RES_COMU": "1", "COLETRES": "1", "COMISS01": "0", "COMISS02": "0", "COMISS03": "0", "COMISS04": "0", "COMISS05": "0", "COMISS06": "0", "COMISS07": "0", "COMISS08": "0", "COMISS09": "0", "COMISS10": "0", "COMISS11": "0", "COMISS12": "0", "COMISSAO": "0", "AP01CV01": "0", "AP01CV02": "0", "AP01CV03": "0", "AP01CV04": "0", "AP01CV05": "0", "AP01CV06": "0", "AP01CV07": "0", "AP02CV01": "1", "AP02CV02": "0", "AP02CV03": "0", "AP02CV04": "0", "AP02CV05": "0", "AP02CV06": "0", "AP02CV07": "0", "AP03CV01": "0", "AP03CV02": "0", "AP03CV03": "0", "AP03CV04": "0", "AP03CV05": "0", "AP03CV06": "0", "AP03CV07": "0", "AP04CV01": "0", "AP04CV02": "0", "AP04CV03": "0", "AP04CV04": "0", "AP04CV05": "0", "AP04CV06": "0", "AP04CV07": "0", "AP05CV01": "0", "AP05CV02": "0", "AP05CV03": "0", "AP05CV04": "0", "AP05CV05": "0", "AP05CV06": "0", "AP05CV07": "0", "AP06CV01": "0", "AP06CV02": "0", "AP06CV03": "0", "AP06CV04": "0", "AP06CV05": "0", "AP06CV06": "0", "AP06CV07": "0", "AP07CV01": "0", "AP07CV02": "0", "AP07CV03": "0", "AP07CV04": "0", "AP07CV05": "0", "AP07CV06": "0", "AP07CV07": "0", "ATEND_PR": "1", "DT_ATUAL": "202511", "COMPETEN": "202601", "NAT_JUR": "1244", "nome": "UNIDADE BASICA DE SAUDE DE ENGENHEIRO GUTIERREZ", "lat": null, "long": null, "categoria": "saude", "subtipo": "" }, "geometry": { "type": "Point", "coordinates": [ 0.0, 0.0 ] } },
{ "type": "Feature", "properties": { "CNES": "5743664", "CODUFMUN": "411070", "COD_CEP": "84505385", "CPF_CNPJ": "00000000000000", "PF_PJ": "3", "NIV_DEP": "3", "CNPJ_MAN": "75654574000182", "COD_IR": null, "REGSAUDE": "004", "MICR_REG": null, "DISTRSAN": null, "DISTRADM": null, "VINC_SUS": "1", "TPGESTAO": "M", "ESFERA_A": "M", "RETENCAO": null, "ATIVIDAD": "04", "NATUREZA": null, "CLIENTEL": "01", "TP_UNID": "42", "TURNO_AT": "06", "NIV_HIER": null, "TP_PREST": "99", "CO_BANCO": null, "CO_AGENC": null, "C_CORREN": null, "CONTRATM": null, "DT_PUBLM": null, "CONTRATE": null, "DT_PUBLE": null, "ALVARA": null, "DT_EXPED": null, "ORGEXPED": null, "AV_ACRED": null, "CLASAVAL": null, "DT_ACRED": null, "AV_PNASS": null, "DT_PNASS": null, "GESPRG1E": "0", "GESPRG1M": "0", "GESPRG2E": "0", "GESPRG2M": "1", "GESPRG4E": "0", "GESPRG4M": "0", "NIVATE_A": "1", "GESPRG3E": "0", "GESPRG3M": "0", "GESPRG5E": "0", "GESPRG5M": "0", "GESPRG6E": "0", "GESPRG6M": "0", "NIVATE_H": "0", "QTLEITP1": 0, "QTLEITP2": 0, "QTLEITP3": 0, "LEITHOSP": "0", "QTINST01": 0, "QTINST02": 0, "QTINST03": 0, "QTINST04": 0, "QTINST05": 0, "QTINST06": 0, "QTINST07": 0, "QTINST08": 0, "QTINST09": 0, "QTINST10": 0, "QTINST11": 0, "QTINST12": 0, "QTINST13": 0, "QTINST14": 0, "URGEMERG": "0", "QTINST15": 0, "QTINST16": 0, "QTINST17": 0, "QTINST18": 0, "QTINST19": 0, "QTINST20": 0, "QTINST21": 0, "QTINST22": 0, "QTINST23": 0, "QTINST24": 0, "QTINST25": 0, "QTINST26": 0, "QTINST27": 0, "QTINST28": 0, "QTINST29": 0, "QTINST30": 0, "ATENDAMB": "0", "QTINST31": 0, "QTINST32": 0, "QTINST33": 0, "CENTRCIR": "0", "QTINST34": 0, "QTINST35": 0, "QTINST36": 0, "QTINST37": 0, "CENTROBS": "0", "QTLEIT05": 0, "QTLEIT06": 0, "QTLEIT07": 0, "QTLEIT08": 0, "QTLEIT09": 0, "QTLEIT19": 0, "QTLEIT20": 0, "QTLEIT21": 0, "QTLEIT22": 0, "QTLEIT23": 0, "QTLEIT32": 0, "QTLEIT34": 0, "QTLEIT38": 0, "QTLEIT39": 0, "QTLEIT40": 0, "CENTRNEO": "0", "ATENDHOS": "0", "SERAP01P": "0", "SERAP01T": "0", "SERAP02P": "0", "SERAP02T": "0", "SERAP03P": "0", "SERAP03T": "0", "SERAP04P": "0", "SERAP04T": "0", "SERAP05P": "0", "SERAP05T": "0", "SERAP06P": "0", "SERAP06T": "0", "SERAP07P": "0", "SERAP07T": "0", "SERAP08P": "0", "SERAP08T": "0", "SERAP09P": "0", "SERAP09T": "0", "SERAP10P": "1", "SERAP10T": "0", "SERAP11P": "0", "SERAP11T": "0", "SERAPOIO": "1", "RES_BIOL": "1", "RES_QUIM": "0", "RES_RADI": "0", "RES_COMU": "1", "COLETRES": "1", "COMISS01": "0", "COMISS02": "0", "COMISS03": "0", "COMISS04": "0", "COMISS05": "0", "COMISS06": "0", "COMISS07": "0", "COMISS08": "0", "COMISS09": "0", "COMISS10": "0", "COMISS11": "0", "COMISS12": "0", "COMISSAO": "0", "AP01CV01": "0", "AP01CV02": "0", "AP01CV03": "0", "AP01CV04": "0", "AP01CV05": "0", "AP01CV06": "0", "AP01CV07": "0", "AP02CV01": "0", "AP02CV02": "0", "AP02CV03": "0", "AP02CV04": "0", "AP02CV05": "0", "AP02CV06": "0", "AP02CV07": "0", "AP03CV01": "0", "AP03CV02": "0", "AP03CV03": "0", "AP03CV04": "0", "AP03CV05": "0", "AP03CV06": "0", "AP03CV07": "0", "AP04CV01": "1", "AP04CV02": "0", "AP04CV03": "0", "AP04CV04": "0", "AP04CV05": "0", "AP04CV06": "0", "AP04CV07": "0", "AP05CV01": "0", "AP05CV02": "0", "AP05CV03": "0", "AP05CV04": "0", "AP05CV05": "0", "AP05CV06": "0", "AP05CV07": "0", "AP06CV01": "0", "AP06CV02": "0", "AP06CV03": "0", "AP06CV04": "0", "AP06CV05": "0", "AP06CV06": "0", "AP06CV07": "0", "AP07CV01": "0", "AP07CV02": "0", "AP07CV03": "0", "AP07CV04": "0", "AP07CV05": "0", "AP07CV06": "0", "AP07CV07": "0", "ATEND_PR": "1", "DT_ATUAL": "202508", "COMPETEN": "202601", "NAT_JUR": "1244", "nome": "UNIDADE DE SUPORTE BASICO RESERVA TECNICA", "lat": null, "long": null, "categoria": "saude", "subtipo": "" }, "geometry": { "type": "Point", "coordinates": [ 0.0, 0.0 ] } },
{ "type": "Feature", "properties": { "CNES": "5826586", "CODUFMUN": "411070", "COD_CEP": "84504418", "CPF_CNPJ": "00000000000000", "PF_PJ": "3", "NIV_DEP": "3", "CNPJ_MAN": "75654574000182", "COD_IR": null, "REGSAUDE": "4", "MICR_REG": null, "DISTRSAN": null, "DISTRADM": null, "VINC_SUS": "1", "TPGESTAO": "M", "ESFERA_A": "M", "RETENCAO": null, "ATIVIDAD": "04", "NATUREZA": null, "CLIENTEL": "03", "TP_UNID": "50", "TURNO_AT": "06", "NIV_HIER": null, "TP_PREST": "99", "CO_BANCO": null, "CO_AGENC": null, "C_CORREN": null, "CONTRATM": null, "DT_PUBLM": null, "CONTRATE": null, "DT_PUBLE": null, "ALVARA": null, "DT_EXPED": null, "ORGEXPED": null, "AV_ACRED": null, "CLASAVAL": null, "DT_ACRED": null, "AV_PNASS": null, "DT_PNASS": null, "GESPRG1E": "0", "GESPRG1M": "0", "GESPRG2E": "0", "GESPRG2M": "0", "GESPRG4E": "0", "GESPRG4M": "0", "NIVATE_A": "0", "GESPRG3E": "0", "GESPRG3M": "0", "GESPRG5E": "0", "GESPRG5M": "0", "GESPRG6E": "0", "GESPRG6M": "0", "NIVATE_H": "0", "QTLEITP1": 0, "QTLEITP2": 0, "QTLEITP3": 0, "LEITHOSP": "0", "QTINST01": 0, "QTINST02": 0, "QTINST03": 0, "QTINST04": 0, "QTINST05": 0, "QTINST06": 0, "QTINST07": 0, "QTINST08": 0, "QTINST09": 0, "QTINST10": 0, "QTINST11": 0, "QTINST12": 0, "QTINST13": 0, "QTINST14": 0, "URGEMERG": "0", "QTINST15": 0, "QTINST16": 0, "QTINST17": 0, "QTINST18": 0, "QTINST19": 0, "QTINST20": 0, "QTINST21": 0, "QTINST22": 0, "QTINST23": 0, "QTINST24": 0, "QTINST25": 0, "QTINST26": 0, "QTINST27": 0, "QTINST28": 0, "QTINST29": 0, "QTINST30": 0, "ATENDAMB": "0", "QTINST31": 0, "QTINST32": 0, "QTINST33": 0, "CENTRCIR": "0", "QTINST34": 0, "QTINST35": 0, "QTINST36": 0, "QTINST37": 0, "CENTROBS": "0", "QTLEIT05": 0, "QTLEIT06": 0, "QTLEIT07": 0, "QTLEIT08": 0, "QTLEIT09": 0, "QTLEIT19": 0, "QTLEIT20": 0, "QTLEIT21": 0, "QTLEIT22": 0, "QTLEIT23": 0, "QTLEIT32": 0, "QTLEIT34": 0, "QTLEIT38": 0, "QTLEIT39": 0, "QTLEIT40": 0, "CENTRNEO": "0", "ATENDHOS": "0", "SERAP01P": "0", "SERAP01T": "0", "SERAP02P": "0", "SERAP02T": "0", "SERAP03P": "0", "SERAP03T": "0", "SERAP04P": "0", "SERAP04T": "0", "SERAP05P": "0", "SERAP05T": "0", "SERAP06P": "0", "SERAP06T": "0", "SERAP07P": "0", "SERAP07T": "0", "SERAP08P": "0", "SERAP08T": "0", "SERAP09P": "0", "SERAP09T": "0", "SERAP10P": "0", "SERAP10T": "0", "SERAP11P": "0", "SERAP11T": "0", "SERAPOIO": "0", "RES_BIOL": "1", "RES_QUIM": "0", "RES_RADI": "0", "RES_COMU": "1", "COLETRES": "1", "COMISS01": "0", "COMISS02": "0", "COMISS03": "0", "COMISS04": "0", "COMISS05": "0", "COMISS06": "0", "COMISS07": "0", "COMISS08": "0", "COMISS09": "0", "COMISS10": "0", "COMISS11": "0", "COMISS12": "0", "COMISSAO": "0", "AP01CV01": "0", "AP01CV02": "0", "AP01CV03": "0", "AP01CV04": "0", "AP01CV05": "0", "AP01CV06": "0", "AP01CV07": "0", "AP02CV01": "0", "AP02CV02": "0", "AP02CV03": "0", "AP02CV04": "0", "AP02CV05": "0", "AP02CV06": "0", "AP02CV07": "0", "AP03CV01": "0", "AP03CV02": "0", "AP03CV03": "0", "AP03CV04": "0", "AP03CV05": "0", "AP03CV06": "0", "AP03CV07": "0", "AP04CV01": "0", "AP04CV02": "0", "AP04CV03": "0", "AP04CV04": "0", "AP04CV05": "0", "AP04CV06": "0", "AP04CV07": "0", "AP05CV01": "0", "AP05CV02": "0", "AP05CV03": "0", "AP05CV04": "0", "AP05CV05": "0", "AP05CV06": "0", "AP05CV07": "0", "AP06CV01": "1", "AP06CV02": "0", "AP06CV03": "0", "AP06CV04": "0", "AP06CV05": "0", "AP06CV06": "0", "AP06CV07": "0", "AP07CV01": "0", "AP07CV02": "0", "AP07CV03": "0", "AP07CV04": "0", "AP07CV05": "0", "AP07CV06": "0", "AP07CV07": "0", "ATEND_PR": "1", "DT_ATUAL": "202509", "COMPETEN": "202601", "NAT_JUR": "1244", "nome": "VIGILANCIA EPIDEMIOLOGICA DE IRATI", "lat": null, "long": null, "categoria": "saude", "subtipo": "" }, "geometry": { "type": "Point", "coordinates": [ 0.0, 0.0 ] } },
{ "type": "Feature", "properties": { "CNES": "5826616", "CODUFMUN": "411070", "COD_CEP": "84500014", "CPF_CNPJ": "00000000000000", "PF_PJ": "3", "NIV_DEP": "3", "CNPJ_MAN": "75654574000182", "COD_IR": null, "REGSAUDE": "4", "MICR_REG": null, "DISTRSAN": null, "DISTRADM": null, "VINC_SUS": "1", "TPGESTAO": "M", "ESFERA_A": "M", "RETENCAO": null, "ATIVIDAD": "03", "NATUREZA": null, "CLIENTEL": "03", "TP_UNID": "36", "TURNO_AT": "03", "NIV_HIER": null, "TP_PREST": "99", "CO_BANCO": null, "CO_AGENC": null, "C_CORREN": null, "CONTRATM": null, "DT_PUBLM": null, "CONTRATE": null, "DT_PUBLE": null, "ALVARA": null, "DT_EXPED": null, "ORGEXPED": null, "AV_ACRED": null, "CLASAVAL": null, "DT_ACRED": null, "AV_PNASS": null, "DT_PNASS": null, "GESPRG1E": "0", "GESPRG1M": "0", "GESPRG2E": "0", "GESPRG2M": "1", "GESPRG4E": "0", "GESPRG4M": "0", "NIVATE_A": "1", "GESPRG3E": "0", "GESPRG3M": "0", "GESPRG5E": "0", "GESPRG5M": "0", "GESPRG6E": "0", "GESPRG6M": "0", "NIVATE_H": "0", "QTLEITP1": 0, "QTLEITP2": 0, "QTLEITP3": 0, "LEITHOSP": "0", "QTINST01": 0, "QTINST02": 0, "QTINST03": 0, "QTINST04": 0, "QTINST05": 0, "QTINST06": 0, "QTINST07": 0, "QTINST08": 0, "QTINST09": 0, "QTINST10": 0, "QTINST11": 0, "QTINST12": 0, "QTINST13": 0, "QTINST14": 0, "URGEMERG": "0", "QTINST15": 0, "QTINST16": 1, "QTINST17": 0, "QTINST18": 2, "QTINST19": 0, "QTINST20": 0, "QTINST21": 0, "QTINST22": 0, "QTINST23": 0, "QTINST24": 0, "QTINST25": 1, "QTINST26": 1, "QTINST27": 0, "QTINST28": 0, "QTINST29": 0, "QTINST30": 0, "ATENDAMB": "1", "QTINST31": 0, "QTINST32": 0, "QTINST33": 0, "CENTRCIR": "0", "QTINST34": 0, "QTINST35": 0, "QTINST36": 0, "QTINST37": 0, "CENTROBS": "0", "QTLEIT05": 0, "QTLEIT06": 0, "QTLEIT07": 0, "QTLEIT08": 0, "QTLEIT09": 0, "QTLEIT19": 0, "QTLEIT20": 0, "QTLEIT21": 0, "QTLEIT22": 0, "QTLEIT23": 0, "QTLEIT32": 0, "QTLEIT34": 0, "QTLEIT38": 0, "QTLEIT39": 0, "QTLEIT40": 0, "CENTRNEO": "0", "ATENDHOS": "0", "SERAP01P": "0", "SERAP01T": "0", "SERAP02P": "0", "SERAP02T": "0", "SERAP03P": "0", "SERAP03T": "0", "SERAP04P": "0", "SERAP04T": "0", "SERAP05P": "0", "SERAP05T": "0", "SERAP06P": "0", "SERAP06T": "0", "SERAP07P": "0", "SERAP07T": "0", "SERAP08P": "0", "SERAP08T": "0", "SERAP09P": "0", "SERAP09T": "0", "SERAP10P": "0", "SERAP10T": "0", "SERAP11P": "0", "SERAP11T": "0", "SERAPOIO": "0", "RES_BIOL": "1", "RES_QUIM": "1", "RES_RADI": "0", "RES_COMU": "1", "COLETRES": "1", "COMISS01": "0", "COMISS02": "0", "COMISS03": "0", "COMISS04": "0", "COMISS05": "0", "COMISS06": "0", "COMISS07": "0", "COMISS08": "0", "COMISS09": "0", "COMISS10": "0", "COMISS11": "0", "COMISS12": "0", "COMISSAO": "0", "AP01CV01": "0", "AP01CV02": "0", "AP01CV03": "0", "AP01CV04": "0", "AP01CV05": "0", "AP01CV06": "0", "AP01CV07": "0", "AP02CV01": "1", "AP02CV02": "0", "AP02CV03": "0", "AP02CV04": "0", "AP02CV05": "0", "AP02CV06": "0", "AP02CV07": "0", "AP03CV01": "0", "AP03CV02": "0", "AP03CV03": "0", "AP03CV04": "0", "AP03CV05": "0", "AP03CV06": "0", "AP03CV07": "0", "AP04CV01": "0", "AP04CV02": "0", "AP04CV03": "0", "AP04CV04": "0", "AP04CV05": "0", "AP04CV06": "0", "AP04CV07": "0", "AP05CV01": "0", "AP05CV02": "0", "AP05CV03": "0", "AP05CV04": "0", "AP05CV05": "0", "AP05CV06": "0", "AP05CV07": "0", "AP06CV01": "0", "AP06CV02": "0", "AP06CV03": "0", "AP06CV04": "0", "AP06CV05": "0", "AP06CV06": "0", "AP06CV07": "0", "AP07CV01": "0", "AP07CV02": "0", "AP07CV03": "0", "AP07CV04": "0", "AP07CV05": "0", "AP07CV06": "0", "AP07CV07": "0", "ATEND_PR": "1", "DT_ATUAL": "202509", "COMPETEN": "202601", "NAT_JUR": "1244", "nome": "SAE CTA DE IRATI", "lat": null, "long": null, "categoria": "saude", "subtipo": "" }, "geometry": { "type": "Point", "coordinates": [ 0.0, 0.0 ] } },
{ "type": "Feature", "properties": { "CNES": "5968623", "CODUFMUN": "411070", "COD_CEP": "84500125", "CPF_CNPJ": "00276986000127", "PF_PJ": "3", "NIV_DEP": "1", "CNPJ_MAN": "00000000000000", "COD_IR": null, "REGSAUDE": "004", "MICR_REG": null, "DISTRSAN": null, "DISTRADM": null, "VINC_SUS": "1", "TPGESTAO": "M", "ESFERA_A": "M", "RETENCAO": null, "ATIVIDAD": "04", "NATUREZA": null, "CLIENTEL": "01", "TP_UNID": "39", "TURNO_AT": "03", "NIV_HIER": null, "TP_PREST": "99", "CO_BANCO": "001", "CO_AGENC": "01821", "C_CORREN": "326402", "CONTRATM": null, "DT_PUBLM": null, "CONTRATE": null, "DT_PUBLE": null, "ALVARA": "8292", "DT_EXPED": "20150123", "ORGEXPED": "2", "AV_ACRED": null, "CLASAVAL": null, "DT_ACRED": null, "AV_PNASS": null, "DT_PNASS": null, "GESPRG1E": "0", "GESPRG1M": "0", "GESPRG2E": "0", "GESPRG2M": "1", "GESPRG4E": "0", "GESPRG4M": "0", "NIVATE_A": "1", "GESPRG3E": "0", "GESPRG3M": "0", "GESPRG5E": "0", "GESPRG5M": "0", "GESPRG6E": "0", "GESPRG6M": "0", "NIVATE_H": "0", "QTLEITP1": 0, "QTLEITP2": 0, "QTLEITP3": 0, "LEITHOSP": "0", "QTINST01": 0, "QTINST02": 0, "QTINST03": 0, "QTINST04": 0, "QTINST05": 0, "QTINST06": 0, "QTINST07": 0, "QTINST08": 0, "QTINST09": 0, "QTINST10": 0, "QTINST11": 0, "QTINST12": 0, "QTINST13": 0, "QTINST14": 0, "URGEMERG": "0", "QTINST15": 0, "QTINST16": 0, "QTINST17": 0, "QTINST18": 5, "QTINST19": 0, "QTINST20": 0, "QTINST21": 0, "QTINST22": 0, "QTINST23": 0, "QTINST24": 0, "QTINST25": 0, "QTINST26": 0, "QTINST27": 0, "QTINST28": 0, "QTINST29": 0, "QTINST30": 0, "ATENDAMB": "1", "QTINST31": 0, "QTINST32": 0, "QTINST33": 0, "CENTRCIR": "0", "QTINST34": 0, "QTINST35": 0, "QTINST36": 0, "QTINST37": 0, "CENTROBS": "0", "QTLEIT05": 0, "QTLEIT06": 0, "QTLEIT07": 0, "QTLEIT08": 0, "QTLEIT09": 0, "QTLEIT19": 0, "QTLEIT20": 0, "QTLEIT21": 0, "QTLEIT22": 0, "QTLEIT23": 0, "QTLEIT32": 0, "QTLEIT34": 0, "QTLEIT38": 0, "QTLEIT39": 0, "QTLEIT40": 0, "CENTRNEO": "0", "ATENDHOS": "0", "SERAP01P": "1", "SERAP01T": "0", "SERAP02P": "0", "SERAP02T": "0", "SERAP03P": "0", "SERAP03T": "0", "SERAP04P": "0", "SERAP04T": "0", "SERAP05P": "0", "SERAP05T": "0", "SERAP06P": "0", "SERAP06T": "0", "SERAP07P": "0", "SERAP07T": "0", "SERAP08P": "0", "SERAP08T": "0", "SERAP09P": "0", "SERAP09T": "0", "SERAP10P": "0", "SERAP10T": "0", "SERAP11P": "0", "SERAP11T": "0", "SERAPOIO": "1", "RES_BIOL": "1", "RES_QUIM": "0", "RES_RADI": "0", "RES_COMU": "1", "COLETRES": "1", "COMISS01": "0", "COMISS02": "0", "COMISS03": "0", "COMISS04": "0", "COMISS05": "0", "COMISS06": "0", "COMISS07": "0", "COMISS08": "0", "COMISS09": "0", "COMISS10": "0", "COMISS11": "0", "COMISS12": "0", "COMISSAO": "0", "AP01CV01": "0", "AP01CV02": "0", "AP01CV03": "0", "AP01CV04": "0", "AP01CV05": "0", "AP01CV06": "0", "AP01CV07": "0", "AP02CV01": "0", "AP02CV02": "0", "AP02CV03": "0", "AP02CV04": "0", "AP02CV05": "0", "AP02CV06": "0", "AP02CV07": "0", "AP03CV01": "1", "AP03CV02": "1", "AP03CV03": "0", "AP03CV04": "0", "AP03CV05": "0", "AP03CV06": "1", "AP03CV07": "0", "AP04CV01": "0", "AP04CV02": "0", "AP04CV03": "0", "AP04CV04": "0", "AP04CV05": "0", "AP04CV06": "0", "AP04CV07": "0", "AP05CV01": "0", "AP05CV02": "0", "AP05CV03": "0", "AP05CV04": "0", "AP05CV05": "0", "AP05CV06": "0", "AP05CV07": "0", "AP06CV01": "0", "AP06CV02": "0", "AP06CV03": "0", "AP06CV04": "0", "AP06CV05": "0", "AP06CV06": "0", "AP06CV07": "0", "AP07CV01": "0", "AP07CV02": "0", "AP07CV03": "0", "AP07CV04": "0", "AP07CV05": "0", "AP07CV06": "0", "AP07CV07": "0", "ATEND_PR": "1", "DT_ATUAL": "202506", "COMPETEN": "202601", "NAT_JUR": "2240", "nome": "LABORATORIO BIOLUZ", "lat": -25.467287277537995, "long": -50.638548805757708, "categoria": "saude", "subtipo": "" }, "geometry": { "type": "Point", "coordinates": [ -50.638548805757708, -25.467287277537995 ] } },
{ "type": "Feature", "properties": { "CNES": "6133282", "CODUFMUN": "411070", "COD_CEP": "84500004", "CPF_CNPJ": "00000000000000", "PF_PJ": "3", "NIV_DEP": "3", "CNPJ_MAN": "75654574000182", "COD_IR": null, "REGSAUDE": "004", "MICR_REG": null, "DISTRSAN": null, "DISTRADM": null, "VINC_SUS": "1", "TPGESTAO": "M", "ESFERA_A": "M", "RETENCAO": null, "ATIVIDAD": "04", "NATUREZA": null, "CLIENTEL": "02", "TP_UNID": "70", "TURNO_AT": "03", "NIV_HIER": null, "TP_PREST": "99", "CO_BANCO": null, "CO_AGENC": null, "C_CORREN": null, "CONTRATM": null, "DT_PUBLM": null, "CONTRATE": null, "DT_PUBLE": null, "ALVARA": "9815", "DT_EXPED": "20160718", "ORGEXPED": "2", "AV_ACRED": null, "CLASAVAL": null, "DT_ACRED": null, "AV_PNASS": null, "DT_PNASS": null, "GESPRG1E": "0", "GESPRG1M": "0", "GESPRG2E": "0", "GESPRG2M": "1", "GESPRG4E": "0", "GESPRG4M": "0", "NIVATE_A": "1", "GESPRG3E": "0", "GESPRG3M": "0", "GESPRG5E": "0", "GESPRG5M": "0", "GESPRG6E": "0", "GESPRG6M": "0", "NIVATE_H": "0", "QTLEITP1": 0, "QTLEITP2": 0, "QTLEITP3": 0, "LEITHOSP": "0", "QTINST01": 0, "QTINST02": 0, "QTINST03": 0, "QTINST04": 0, "QTINST05": 0, "QTINST06": 0, "QTINST07": 0, "QTINST08": 0, "QTINST09": 0, "QTINST10": 0, "QTINST11": 0, "QTINST12": 0, "QTINST13": 0, "QTINST14": 0, "URGEMERG": "0", "QTINST15": 0, "QTINST16": 1, "QTINST17": 0, "QTINST18": 4, "QTINST19": 0, "QTINST20": 0, "QTINST21": 0, "QTINST22": 0, "QTINST23": 0, "QTINST24": 0, "QTINST25": 0, "QTINST26": 0, "QTINST27": 0, "QTINST28": 0, "QTINST29": 0, "QTINST30": 0, "ATENDAMB": "1", "QTINST31": 0, "QTINST32": 0, "QTINST33": 0, "CENTRCIR": "0", "QTINST34": 0, "QTINST35": 0, "QTINST36": 0, "QTINST37": 0, "CENTROBS": "0", "QTLEIT05": 0, "QTLEIT06": 0, "QTLEIT07": 0, "QTLEIT08": 0, "QTLEIT09": 0, "QTLEIT19": 0, "QTLEIT20": 0, "QTLEIT21": 0, "QTLEIT22": 0, "QTLEIT23": 0, "QTLEIT32": 0, "QTLEIT34": 0, "QTLEIT38": 0, "QTLEIT39": 0, "QTLEIT40": 0, "CENTRNEO": "0", "ATENDHOS": "0", "SERAP01P": "1", "SERAP01T": "0", "SERAP02P": "0", "SERAP02T": "0", "SERAP03P": "0", "SERAP03T": "0", "SERAP04P": "0", "SERAP04T": "0", "SERAP05P": "0", "SERAP05T": "0", "SERAP06P": "0", "SERAP06T": "0", "SERAP07P": "0", "SERAP07T": "0", "SERAP08P": "0", "SERAP08T": "0", "SERAP09P": "0", "SERAP09T": "0", "SERAP10P": "0", "SERAP10T": "0", "SERAP11P": "0", "SERAP11T": "0", "SERAPOIO": "1", "RES_BIOL": "0", "RES_QUIM": "0", "RES_RADI": "0", "RES_COMU": "1", "COLETRES": "1", "COMISS01": "0", "COMISS02": "0", "COMISS03": "0", "COMISS04": "0", "COMISS05": "0", "COMISS06": "0", "COMISS07": "0", "COMISS08": "0", "COMISS09": "0", "COMISS10": "0", "COMISS11": "0", "COMISS12": "0", "COMISSAO": "0", "AP01CV01": "0", "AP01CV02": "0", "AP01CV03": "0", "AP01CV04": "0", "AP01CV05": "0", "AP01CV06": "0", "AP01CV07": "0", "AP02CV01": "1", "AP02CV02": "0", "AP02CV03": "0", "AP02CV04": "0", "AP02CV05": "0", "AP02CV06": "0", "AP02CV07": "0", "AP03CV01": "0", "AP03CV02": "0", "AP03CV03": "0", "AP03CV04": "0", "AP03CV05": "0", "AP03CV06": "0", "AP03CV07": "0", "AP04CV01": "0", "AP04CV02": "0", "AP04CV03": "0", "AP04CV04": "0", "AP04CV05": "0", "AP04CV06": "0", "AP04CV07": "0", "AP05CV01": "0", "AP05CV02": "0", "AP05CV03": "0", "AP05CV04": "0", "AP05CV05": "0", "AP05CV06": "0", "AP05CV07": "0", "AP06CV01": "0", "AP06CV02": "0", "AP06CV03": "0", "AP06CV04": "0", "AP06CV05": "0", "AP06CV06": "0", "AP06CV07": "0", "AP07CV01": "0", "AP07CV02": "0", "AP07CV03": "0", "AP07CV04": "0", "AP07CV05": "0", "AP07CV06": "0", "AP07CV07": "0", "ATEND_PR": "1", "DT_ATUAL": "202506", "COMPETEN": "202601", "NAT_JUR": "1244", "nome": "CENTRO DE ATENCAO PSICOSSOCIAL", "lat": null, "long": null, "categoria": "saude", "subtipo": "" }, "geometry": { "type": "Point", "coordinates": [ 0.0, 0.0 ] } },
{ "type": "Feature", "properties": { "CNES": "6265324", "CODUFMUN": "411070", "COD_CEP": "84505677", "CPF_CNPJ": "00000000000000", "PF_PJ": "3", "NIV_DEP": "3", "CNPJ_MAN": "77902914000172", "COD_IR": null, "REGSAUDE": "004", "MICR_REG": null, "DISTRSAN": null, "DISTRADM": null, "VINC_SUS": "1", "TPGESTAO": "E", "ESFERA_A": "E", "RETENCAO": null, "ATIVIDAD": "01", "NATUREZA": null, "CLIENTEL": "02", "TP_UNID": "36", "TURNO_AT": "03", "NIV_HIER": null, "TP_PREST": "99", "CO_BANCO": null, "CO_AGENC": null, "C_CORREN": null, "CONTRATM": null, "DT_PUBLM": null, "CONTRATE": null, "DT_PUBLE": null, "ALVARA": "9207", "DT_EXPED": "20151201", "ORGEXPED": "2", "AV_ACRED": null, "CLASAVAL": null, "DT_ACRED": null, "AV_PNASS": null, "DT_PNASS": null, "GESPRG1E": "0", "GESPRG1M": "0", "GESPRG2E": "1", "GESPRG2M": "0", "GESPRG4E": "0", "GESPRG4M": "0", "NIVATE_A": "1", "GESPRG3E": "0", "GESPRG3M": "0", "GESPRG5E": "0", "GESPRG5M": "0", "GESPRG6E": "0", "GESPRG6M": "0", "NIVATE_H": "0", "QTLEITP1": 0, "QTLEITP2": 0, "QTLEITP3": 0, "LEITHOSP": "0", "QTINST01": 0, "QTINST02": 0, "QTINST03": 0, "QTINST04": 0, "QTINST05": 0, "QTINST06": 0, "QTINST07": 0, "QTINST08": 0, "QTINST09": 0, "QTINST10": 0, "QTINST11": 0, "QTINST12": 0, "QTINST13": 0, "QTINST14": 0, "URGEMERG": "0", "QTINST15": 0, "QTINST16": 0, "QTINST17": 0, "QTINST18": 8, "QTINST19": 0, "QTINST20": 0, "QTINST21": 0, "QTINST22": 0, "QTINST23": 0, "QTINST24": 0, "QTINST25": 0, "QTINST26": 0, "QTINST27": 0, "QTINST28": 0, "QTINST29": 0, "QTINST30": 0, "ATENDAMB": "1", "QTINST31": 0, "QTINST32": 0, "QTINST33": 0, "CENTRCIR": "0", "QTINST34": 0, "QTINST35": 0, "QTINST36": 0, "QTINST37": 0, "CENTROBS": "0", "QTLEIT05": 0, "QTLEIT06": 0, "QTLEIT07": 0, "QTLEIT08": 0, "QTLEIT09": 0, "QTLEIT19": 0, "QTLEIT20": 0, "QTLEIT21": 0, "QTLEIT22": 0, "QTLEIT23": 0, "QTLEIT32": 0, "QTLEIT34": 0, "QTLEIT38": 0, "QTLEIT39": 0, "QTLEIT40": 0, "CENTRNEO": "0", "ATENDHOS": "0", "SERAP01P": "1", "SERAP01T": "0", "SERAP02P": "0", "SERAP02T": "0", "SERAP03P": "0", "SERAP03T": "0", "SERAP04P": "0", "SERAP04T": "0", "SERAP05P": "0", "SERAP05T": "0", "SERAP06P": "0", "SERAP06T": "0", "SERAP07P": "0", "SERAP07T": "0", "SERAP08P": "0", "SERAP08T": "0", "SERAP09P": "0", "SERAP09T": "0", "SERAP10P": "0", "SERAP10T": "0", "SERAP11P": "0", "SERAP11T": "0", "SERAPOIO": "1", "RES_BIOL": "0", "RES_QUIM": "0", "RES_RADI": "0", "RES_COMU": "1", "COLETRES": "1", "COMISS01": "0", "COMISS02": "0", "COMISS03": "0", "COMISS04": "0", "COMISS05": "0", "COMISS06": "0", "COMISS07": "0", "COMISS08": "0", "COMISS09": "0", "COMISS10": "0", "COMISS11": "0", "COMISS12": "0", "COMISSAO": "0", "AP01CV01": "0", "AP01CV02": "0", "AP01CV03": "0", "AP01CV04": "0", "AP01CV05": "0", "AP01CV06": "0", "AP01CV07": "0", "AP02CV01": "1", "AP02CV02": "0", "AP02CV03": "0", "AP02CV04": "0", "AP02CV05": "0", "AP02CV06": "0", "AP02CV07": "0", "AP03CV01": "0", "AP03CV02": "0", "AP03CV03": "0", "AP03CV04": "0", "AP03CV05": "0", "AP03CV06": "0", "AP03CV07": "0", "AP04CV01": "0", "AP04CV02": "0", "AP04CV03": "0", "AP04CV04": "0", "AP04CV05": "0", "AP04CV06": "0", "AP04CV07": "0", "AP05CV01": "0", "AP05CV02": "0", "AP05CV03": "0", "AP05CV04": "0", "AP05CV05": "0", "AP05CV06": "0", "AP05CV07": "0", "AP06CV01": "0", "AP06CV02": "0", "AP06CV03": "0", "AP06CV04": "0", "AP06CV05": "0", "AP06CV06": "0", "AP06CV07": "0", "AP07CV01": "0", "AP07CV02": "0", "AP07CV03": "0", "AP07CV04": "0", "AP07CV05": "0", "AP07CV06": "0", "AP07CV07": "0", "ATEND_PR": "1", "DT_ATUAL": "202508", "COMPETEN": "202601", "NAT_JUR": "1112", "nome": "CLINICA ESCOLA DE FONOAUDIOLOGIA", "lat": null, "long": null, "categoria": "saude", "subtipo": "" }, "geometry": { "type": "Point", "coordinates": [ 0.0, 0.0 ] } },
{ "type": "Feature", "properties": { "CNES": "6473717", "CODUFMUN": "411070", "COD_CEP": "84500054", "CPF_CNPJ": "00000000000000", "PF_PJ": "3", "NIV_DEP": "3", "CNPJ_MAN": "75654574000182", "COD_IR": null, "REGSAUDE": "004", "MICR_REG": null, "DISTRSAN": null, "DISTRADM": null, "VINC_SUS": "1", "TPGESTAO": "M", "ESFERA_A": "M", "RETENCAO": null, "ATIVIDAD": "04", "NATUREZA": null, "CLIENTEL": "01", "TP_UNID": "02", "TURNO_AT": "03", "NIV_HIER": null, "TP_PREST": "99", "CO_BANCO": null, "CO_AGENC": null, "C_CORREN": null, "CONTRATM": null, "DT_PUBLM": null, "CONTRATE": null, "DT_PUBLE": null, "ALVARA": "2236", "DT_EXPED": "20100219", "ORGEXPED": "2", "AV_ACRED": null, "CLASAVAL": null, "DT_ACRED": null, "AV_PNASS": null, "DT_PNASS": null, "GESPRG1E": "0", "GESPRG1M": "1", "GESPRG2E": "0", "GESPRG2M": "0", "GESPRG4E": "0", "GESPRG4M": "0", "NIVATE_A": "1", "GESPRG3E": "0", "GESPRG3M": "0", "GESPRG5E": "0", "GESPRG5M": "0", "GESPRG6E": "0", "GESPRG6M": "0", "NIVATE_H": "0", "QTLEITP1": 0, "QTLEITP2": 0, "QTLEITP3": 0, "LEITHOSP": "0", "QTINST01": 0, "QTINST02": 0, "QTINST03": 0, "QTINST04": 0, "QTINST05": 0, "QTINST06": 0, "QTINST07": 0, "QTINST08": 0, "QTINST09": 0, "QTINST10": 0, "QTINST11": 0, "QTINST12": 0, "QTINST13": 0, "QTINST14": 0, "URGEMERG": "0", "QTINST15": 1, "QTINST16": 0, "QTINST17": 0, "QTINST18": 0, "QTINST19": 0, "QTINST20": 0, "QTINST21": 0, "QTINST22": 0, "QTINST23": 1, "QTINST24": 0, "QTINST25": 1, "QTINST26": 1, "QTINST27": 0, "QTINST28": 0, "QTINST29": 1, "QTINST30": 0, "ATENDAMB": "1", "QTINST31": 0, "QTINST32": 0, "QTINST33": 0, "CENTRCIR": "0", "QTINST34": 0, "QTINST35": 0, "QTINST36": 0, "QTINST37": 0, "CENTROBS": "0", "QTLEIT05": 0, "QTLEIT06": 0, "QTLEIT07": 0, "QTLEIT08": 0, "QTLEIT09": 0, "QTLEIT19": 0, "QTLEIT20": 0, "QTLEIT21": 0, "QTLEIT22": 0, "QTLEIT23": 0, "QTLEIT32": 0, "QTLEIT34": 0, "QTLEIT38": 0, "QTLEIT39": 0, "QTLEIT40": 0, "CENTRNEO": "0", "ATENDHOS": "0", "SERAP01P": "1", "SERAP01T": "0", "SERAP02P": "0", "SERAP02T": "0", "SERAP03P": "0", "SERAP03T": "0", "SERAP04P": "0", "SERAP04T": "0", "SERAP05P": "0", "SERAP05T": "0", "SERAP06P": "0", "SERAP06T": "0", "SERAP07P": "0", "SERAP07T": "0", "SERAP08P": "0", "SERAP08T": "0", "SERAP09P": "0", "SERAP09T": "0", "SERAP10P": "0", "SERAP10T": "0", "SERAP11P": "0", "SERAP11T": "0", "SERAPOIO": "1", "RES_BIOL": "1", "RES_QUIM": "0", "RES_RADI": "0", "RES_COMU": "1", "COLETRES": "1", "COMISS01": "0", "COMISS02": "0", "COMISS03": "0", "COMISS04": "0", "COMISS05": "0", "COMISS06": "0", "COMISS07": "0", "COMISS08": "0", "COMISS09": "0", "COMISS10": "0", "COMISS11": "0", "COMISS12": "0", "COMISSAO": "0", "AP01CV01": "0", "AP01CV02": "0", "AP01CV03": "0", "AP01CV04": "0", "AP01CV05": "0", "AP01CV06": "0", "AP01CV07": "0", "AP02CV01": "1", "AP02CV02": "0", "AP02CV03": "0", "AP02CV04": "0", "AP02CV05": "0", "AP02CV06": "0", "AP02CV07": "0", "AP03CV01": "0", "AP03CV02": "0", "AP03CV03": "0", "AP03CV04": "0", "AP03CV05": "0", "AP03CV06": "0", "AP03CV07": "0", "AP04CV01": "0", "AP04CV02": "0", "AP04CV03": "0", "AP04CV04": "0", "AP04CV05": "0", "AP04CV06": "0", "AP04CV07": "0", "AP05CV01": "0", "AP05CV02": "0", "AP05CV03": "0", "AP05CV04": "0", "AP05CV05": "0", "AP05CV06": "0", "AP05CV07": "0", "AP06CV01": "0", "AP06CV02": "0", "AP06CV03": "0", "AP06CV04": "0", "AP06CV05": "0", "AP06CV06": "0", "AP06CV07": "0", "AP07CV01": "0", "AP07CV02": "0", "AP07CV03": "0", "AP07CV04": "0", "AP07CV05": "0", "AP07CV06": "0", "AP07CV07": "0", "ATEND_PR": "1", "DT_ATUAL": "202511", "COMPETEN": "202601", "NAT_JUR": "1244", "nome": "UNIDADE BASICA DE SAUDE DO PINHO DE BAIXO", "lat": null, "long": null, "categoria": "saude", "subtipo": "" }, "geometry": { "type": "Point", "coordinates": [ 0.0, 0.0 ] } },
{ "type": "Feature", "properties": { "CNES": "6613624", "CODUFMUN": "411070", "COD_CEP": "84500004", "CPF_CNPJ": "09540343000113", "PF_PJ": "3", "NIV_DEP": "1", "CNPJ_MAN": "00000000000000", "COD_IR": null, "REGSAUDE": "004", "MICR_REG": null, "DISTRSAN": null, "DISTRADM": null, "VINC_SUS": "1", "TPGESTAO": "M", "ESFERA_A": "M", "RETENCAO": null, "ATIVIDAD": "04", "NATUREZA": null, "CLIENTEL": "01", "TP_UNID": "39", "TURNO_AT": "03", "NIV_HIER": null, "TP_PREST": "99", "CO_BANCO": "001", "CO_AGENC": "01821", "C_CORREN": "207640", "CONTRATM": null, "DT_PUBLM": null, "CONTRATE": null, "DT_PUBLE": null, "ALVARA": "13443", "DT_EXPED": "20100804", "ORGEXPED": "2", "AV_ACRED": null, "CLASAVAL": null, "DT_ACRED": null, "AV_PNASS": null, "DT_PNASS": null, "GESPRG1E": "0", "GESPRG1M": "0", "GESPRG2E": "0", "GESPRG2M": "1", "GESPRG4E": "0", "GESPRG4M": "0", "NIVATE_A": "1", "GESPRG3E": "0", "GESPRG3M": "0", "GESPRG5E": "0", "GESPRG5M": "0", "GESPRG6E": "0", "GESPRG6M": "0", "NIVATE_H": "0", "QTLEITP1": 0, "QTLEITP2": 0, "QTLEITP3": 0, "LEITHOSP": "0", "QTINST01": 0, "QTINST02": 0, "QTINST03": 0, "QTINST04": 0, "QTINST05": 0, "QTINST06": 0, "QTINST07": 0, "QTINST08": 0, "QTINST09": 0, "QTINST10": 0, "QTINST11": 0, "QTINST12": 0, "QTINST13": 0, "QTINST14": 0, "URGEMERG": "0", "QTINST15": 0, "QTINST16": 1, "QTINST17": 0, "QTINST18": 0, "QTINST19": 0, "QTINST20": 0, "QTINST21": 0, "QTINST22": 0, "QTINST23": 0, "QTINST24": 0, "QTINST25": 0, "QTINST26": 0, "QTINST27": 0, "QTINST28": 0, "QTINST29": 0, "QTINST30": 0, "ATENDAMB": "1", "QTINST31": 0, "QTINST32": 0, "QTINST33": 0, "CENTRCIR": "0", "QTINST34": 0, "QTINST35": 0, "QTINST36": 0, "QTINST37": 0, "CENTROBS": "0", "QTLEIT05": 0, "QTLEIT06": 0, "QTLEIT07": 0, "QTLEIT08": 0, "QTLEIT09": 0, "QTLEIT19": 0, "QTLEIT20": 0, "QTLEIT21": 0, "QTLEIT22": 0, "QTLEIT23": 0, "QTLEIT32": 0, "QTLEIT34": 0, "QTLEIT38": 0, "QTLEIT39": 0, "QTLEIT40": 0, "CENTRNEO": "0", "ATENDHOS": "0", "SERAP01P": "1", "SERAP01T": "0", "SERAP02P": "0", "SERAP02T": "0", "SERAP03P": "0", "SERAP03T": "0", "SERAP04P": "0", "SERAP04T": "0", "SERAP05P": "0", "SERAP05T": "0", "SERAP06P": "0", "SERAP06T": "0", "SERAP07P": "0", "SERAP07T": "0", "SERAP08P": "0", "SERAP08T": "0", "SERAP09P": "0", "SERAP09T": "0", "SERAP10P": "0", "SERAP10T": "0", "SERAP11P": "0", "SERAP11T": "0", "SERAPOIO": "1", "RES_BIOL": "0", "RES_QUIM": "0", "RES_RADI": "0", "RES_COMU": "1", "COLETRES": "1", "COMISS01": "0", "COMISS02": "0", "COMISS03": "0", "COMISS04": "0", "COMISS05": "0", "COMISS06": "0", "COMISS07": "0", "COMISS08": "0", "COMISS09": "0", "COMISS10": "0", "COMISS11": "0", "COMISS12": "0", "COMISSAO": "0", "AP01CV01": "0", "AP01CV02": "0", "AP01CV03": "0", "AP01CV04": "0", "AP01CV05": "0", "AP01CV06": "0", "AP01CV07": "0", "AP02CV01": "0", "AP02CV02": "0", "AP02CV03": "0", "AP02CV04": "0", "AP02CV05": "0", "AP02CV06": "0", "AP02CV07": "0", "AP03CV01": "1", "AP03CV02": "1", "AP03CV03": "0", "AP03CV04": "0", "AP03CV05": "0", "AP03CV06": "1", "AP03CV07": "0", "AP04CV01": "0", "AP04CV02": "0", "AP04CV03": "0", "AP04CV04": "0", "AP04CV05": "0", "AP04CV06": "0", "AP04CV07": "0", "AP05CV01": "0", "AP05CV02": "0", "AP05CV03": "0", "AP05CV04": "0", "AP05CV05": "0", "AP05CV06": "0", "AP05CV07": "0", "AP06CV01": "0", "AP06CV02": "0", "AP06CV03": "0", "AP06CV04": "0", "AP06CV05": "0", "AP06CV06": "0", "AP06CV07": "0", "AP07CV01": "0", "AP07CV02": "0", "AP07CV03": "0", "AP07CV04": "0", "AP07CV05": "0", "AP07CV06": "0", "AP07CV07": "0", "ATEND_PR": "1", "DT_ATUAL": "202003", "COMPETEN": "202601", "NAT_JUR": "2062", "nome": "AMR NEVES CLINICA MEDICA", "lat": null, "long": null, "categoria": "saude", "subtipo": "" }, "geometry": { "type": "Point", "coordinates": [ 0.0, 0.0 ] } },
{ "type": "Feature", "properties": { "CNES": "6694349", "CODUFMUN": "411070", "COD_CEP": "84500051", "CPF_CNPJ": "08646552000183", "PF_PJ": "3", "NIV_DEP": "1", "CNPJ_MAN": "00000000000000", "COD_IR": null, "REGSAUDE": "004", "MICR_REG": null, "DISTRSAN": null, "DISTRADM": null, "VINC_SUS": "1", "TPGESTAO": "E", "ESFERA_A": "E", "RETENCAO": null, "ATIVIDAD": "04", "NATUREZA": null, "CLIENTEL": "01", "TP_UNID": "39", "TURNO_AT": "03", "NIV_HIER": null, "TP_PREST": "99", "CO_BANCO": "001", "CO_AGENC": "01821", "C_CORREN": "458112", "CONTRATM": null, "DT_PUBLM": null, "CONTRATE": null, "DT_PUBLE": null, "ALVARA": "8048", "DT_EXPED": "20140910", "ORGEXPED": "2", "AV_ACRED": null, "CLASAVAL": null, "DT_ACRED": null, "AV_PNASS": null, "DT_PNASS": null, "GESPRG1E": "0", "GESPRG1M": "0", "GESPRG2E": "1", "GESPRG2M": "0", "GESPRG4E": "0", "GESPRG4M": "0", "NIVATE_A": "1", "GESPRG3E": "0", "GESPRG3M": "0", "GESPRG5E": "0", "GESPRG5M": "0", "GESPRG6E": "0", "GESPRG6M": "0", "NIVATE_H": "0", "QTLEITP1": 0, "QTLEITP2": 0, "QTLEITP3": 0, "LEITHOSP": "0", "QTINST01": 0, "QTINST02": 0, "QTINST03": 0, "QTINST04": 0, "QTINST05": 0, "QTINST06": 0, "QTINST07": 0, "QTINST08": 0, "QTINST09": 0, "QTINST10": 0, "QTINST11": 0, "QTINST12": 0, "QTINST13": 0, "QTINST14": 0, "URGEMERG": "0", "QTINST15": 0, "QTINST16": 0, "QTINST17": 0, "QTINST18": 1, "QTINST19": 0, "QTINST20": 0, "QTINST21": 0, "QTINST22": 0, "QTINST23": 0, "QTINST24": 0, "QTINST25": 0, "QTINST26": 0, "QTINST27": 0, "QTINST28": 0, "QTINST29": 0, "QTINST30": 0, "ATENDAMB": "1", "QTINST31": 0, "QTINST32": 0, "QTINST33": 0, "CENTRCIR": "0", "QTINST34": 0, "QTINST35": 0, "QTINST36": 0, "QTINST37": 0, "CENTROBS": "0", "QTLEIT05": 0, "QTLEIT06": 0, "QTLEIT07": 0, "QTLEIT08": 0, "QTLEIT09": 0, "QTLEIT19": 0, "QTLEIT20": 0, "QTLEIT21": 0, "QTLEIT22": 0, "QTLEIT23": 0, "QTLEIT32": 0, "QTLEIT34": 0, "QTLEIT38": 0, "QTLEIT39": 0, "QTLEIT40": 0, "CENTRNEO": "0", "ATENDHOS": "0", "SERAP01P": "1", "SERAP01T": "0", "SERAP02P": "0", "SERAP02T": "0", "SERAP03P": "0", "SERAP03T": "0", "SERAP04P": "0", "SERAP04T": "0", "SERAP05P": "0", "SERAP05T": "0", "SERAP06P": "0", "SERAP06T": "0", "SERAP07P": "0", "SERAP07T": "0", "SERAP08P": "0", "SERAP08T": "0", "SERAP09P": "0", "SERAP09T": "0", "SERAP10P": "0", "SERAP10T": "0", "SERAP11P": "0", "SERAP11T": "0", "SERAPOIO": "1", "RES_BIOL": "1", "RES_QUIM": "0", "RES_RADI": "0", "RES_COMU": "1", "COLETRES": "1", "COMISS01": "0", "COMISS02": "0", "COMISS03": "0", "COMISS04": "0", "COMISS05": "0", "COMISS06": "0", "COMISS07": "0", "COMISS08": "0", "COMISS09": "0", "COMISS10": "0", "COMISS11": "0", "COMISS12": "0", "COMISSAO": "0", "AP01CV01": "0", "AP01CV02": "0", "AP01CV03": "0", "AP01CV04": "0", "AP01CV05": "0", "AP01CV06": "0", "AP01CV07": "0", "AP02CV01": "0", "AP02CV02": "0", "AP02CV03": "0", "AP02CV04": "0", "AP02CV05": "0", "AP02CV06": "0", "AP02CV07": "0", "AP03CV01": "1", "AP03CV02": "1", "AP03CV03": "0", "AP03CV04": "0", "AP03CV05": "0", "AP03CV06": "1", "AP03CV07": "0", "AP04CV01": "0", "AP04CV02": "0", "AP04CV03": "0", "AP04CV04": "0", "AP04CV05": "0", "AP04CV06": "0", "AP04CV07": "0", "AP05CV01": "0", "AP05CV02": "0", "AP05CV03": "0", "AP05CV04": "0", "AP05CV05": "0", "AP05CV06": "0", "AP05CV07": "0", "AP06CV01": "0", "AP06CV02": "0", "AP06CV03": "0", "AP06CV04": "0", "AP06CV05": "0", "AP06CV06": "0", "AP06CV07": "0", "AP07CV01": "0", "AP07CV02": "0", "AP07CV03": "0", "AP07CV04": "0", "AP07CV05": "0", "AP07CV06": "0", "AP07CV07": "0", "ATEND_PR": "1", "DT_ATUAL": "202509", "COMPETEN": "202601", "NAT_JUR": "2240", "nome": "PREV IN CITO", "lat": null, "long": null, "categoria": "saude", "subtipo": "" }, "geometry": { "type": "Point", "coordinates": [ 0.0, 0.0 ] } },
{ "type": "Feature", "properties": { "CNES": "6817432", "CODUFMUN": "411070", "COD_CEP": "84500051", "CPF_CNPJ": "00000000000000", "PF_PJ": "3", "NIV_DEP": "3", "CNPJ_MAN": "76416866000140", "COD_IR": null, "REGSAUDE": "04", "MICR_REG": null, "DISTRSAN": null, "DISTRADM": null, "VINC_SUS": "1", "TPGESTAO": "E", "ESFERA_A": "E", "RETENCAO": null, "ATIVIDAD": "04", "NATUREZA": null, "CLIENTEL": "01", "TP_UNID": "36", "TURNO_AT": "03", "NIV_HIER": null, "TP_PREST": "99", "CO_BANCO": null, "CO_AGENC": null, "C_CORREN": null, "CONTRATM": null, "DT_PUBLM": null, "CONTRATE": null, "DT_PUBLE": null, "ALVARA": null, "DT_EXPED": null, "ORGEXPED": null, "AV_ACRED": null, "CLASAVAL": null, "DT_ACRED": null, "AV_PNASS": null, "DT_PNASS": null, "GESPRG1E": "0", "GESPRG1M": "0", "GESPRG2E": "1", "GESPRG2M": "0", "GESPRG4E": "0", "GESPRG4M": "0", "NIVATE_A": "1", "GESPRG3E": "0", "GESPRG3M": "0", "GESPRG5E": "0", "GESPRG5M": "0", "GESPRG6E": "0", "GESPRG6M": "0", "NIVATE_H": "0", "QTLEITP1": 0, "QTLEITP2": 0, "QTLEITP3": 0, "LEITHOSP": "0", "QTINST01": 0, "QTINST02": 0, "QTINST03": 0, "QTINST04": 0, "QTINST05": 0, "QTINST06": 0, "QTINST07": 0, "QTINST08": 0, "QTINST09": 0, "QTINST10": 0, "QTINST11": 0, "QTINST12": 0, "QTINST13": 0, "QTINST14": 0, "URGEMERG": "0", "QTINST15": 0, "QTINST16": 0, "QTINST17": 0, "QTINST18": 0, "QTINST19": 0, "QTINST20": 0, "QTINST21": 0, "QTINST22": 0, "QTINST23": 0, "QTINST24": 0, "QTINST25": 0, "QTINST26": 0, "QTINST27": 0, "QTINST28": 0, "QTINST29": 0, "QTINST30": 0, "ATENDAMB": "0", "QTINST31": 0, "QTINST32": 0, "QTINST33": 0, "CENTRCIR": "0", "QTINST34": 0, "QTINST35": 0, "QTINST36": 0, "QTINST37": 0, "CENTROBS": "0", "QTLEIT05": 0, "QTLEIT06": 0, "QTLEIT07": 0, "QTLEIT08": 0, "QTLEIT09": 0, "QTLEIT19": 0, "QTLEIT20": 0, "QTLEIT21": 0, "QTLEIT22": 0, "QTLEIT23": 0, "QTLEIT32": 0, "QTLEIT34": 0, "QTLEIT38": 0, "QTLEIT39": 0, "QTLEIT40": 0, "CENTRNEO": "0", "ATENDHOS": "0", "SERAP01P": "0", "SERAP01T": "0", "SERAP02P": "0", "SERAP02T": "0", "SERAP03P": "0", "SERAP03T": "0", "SERAP04P": "0", "SERAP04T": "0", "SERAP05P": "0", "SERAP05T": "0", "SERAP06P": "0", "SERAP06T": "0", "SERAP07P": "0", "SERAP07T": "0", "SERAP08P": "0", "SERAP08T": "0", "SERAP09P": "0", "SERAP09T": "0", "SERAP10P": "0", "SERAP10T": "0", "SERAP11P": "0", "SERAP11T": "0", "SERAPOIO": "0", "RES_BIOL": "0", "RES_QUIM": "0", "RES_RADI": "0", "RES_COMU": "1", "COLETRES": "1", "COMISS01": "0", "COMISS02": "0", "COMISS03": "0", "COMISS04": "0", "COMISS05": "0", "COMISS06": "0", "COMISS07": "0", "COMISS08": "0", "COMISS09": "0", "COMISS10": "0", "COMISS11": "0", "COMISS12": "0", "COMISSAO": "0", "AP01CV01": "0", "AP01CV02": "0", "AP01CV03": "0", "AP01CV04": "0", "AP01CV05": "0", "AP01CV06": "0", "AP01CV07": "0", "AP02CV01": "0", "AP02CV02": "0", "AP02CV03": "0", "AP02CV04": "0", "AP02CV05": "0", "AP02CV06": "0", "AP02CV07": "0", "AP03CV01": "0", "AP03CV02": "0", "AP03CV03": "0", "AP03CV04": "0", "AP03CV05": "0", "AP03CV06": "0", "AP03CV07": "0", "AP04CV01": "0", "AP04CV02": "0", "AP04CV03": "0", "AP04CV04": "0", "AP04CV05": "0", "AP04CV06": "0", "AP04CV07": "0", "AP05CV01": "0", "AP05CV02": "0", "AP05CV03": "0", "AP05CV04": "0", "AP05CV05": "0", "AP05CV06": "0", "AP05CV07": "0", "AP06CV01": "1", "AP06CV02": "0", "AP06CV03": "0", "AP06CV04": "0", "AP06CV05": "0", "AP06CV06": "0", "AP06CV07": "0", "AP07CV01": "0", "AP07CV02": "0", "AP07CV03": "0", "AP07CV04": "0", "AP07CV05": "0", "AP07CV06": "0", "AP07CV07": "0", "ATEND_PR": "1", "DT_ATUAL": "202511", "COMPETEN": "202601", "NAT_JUR": "1023", "nome": "CEREST MACRO CAMPOS GERAIS", "lat": null, "long": null, "categoria": "saude", "subtipo": "" }, "geometry": { "type": "Point", "coordinates": [ 0.0, 0.0 ] } },
{ "type": "Feature", "properties": { "CNES": "6927734", "CODUFMUN": "411070", "COD_CEP": "84500054", "CPF_CNPJ": "00000000000000", "PF_PJ": "3", "NIV_DEP": "3", "CNPJ_MAN": "75654574000182", "COD_IR": null, "REGSAUDE": "004", "MICR_REG": null, "DISTRSAN": null, "DISTRADM": null, "VINC_SUS": "1", "TPGESTAO": "M", "ESFERA_A": "M", "RETENCAO": null, "ATIVIDAD": "04", "NATUREZA": null, "CLIENTEL": "01", "TP_UNID": "01", "TURNO_AT": "03", "NIV_HIER": null, "TP_PREST": "99", "CO_BANCO": null, "CO_AGENC": null, "C_CORREN": null, "CONTRATM": null, "DT_PUBLM": null, "CONTRATE": null, "DT_PUBLE": null, "ALVARA": "2238", "DT_EXPED": "20100219", "ORGEXPED": "2", "AV_ACRED": null, "CLASAVAL": null, "DT_ACRED": null, "AV_PNASS": null, "DT_PNASS": null, "GESPRG1E": "0", "GESPRG1M": "1", "GESPRG2E": "0", "GESPRG2M": "0", "GESPRG4E": "0", "GESPRG4M": "0", "NIVATE_A": "1", "GESPRG3E": "0", "GESPRG3M": "0", "GESPRG5E": "0", "GESPRG5M": "0", "GESPRG6E": "0", "GESPRG6M": "0", "NIVATE_H": "0", "QTLEITP1": 0, "QTLEITP2": 0, "QTLEITP3": 0, "LEITHOSP": "0", "QTINST01": 0, "QTINST02": 0, "QTINST03": 0, "QTINST04": 0, "QTINST05": 0, "QTINST06": 0, "QTINST07": 0, "QTINST08": 0, "QTINST09": 0, "QTINST10": 0, "QTINST11": 0, "QTINST12": 0, "QTINST13": 0, "QTINST14": 0, "URGEMERG": "0", "QTINST15": 1, "QTINST16": 0, "QTINST17": 0, "QTINST18": 0, "QTINST19": 0, "QTINST20": 0, "QTINST21": 0, "QTINST22": 0, "QTINST23": 0, "QTINST24": 0, "QTINST25": 1, "QTINST26": 1, "QTINST27": 0, "QTINST28": 0, "QTINST29": 1, "QTINST30": 0, "ATENDAMB": "1", "QTINST31": 0, "QTINST32": 0, "QTINST33": 0, "CENTRCIR": "0", "QTINST34": 0, "QTINST35": 0, "QTINST36": 0, "QTINST37": 0, "CENTROBS": "0", "QTLEIT05": 0, "QTLEIT06": 0, "QTLEIT07": 0, "QTLEIT08": 0, "QTLEIT09": 0, "QTLEIT19": 0, "QTLEIT20": 0, "QTLEIT21": 0, "QTLEIT22": 0, "QTLEIT23": 0, "QTLEIT32": 0, "QTLEIT34": 0, "QTLEIT38": 0, "QTLEIT39": 0, "QTLEIT40": 0, "CENTRNEO": "0", "ATENDHOS": "0", "SERAP01P": "1", "SERAP01T": "0", "SERAP02P": "0", "SERAP02T": "0", "SERAP03P": "0", "SERAP03T": "0", "SERAP04P": "0", "SERAP04T": "0", "SERAP05P": "0", "SERAP05T": "0", "SERAP06P": "0", "SERAP06T": "0", "SERAP07P": "0", "SERAP07T": "0", "SERAP08P": "0", "SERAP08T": "0", "SERAP09P": "0", "SERAP09T": "0", "SERAP10P": "0", "SERAP10T": "0", "SERAP11P": "0", "SERAP11T": "0", "SERAPOIO": "1", "RES_BIOL": "1", "RES_QUIM": "0", "RES_RADI": "0", "RES_COMU": "1", "COLETRES": "1", "COMISS01": "0", "COMISS02": "0", "COMISS03": "0", "COMISS04": "0", "COMISS05": "0", "COMISS06": "0", "COMISS07": "0", "COMISS08": "0", "COMISS09": "0", "COMISS10": "0", "COMISS11": "0", "COMISS12": "0", "COMISSAO": "0", "AP01CV01": "0", "AP01CV02": "0", "AP01CV03": "0", "AP01CV04": "0", "AP01CV05": "0", "AP01CV06": "0", "AP01CV07": "0", "AP02CV01": "1", "AP02CV02": "0", "AP02CV03": "0", "AP02CV04": "0", "AP02CV05": "0", "AP02CV06": "0", "AP02CV07": "0", "AP03CV01": "0", "AP03CV02": "0", "AP03CV03": "0", "AP03CV04": "0", "AP03CV05": "0", "AP03CV06": "0", "AP03CV07": "0", "AP04CV01": "0", "AP04CV02": "0", "AP04CV03": "0", "AP04CV04": "0", "AP04CV05": "0", "AP04CV06": "0", "AP04CV07": "0", "AP05CV01": "0", "AP05CV02": "0", "AP05CV03": "0", "AP05CV04": "0", "AP05CV05": "0", "AP05CV06": "0", "AP05CV07": "0", "AP06CV01": "0", "AP06CV02": "0", "AP06CV03": "0", "AP06CV04": "0", "AP06CV05": "0", "AP06CV06": "0", "AP06CV07": "0", "AP07CV01": "0", "AP07CV02": "0", "AP07CV03": "0", "AP07CV04": "0", "AP07CV05": "0", "AP07CV06": "0", "AP07CV07": "0", "ATEND_PR": "1", "DT_ATUAL": "202511", "COMPETEN": "202601", "NAT_JUR": "1244", "nome": "POSTO DE SAUDE PALMITAL", "lat": null, "long": null, "categoria": "saude", "subtipo": "" }, "geometry": { "type": "Point", "coordinates": [ 0.0, 0.0 ] } },
{ "type": "Feature", "properties": { "CNES": "7126433", "CODUFMUN": "411070", "COD_CEP": "84504450", "CPF_CNPJ": "15107294000122", "PF_PJ": "3", "NIV_DEP": "1", "CNPJ_MAN": "00000000000000", "COD_IR": null, "REGSAUDE": "004", "MICR_REG": null, "DISTRSAN": null, "DISTRADM": null, "VINC_SUS": "1", "TPGESTAO": "M", "ESFERA_A": "M", "RETENCAO": null, "ATIVIDAD": "04", "NATUREZA": null, "CLIENTEL": "01", "TP_UNID": "36", "TURNO_AT": "03", "NIV_HIER": null, "TP_PREST": "99", "CO_BANCO": "987", "CO_AGENC": "4403", "C_CORREN": "747890", "CONTRATM": null, "DT_PUBLM": null, "CONTRATE": null, "DT_PUBLE": null, "ALVARA": "2549", "DT_EXPED": "20120724", "ORGEXPED": "2", "AV_ACRED": null, "CLASAVAL": null, "DT_ACRED": null, "AV_PNASS": null, "DT_PNASS": null, "GESPRG1E": "0", "GESPRG1M": "0", "GESPRG2E": "0", "GESPRG2M": "1", "GESPRG4E": "0", "GESPRG4M": "0", "NIVATE_A": "1", "GESPRG3E": "0", "GESPRG3M": "0", "GESPRG5E": "0", "GESPRG5M": "0", "GESPRG6E": "0", "GESPRG6M": "0", "NIVATE_H": "0", "QTLEITP1": 0, "QTLEITP2": 0, "QTLEITP3": 0, "LEITHOSP": "0", "QTINST01": 0, "QTINST02": 0, "QTINST03": 0, "QTINST04": 0, "QTINST05": 0, "QTINST06": 0, "QTINST07": 0, "QTINST08": 0, "QTINST09": 0, "QTINST10": 0, "QTINST11": 0, "QTINST12": 0, "QTINST13": 0, "QTINST14": 0, "URGEMERG": "0", "QTINST15": 1, "QTINST16": 1, "QTINST17": 0, "QTINST18": 0, "QTINST19": 0, "QTINST20": 0, "QTINST21": 0, "QTINST22": 0, "QTINST23": 0, "QTINST24": 0, "QTINST25": 0, "QTINST26": 0, "QTINST27": 0, "QTINST28": 0, "QTINST29": 0, "QTINST30": 0, "ATENDAMB": "1", "QTINST31": 0, "QTINST32": 0, "QTINST33": 0, "CENTRCIR": "0", "QTINST34": 0, "QTINST35": 0, "QTINST36": 0, "QTINST37": 0, "CENTROBS": "0", "QTLEIT05": 0, "QTLEIT06": 0, "QTLEIT07": 0, "QTLEIT08": 0, "QTLEIT09": 0, "QTLEIT19": 0, "QTLEIT20": 0, "QTLEIT21": 0, "QTLEIT22": 0, "QTLEIT23": 0, "QTLEIT32": 0, "QTLEIT34": 0, "QTLEIT38": 0, "QTLEIT39": 0, "QTLEIT40": 0, "CENTRNEO": "0", "ATENDHOS": "0", "SERAP01P": "1", "SERAP01T": "0", "SERAP02P": "0", "SERAP02T": "0", "SERAP03P": "0", "SERAP03T": "0", "SERAP04P": "0", "SERAP04T": "0", "SERAP05P": "0", "SERAP05T": "0", "SERAP06P": "0", "SERAP06T": "0", "SERAP07P": "0", "SERAP07T": "0", "SERAP08P": "0", "SERAP08T": "0", "SERAP09P": "0", "SERAP09T": "0", "SERAP10P": "0", "SERAP10T": "0", "SERAP11P": "0", "SERAP11T": "0", "SERAPOIO": "1", "RES_BIOL": "0", "RES_QUIM": "0", "RES_RADI": "0", "RES_COMU": "1", "COLETRES": "1", "COMISS01": "0", "COMISS02": "0", "COMISS03": "0", "COMISS04": "0", "COMISS05": "0", "COMISS06": "0", "COMISS07": "0", "COMISS08": "0", "COMISS09": "0", "COMISS10": "0", "COMISS11": "0", "COMISS12": "0", "COMISSAO": "0", "AP01CV01": "0", "AP01CV02": "0", "AP01CV03": "0", "AP01CV04": "0", "AP01CV05": "0", "AP01CV06": "0", "AP01CV07": "0", "AP02CV01": "0", "AP02CV02": "1", "AP02CV03": "0", "AP02CV04": "0", "AP02CV05": "0", "AP02CV06": "1", "AP02CV07": "0", "AP03CV01": "1", "AP03CV02": "1", "AP03CV03": "0", "AP03CV04": "0", "AP03CV05": "0", "AP03CV06": "1", "AP03CV07": "0", "AP04CV01": "0", "AP04CV02": "0", "AP04CV03": "0", "AP04CV04": "0", "AP04CV05": "0", "AP04CV06": "0", "AP04CV07": "0", "AP05CV01": "0", "AP05CV02": "0", "AP05CV03": "0", "AP05CV04": "0", "AP05CV05": "0", "AP05CV06": "0", "AP05CV07": "0", "AP06CV01": "0", "AP06CV02": "0", "AP06CV03": "0", "AP06CV04": "0", "AP06CV05": "0", "AP06CV06": "0", "AP06CV07": "0", "AP07CV01": "0", "AP07CV02": "0", "AP07CV03": "0", "AP07CV04": "0", "AP07CV05": "0", "AP07CV06": "0", "AP07CV07": "0", "ATEND_PR": "1", "DT_ATUAL": "202307", "COMPETEN": "202601", "NAT_JUR": "2062", "nome": "CENTRO AVANCADO DE DIAGNOSTICO E IMAGEM LTDA ME", "lat": -25.473595020066981, "long": -50.655764165906966, "categoria": "saude", "subtipo": "" }, "geometry": { "type": "Point", "coordinates": [ -50.655764165906966, -25.473595020066981 ] } },
{ "type": "Feature", "properties": { "CNES": "7376111", "CODUFMUN": "411070", "COD_CEP": "84500054", "CPF_CNPJ": "00000000000000", "PF_PJ": "3", "NIV_DEP": "3", "CNPJ_MAN": "77902914000172", "COD_IR": null, "REGSAUDE": "004", "MICR_REG": null, "DISTRSAN": null, "DISTRADM": null, "VINC_SUS": "1", "TPGESTAO": "M", "ESFERA_A": "M", "RETENCAO": null, "ATIVIDAD": "04", "NATUREZA": null, "CLIENTEL": "01", "TP_UNID": "80", "TURNO_AT": "03", "NIV_HIER": null, "TP_PREST": "99", "CO_BANCO": null, "CO_AGENC": null, "C_CORREN": null, "CONTRATM": null, "DT_PUBLM": null, "CONTRATE": null, "DT_PUBLE": null, "ALVARA": null, "DT_EXPED": null, "ORGEXPED": null, "AV_ACRED": null, "CLASAVAL": null, "DT_ACRED": null, "AV_PNASS": null, "DT_PNASS": null, "GESPRG1E": "0", "GESPRG1M": "0", "GESPRG2E": "0", "GESPRG2M": "1", "GESPRG4E": "0", "GESPRG4M": "0", "NIVATE_A": "1", "GESPRG3E": "0", "GESPRG3M": "0", "GESPRG5E": "0", "GESPRG5M": "0", "GESPRG6E": "0", "GESPRG6M": "0", "NIVATE_H": "0", "QTLEITP1": 0, "QTLEITP2": 0, "QTLEITP3": 0, "LEITHOSP": "0", "QTINST01": 0, "QTINST02": 0, "QTINST03": 0, "QTINST04": 0, "QTINST05": 0, "QTINST06": 0, "QTINST07": 0, "QTINST08": 0, "QTINST09": 0, "QTINST10": 0, "QTINST11": 0, "QTINST12": 0, "QTINST13": 0, "QTINST14": 0, "URGEMERG": "0", "QTINST15": 0, "QTINST16": 0, "QTINST17": 0, "QTINST18": 2, "QTINST19": 0, "QTINST20": 0, "QTINST21": 0, "QTINST22": 0, "QTINST23": 0, "QTINST24": 0, "QTINST25": 0, "QTINST26": 0, "QTINST27": 0, "QTINST28": 0, "QTINST29": 0, "QTINST30": 0, "ATENDAMB": "1", "QTINST31": 0, "QTINST32": 0, "QTINST33": 0, "CENTRCIR": "0", "QTINST34": 0, "QTINST35": 0, "QTINST36": 0, "QTINST37": 0, "CENTROBS": "0", "QTLEIT05": 0, "QTLEIT06": 0, "QTLEIT07": 0, "QTLEIT08": 0, "QTLEIT09": 0, "QTLEIT19": 0, "QTLEIT20": 0, "QTLEIT21": 0, "QTLEIT22": 0, "QTLEIT23": 0, "QTLEIT32": 0, "QTLEIT34": 0, "QTLEIT38": 0, "QTLEIT39": 0, "QTLEIT40": 0, "CENTRNEO": "0", "ATENDHOS": "0", "SERAP01P": "0", "SERAP01T": "0", "SERAP02P": "0", "SERAP02T": "0", "SERAP03P": "0", "SERAP03T": "0", "SERAP04P": "0", "SERAP04T": "0", "SERAP05P": "0", "SERAP05T": "0", "SERAP06P": "0", "SERAP06T": "0", "SERAP07P": "0", "SERAP07T": "0", "SERAP08P": "0", "SERAP08T": "0", "SERAP09P": "0", "SERAP09T": "0", "SERAP10P": "0", "SERAP10T": "0", "SERAP11P": "0", "SERAP11T": "0", "SERAPOIO": "0", "RES_BIOL": "0", "RES_QUIM": "0", "RES_RADI": "0", "RES_COMU": "1", "COLETRES": "1", "COMISS01": "0", "COMISS02": "0", "COMISS03": "0", "COMISS04": "0", "COMISS05": "0", "COMISS06": "0", "COMISS07": "0", "COMISS08": "0", "COMISS09": "0", "COMISS10": "0", "COMISS11": "0", "COMISS12": "0", "COMISSAO": "0", "AP01CV01": "0", "AP01CV02": "0", "AP01CV03": "0", "AP01CV04": "0", "AP01CV05": "0", "AP01CV06": "0", "AP01CV07": "0", "AP02CV01": "0", "AP02CV02": "0", "AP02CV03": "0", "AP02CV04": "0", "AP02CV05": "0", "AP02CV06": "0", "AP02CV07": "0", "AP03CV01": "0", "AP03CV02": "0", "AP03CV03": "0", "AP03CV04": "0", "AP03CV05": "0", "AP03CV06": "0", "AP03CV07": "0", "AP04CV01": "0", "AP04CV02": "0", "AP04CV03": "0", "AP04CV04": "0", "AP04CV05": "0", "AP04CV06": "0", "AP04CV07": "0", "AP05CV01": "0", "AP05CV02": "0", "AP05CV03": "0", "AP05CV04": "0", "AP05CV05": "0", "AP05CV06": "0", "AP05CV07": "0", "AP06CV01": "1", "AP06CV02": "0", "AP06CV03": "0", "AP06CV04": "0", "AP06CV05": "0", "AP06CV06": "0", "AP06CV07": "0", "AP07CV01": "0", "AP07CV02": "0", "AP07CV03": "0", "AP07CV04": "0", "AP07CV05": "0", "AP07CV06": "0", "AP07CV07": "0", "ATEND_PR": "1", "DT_ATUAL": "202505", "COMPETEN": "202601", "NAT_JUR": "1112", "nome": "LABORATORIO DE SANEAMENTO AMBIENTAL E QUALIDADE DA AGUA", "lat": null, "long": null, "categoria": "saude", "subtipo": "" }, "geometry": { "type": "Point", "coordinates": [ 0.0, 0.0 ] } },
{ "type": "Feature", "properties": { "CNES": "9157360", "CODUFMUN": "411070", "COD_CEP": "84500269", "CPF_CNPJ": "06079366000346", "PF_PJ": "3", "NIV_DEP": "1", "CNPJ_MAN": "00000000000000", "COD_IR": null, "REGSAUDE": "004", "MICR_REG": null, "DISTRSAN": null, "DISTRADM": null, "VINC_SUS": "1", "TPGESTAO": "E", "ESFERA_A": "E", "RETENCAO": null, "ATIVIDAD": "04", "NATUREZA": null, "CLIENTEL": "01", "TP_UNID": "39", "TURNO_AT": "03", "NIV_HIER": null, "TP_PREST": "99", "CO_BANCO": "591", "CO_AGENC": "1078", "C_CORREN": "0045840", "CONTRATM": null, "DT_PUBLM": null, "CONTRATE": null, "DT_PUBLE": null, "ALVARA": "10137", "DT_EXPED": "20161028", "ORGEXPED": "2", "AV_ACRED": null, "CLASAVAL": null, "DT_ACRED": null, "AV_PNASS": null, "DT_PNASS": null, "GESPRG1E": "0", "GESPRG1M": "0", "GESPRG2E": "1", "GESPRG2M": "0", "GESPRG4E": "0", "GESPRG4M": "0", "NIVATE_A": "1", "GESPRG3E": "0", "GESPRG3M": "0", "GESPRG5E": "0", "GESPRG5M": "0", "GESPRG6E": "0", "GESPRG6M": "0", "NIVATE_H": "0", "QTLEITP1": 0, "QTLEITP2": 0, "QTLEITP3": 0, "LEITHOSP": "0", "QTINST01": 0, "QTINST02": 0, "QTINST03": 0, "QTINST04": 0, "QTINST05": 0, "QTINST06": 0, "QTINST07": 0, "QTINST08": 0, "QTINST09": 0, "QTINST10": 0, "QTINST11": 0, "QTINST12": 0, "QTINST13": 0, "QTINST14": 0, "URGEMERG": "0", "QTINST15": 0, "QTINST16": 0, "QTINST17": 0, "QTINST18": 1, "QTINST19": 0, "QTINST20": 0, "QTINST21": 0, "QTINST22": 0, "QTINST23": 0, "QTINST24": 0, "QTINST25": 0, "QTINST26": 0, "QTINST27": 0, "QTINST28": 0, "QTINST29": 0, "QTINST30": 0, "ATENDAMB": "1", "QTINST31": 0, "QTINST32": 0, "QTINST33": 0, "CENTRCIR": "0", "QTINST34": 0, "QTINST35": 0, "QTINST36": 0, "QTINST37": 0, "CENTROBS": "0", "QTLEIT05": 0, "QTLEIT06": 0, "QTLEIT07": 0, "QTLEIT08": 0, "QTLEIT09": 0, "QTLEIT19": 0, "QTLEIT20": 0, "QTLEIT21": 0, "QTLEIT22": 0, "QTLEIT23": 0, "QTLEIT32": 0, "QTLEIT34": 0, "QTLEIT38": 0, "QTLEIT39": 0, "QTLEIT40": 0, "CENTRNEO": "0", "ATENDHOS": "0", "SERAP01P": "1", "SERAP01T": "0", "SERAP02P": "0", "SERAP02T": "0", "SERAP03P": "0", "SERAP03T": "0", "SERAP04P": "0", "SERAP04T": "0", "SERAP05P": "0", "SERAP05T": "0", "SERAP06P": "0", "SERAP06T": "0", "SERAP07P": "0", "SERAP07T": "0", "SERAP08P": "0", "SERAP08T": "0", "SERAP09P": "0", "SERAP09T": "0", "SERAP10P": "0", "SERAP10T": "0", "SERAP11P": "0", "SERAP11T": "0", "SERAPOIO": "1", "RES_BIOL": "0", "RES_QUIM": "0", "RES_RADI": "0", "RES_COMU": "1", "COLETRES": "1", "COMISS01": "0", "COMISS02": "0", "COMISS03": "0", "COMISS04": "0", "COMISS05": "0", "COMISS06": "0", "COMISS07": "0", "COMISS08": "0", "COMISS09": "0", "COMISS10": "0", "COMISS11": "0", "COMISS12": "0", "COMISSAO": "0", "AP01CV01": "0", "AP01CV02": "0", "AP01CV03": "0", "AP01CV04": "0", "AP01CV05": "0", "AP01CV06": "0", "AP01CV07": "0", "AP02CV01": "1", "AP02CV02": "0", "AP02CV03": "0", "AP02CV04": "0", "AP02CV05": "0", "AP02CV06": "0", "AP02CV07": "0", "AP03CV01": "0", "AP03CV02": "1", "AP03CV03": "0", "AP03CV04": "0", "AP03CV05": "0", "AP03CV06": "1", "AP03CV07": "0", "AP04CV01": "0", "AP04CV02": "0", "AP04CV03": "0", "AP04CV04": "0", "AP04CV05": "0", "AP04CV06": "0", "AP04CV07": "0", "AP05CV01": "0", "AP05CV02": "0", "AP05CV03": "0", "AP05CV04": "0", "AP05CV05": "0", "AP05CV06": "0", "AP05CV07": "0", "AP06CV01": "0", "AP06CV02": "0", "AP06CV03": "0", "AP06CV04": "0", "AP06CV05": "0", "AP06CV06": "0", "AP06CV07": "0", "AP07CV01": "0", "AP07CV02": "0", "AP07CV03": "0", "AP07CV04": "0", "AP07CV05": "0", "AP07CV06": "0", "AP07CV07": "0", "ATEND_PR": "1", "DT_ATUAL": "202505", "COMPETEN": "202601", "NAT_JUR": "2062", "nome": "DAL CASTEL CLINICA RADIOLOGICA FILIAL", "lat": null, "long": null, "categoria": "saude", "subtipo": "" }, "geometry": { "type": "Point", "coordinates": [ 0.0, 0.0 ] } },
{ "type": "Feature", "properties": { "CNES": "9324437", "CODUFMUN": "411070", "COD_CEP": "84504440", "CPF_CNPJ": "00000000000000", "PF_PJ": "3", "NIV_DEP": "3", "CNPJ_MAN": "75654574000182", "COD_IR": null, "REGSAUDE": "004", "MICR_REG": null, "DISTRSAN": null, "DISTRADM": null, "VINC_SUS": "1", "TPGESTAO": "M", "ESFERA_A": "M", "RETENCAO": null, "ATIVIDAD": "04", "NATUREZA": null, "CLIENTEL": "01", "TP_UNID": "02", "TURNO_AT": "03", "NIV_HIER": null, "TP_PREST": "99", "CO_BANCO": null, "CO_AGENC": null, "C_CORREN": null, "CONTRATM": null, "DT_PUBLM": null, "CONTRATE": null, "DT_PUBLE": null, "ALVARA": "111111", "DT_EXPED": "20170701", "ORGEXPED": "2", "AV_ACRED": null, "CLASAVAL": null, "DT_ACRED": null, "AV_PNASS": null, "DT_PNASS": null, "GESPRG1E": "0", "GESPRG1M": "1", "GESPRG2E": "0", "GESPRG2M": "0", "GESPRG4E": "0", "GESPRG4M": "0", "NIVATE_A": "1", "GESPRG3E": "0", "GESPRG3M": "0", "GESPRG5E": "0", "GESPRG5M": "0", "GESPRG6E": "0", "GESPRG6M": "0", "NIVATE_H": "0", "QTLEITP1": 0, "QTLEITP2": 0, "QTLEITP3": 0, "LEITHOSP": "0", "QTINST01": 0, "QTINST02": 0, "QTINST03": 0, "QTINST04": 0, "QTINST05": 0, "QTINST06": 0, "QTINST07": 0, "QTINST08": 0, "QTINST09": 0, "QTINST10": 0, "QTINST11": 0, "QTINST12": 0, "QTINST13": 0, "QTINST14": 0, "URGEMERG": "0", "QTINST15": 2, "QTINST16": 0, "QTINST17": 0, "QTINST18": 0, "QTINST19": 0, "QTINST20": 0, "QTINST21": 0, "QTINST22": 0, "QTINST23": 0, "QTINST24": 0, "QTINST25": 1, "QTINST26": 0, "QTINST27": 0, "QTINST28": 0, "QTINST29": 0, "QTINST30": 0, "ATENDAMB": "1", "QTINST31": 0, "QTINST32": 0, "QTINST33": 0, "CENTRCIR": "0", "QTINST34": 0, "QTINST35": 0, "QTINST36": 0, "QTINST37": 0, "CENTROBS": "0", "QTLEIT05": 0, "QTLEIT06": 0, "QTLEIT07": 0, "QTLEIT08": 0, "QTLEIT09": 0, "QTLEIT19": 0, "QTLEIT20": 0, "QTLEIT21": 0, "QTLEIT22": 0, "QTLEIT23": 0, "QTLEIT32": 0, "QTLEIT34": 0, "QTLEIT38": 0, "QTLEIT39": 0, "QTLEIT40": 0, "CENTRNEO": "0", "ATENDHOS": "0", "SERAP01P": "1", "SERAP01T": "0", "SERAP02P": "0", "SERAP02T": "0", "SERAP03P": "0", "SERAP03T": "0", "SERAP04P": "0", "SERAP04T": "0", "SERAP05P": "0", "SERAP05T": "0", "SERAP06P": "0", "SERAP06T": "0", "SERAP07P": "0", "SERAP07T": "0", "SERAP08P": "0", "SERAP08T": "0", "SERAP09P": "0", "SERAP09T": "0", "SERAP10P": "0", "SERAP10T": "0", "SERAP11P": "0", "SERAP11T": "0", "SERAPOIO": "1", "RES_BIOL": "1", "RES_QUIM": "0", "RES_RADI": "0", "RES_COMU": "1", "COLETRES": "1", "COMISS01": "0", "COMISS02": "0", "COMISS03": "0", "COMISS04": "0", "COMISS05": "0", "COMISS06": "0", "COMISS07": "0", "COMISS08": "0", "COMISS09": "0", "COMISS10": "0", "COMISS11": "0", "COMISS12": "0", "COMISSAO": "0", "AP01CV01": "0", "AP01CV02": "0", "AP01CV03": "0", "AP01CV04": "0", "AP01CV05": "0", "AP01CV06": "0", "AP01CV07": "0", "AP02CV01": "1", "AP02CV02": "0", "AP02CV03": "0", "AP02CV04": "0", "AP02CV05": "0", "AP02CV06": "0", "AP02CV07": "0", "AP03CV01": "0", "AP03CV02": "0", "AP03CV03": "0", "AP03CV04": "0", "AP03CV05": "0", "AP03CV06": "0", "AP03CV07": "0", "AP04CV01": "0", "AP04CV02": "0", "AP04CV03": "0", "AP04CV04": "0", "AP04CV05": "0", "AP04CV06": "0", "AP04CV07": "0", "AP05CV01": "0", "AP05CV02": "0", "AP05CV03": "0", "AP05CV04": "0", "AP05CV05": "0", "AP05CV06": "0", "AP05CV07": "0", "AP06CV01": "0", "AP06CV02": "0", "AP06CV03": "0", "AP06CV04": "0", "AP06CV05": "0", "AP06CV06": "0", "AP06CV07": "0", "AP07CV01": "0", "AP07CV02": "0", "AP07CV03": "0", "AP07CV04": "0", "AP07CV05": "0", "AP07CV06": "0", "AP07CV07": "0", "ATEND_PR": "1", "DT_ATUAL": "202504", "COMPETEN": "202601", "NAT_JUR": "1244", "nome": "UNIDADE BASICA DE SAUDE ADEMAR NEVES", "lat": null, "long": null, "categoria": "saude", "subtipo": "" }, "geometry": { "type": "Point", "coordinates": [ 0.0, 0.0 ] } },
{ "type": "Feature", "properties": { "CNES": "9363580", "CODUFMUN": "411070", "COD_CEP": "84500257", "CPF_CNPJ": "76591049000470", "PF_PJ": "3", "NIV_DEP": "1", "CNPJ_MAN": "00000000000000", "COD_IR": null, "REGSAUDE": "04", "MICR_REG": null, "DISTRSAN": null, "DISTRADM": null, "VINC_SUS": "1", "TPGESTAO": "M", "ESFERA_A": "M", "RETENCAO": null, "ATIVIDAD": "03", "NATUREZA": null, "CLIENTEL": "03", "TP_UNID": "05", "TURNO_AT": "04", "NIV_HIER": null, "TP_PREST": "99", "CO_BANCO": "001", "CO_AGENC": "34045", "C_CORREN": "110263X", "CONTRATM": null, "DT_PUBLM": null, "CONTRATE": null, "DT_PUBLE": null, "ALVARA": "16296", "DT_EXPED": "20230112", "ORGEXPED": "2", "AV_ACRED": null, "CLASAVAL": null, "DT_ACRED": null, "AV_PNASS": null, "DT_PNASS": null, "GESPRG1E": "0", "GESPRG1M": "0", "GESPRG2E": "0", "GESPRG2M": "1", "GESPRG4E": "0", "GESPRG4M": "0", "NIVATE_A": "1", "GESPRG3E": "0", "GESPRG3M": "0", "GESPRG5E": "0", "GESPRG5M": "1", "GESPRG6E": "0", "GESPRG6M": "0", "NIVATE_H": "1", "QTLEITP1": 14, "QTLEITP2": 23, "QTLEITP3": 0, "LEITHOSP": "1", "QTINST01": 0, "QTINST02": 0, "QTINST03": 0, "QTINST04": 0, "QTINST05": 0, "QTINST06": 0, "QTINST07": 0, "QTINST08": 0, "QTINST09": 0, "QTINST10": 0, "QTINST11": 0, "QTINST12": 0, "QTINST13": 0, "QTINST14": 0, "URGEMERG": "0", "QTINST15": 0, "QTINST16": 3, "QTINST17": 0, "QTINST18": 0, "QTINST19": 0, "QTINST20": 0, "QTINST21": 0, "QTINST22": 1, "QTINST23": 0, "QTINST24": 0, "QTINST25": 1, "QTINST26": 0, "QTINST27": 0, "QTINST28": 1, "QTINST29": 1, "QTINST30": 1, "ATENDAMB": "1", "QTINST31": 2, "QTINST32": 1, "QTINST33": 1, "CENTRCIR": "1", "QTINST34": 0, "QTINST35": 0, "QTINST36": 0, "QTINST37": 0, "CENTROBS": "0", "QTLEIT05": 0, "QTLEIT06": 0, "QTLEIT07": 0, "QTLEIT08": 0, "QTLEIT09": 0, "QTLEIT19": 0, "QTLEIT20": 0, "QTLEIT21": 0, "QTLEIT22": 2, "QTLEIT23": 0, "QTLEIT32": 2, "QTLEIT34": 0, "QTLEIT38": 0, "QTLEIT39": 0, "QTLEIT40": 0, "CENTRNEO": "0", "ATENDHOS": "1", "SERAP01P": "1", "SERAP01T": "0", "SERAP02P": "0", "SERAP02T": "0", "SERAP03P": "1", "SERAP03T": "0", "SERAP04P": "1", "SERAP04T": "0", "SERAP05P": "0", "SERAP05T": "0", "SERAP06P": "0", "SERAP06T": "0", "SERAP07P": "0", "SERAP07T": "0", "SERAP08P": "0", "SERAP08T": "1", "SERAP09P": "1", "SERAP09T": "1", "SERAP10P": "0", "SERAP10T": "1", "SERAP11P": "1", "SERAP11T": "0", "SERAPOIO": "1", "RES_BIOL": "1", "RES_QUIM": "1", "RES_RADI": "1", "RES_COMU": "1", "COLETRES": "1", "COMISS01": "0", "COMISS02": "0", "COMISS03": "1", "COMISS04": "1", "COMISS05": "0", "COMISS06": "0", "COMISS07": "0", "COMISS08": "0", "COMISS09": "0", "COMISS10": "0", "COMISS11": "1", "COMISS12": "0", "COMISSAO": "1", "AP01CV01": "1", "AP01CV02": "1", "AP01CV03": "0", "AP01CV04": "0", "AP01CV05": "0", "AP01CV06": "1", "AP01CV07": "0", "AP02CV01": "1", "AP02CV02": "1", "AP02CV03": "0", "AP02CV04": "0", "AP02CV05": "0", "AP02CV06": "1", "AP02CV07": "0", "AP03CV01": "0", "AP03CV02": "1", "AP03CV03": "0", "AP03CV04": "0", "AP03CV05": "0", "AP03CV06": "1", "AP03CV07": "0", "AP04CV01": "0", "AP04CV02": "0", "AP04CV03": "0", "AP04CV04": "0", "AP04CV05": "0", "AP04CV06": "0", "AP04CV07": "0", "AP05CV01": "0", "AP05CV02": "0", "AP05CV03": "0", "AP05CV04": "0", "AP05CV05": "0", "AP05CV06": "0", "AP05CV07": "0", "AP06CV01": "0", "AP06CV02": "0", "AP06CV03": "0", "AP06CV04": "0", "AP06CV05": "0", "AP06CV06": "0", "AP06CV07": "0", "AP07CV01": "0", "AP07CV02": "0", "AP07CV03": "0", "AP07CV04": "0", "AP07CV05": "0", "AP07CV06": "0", "AP07CV07": "0", "ATEND_PR": "1", "DT_ATUAL": "202505", "COMPETEN": "202601", "NAT_JUR": "3999", "nome": "ERASTO GAERTNER UNIDADE IRATI", "lat": -25.462874270303519, "long": -50.633220532845925, "categoria": "saude", "subtipo": "" }, "geometry": { "type": "Point", "coordinates": [ -50.633220532845925, -25.462874270303519 ] } },
{ "type": "Feature", "properties": { "CNES": "9416471", "CODUFMUN": "411070", "COD_CEP": "84500069", "CPF_CNPJ": "27242037000425", "PF_PJ": "3", "NIV_DEP": "1", "CNPJ_MAN": "00000000000000", "COD_IR": null, "REGSAUDE": "04", "MICR_REG": null, "DISTRSAN": null, "DISTRADM": null, "VINC_SUS": "1", "TPGESTAO": "E", "ESFERA_A": "E", "RETENCAO": null, "ATIVIDAD": "04", "NATUREZA": null, "CLIENTEL": "01", "TP_UNID": "39", "TURNO_AT": "03", "NIV_HIER": null, "TP_PREST": "99", "CO_BANCO": "748", "CO_AGENC": "0730", "C_CORREN": "869352", "CONTRATM": null, "DT_PUBLM": null, "CONTRATE": null, "DT_PUBLE": null, "ALVARA": "10814", "DT_EXPED": "20160928", "ORGEXPED": "2", "AV_ACRED": null, "CLASAVAL": null, "DT_ACRED": null, "AV_PNASS": null, "DT_PNASS": null, "GESPRG1E": "0", "GESPRG1M": "0", "GESPRG2E": "1", "GESPRG2M": "0", "GESPRG4E": "0", "GESPRG4M": "0", "NIVATE_A": "1", "GESPRG3E": "0", "GESPRG3M": "0", "GESPRG5E": "0", "GESPRG5M": "0", "GESPRG6E": "0", "GESPRG6M": "0", "NIVATE_H": "0", "QTLEITP1": 0, "QTLEITP2": 0, "QTLEITP3": 0, "LEITHOSP": "0", "QTINST01": 0, "QTINST02": 0, "QTINST03": 0, "QTINST04": 0, "QTINST05": 0, "QTINST06": 0, "QTINST07": 0, "QTINST08": 0, "QTINST09": 0, "QTINST10": 0, "QTINST11": 0, "QTINST12": 0, "QTINST13": 0, "QTINST14": 0, "URGEMERG": "0", "QTINST15": 0, "QTINST16": 0, "QTINST17": 0, "QTINST18": 2, "QTINST19": 0, "QTINST20": 0, "QTINST21": 0, "QTINST22": 0, "QTINST23": 0, "QTINST24": 0, "QTINST25": 0, "QTINST26": 0, "QTINST27": 0, "QTINST28": 0, "QTINST29": 0, "QTINST30": 0, "ATENDAMB": "1", "QTINST31": 0, "QTINST32": 0, "QTINST33": 0, "CENTRCIR": "0", "QTINST34": 0, "QTINST35": 0, "QTINST36": 0, "QTINST37": 0, "CENTROBS": "0", "QTLEIT05": 0, "QTLEIT06": 0, "QTLEIT07": 0, "QTLEIT08": 0, "QTLEIT09": 0, "QTLEIT19": 0, "QTLEIT20": 0, "QTLEIT21": 0, "QTLEIT22": 0, "QTLEIT23": 0, "QTLEIT32": 0, "QTLEIT34": 0, "QTLEIT38": 0, "QTLEIT39": 0, "QTLEIT40": 0, "CENTRNEO": "0", "ATENDHOS": "0", "SERAP01P": "1", "SERAP01T": "0", "SERAP02P": "0", "SERAP02T": "0", "SERAP03P": "0", "SERAP03T": "0", "SERAP04P": "0", "SERAP04T": "0", "SERAP05P": "0", "SERAP05T": "0", "SERAP06P": "0", "SERAP06T": "0", "SERAP07P": "0", "SERAP07T": "0", "SERAP08P": "0", "SERAP08T": "0", "SERAP09P": "0", "SERAP09T": "0", "SERAP10P": "0", "SERAP10T": "0", "SERAP11P": "0", "SERAP11T": "0", "SERAPOIO": "1", "RES_BIOL": "1", "RES_QUIM": "0", "RES_RADI": "0", "RES_COMU": "1", "COLETRES": "1", "COMISS01": "0", "COMISS02": "0", "COMISS03": "0", "COMISS04": "0", "COMISS05": "0", "COMISS06": "0", "COMISS07": "0", "COMISS08": "0", "COMISS09": "0", "COMISS10": "0", "COMISS11": "0", "COMISS12": "0", "COMISSAO": "0", "AP01CV01": "0", "AP01CV02": "0", "AP01CV03": "0", "AP01CV04": "0", "AP01CV05": "0", "AP01CV06": "0", "AP01CV07": "0", "AP02CV01": "0", "AP02CV02": "0", "AP02CV03": "0", "AP02CV04": "0", "AP02CV05": "0", "AP02CV06": "0", "AP02CV07": "0", "AP03CV01": "1", "AP03CV02": "1", "AP03CV03": "0", "AP03CV04": "0", "AP03CV05": "1", "AP03CV06": "0", "AP03CV07": "0", "AP04CV01": "0", "AP04CV02": "0", "AP04CV03": "0", "AP04CV04": "0", "AP04CV05": "0", "AP04CV06": "0", "AP04CV07": "0", "AP05CV01": "0", "AP05CV02": "0", "AP05CV03": "0", "AP05CV04": "0", "AP05CV05": "0", "AP05CV06": "0", "AP05CV07": "0", "AP06CV01": "0", "AP06CV02": "0", "AP06CV03": "0", "AP06CV04": "0", "AP06CV05": "0", "AP06CV06": "0", "AP06CV07": "0", "AP07CV01": "0", "AP07CV02": "0", "AP07CV03": "0", "AP07CV04": "0", "AP07CV05": "0", "AP07CV06": "0", "AP07CV07": "0", "ATEND_PR": "1", "DT_ATUAL": "202505", "COMPETEN": "202601", "NAT_JUR": "2062", "nome": "LABORATORIO OSCAR PEREIRA", "lat": -25.466311625288373, "long": -50.648314184027129, "categoria": "saude", "subtipo": "" }, "geometry": { "type": "Point", "coordinates": [ -50.648314184027129, -25.466311625288373 ] } },
{ "type": "Feature", "properties": { "CNES": "9557849", "CODUFMUN": "411070", "COD_CEP": "84500054", "CPF_CNPJ": "00000000000000", "PF_PJ": "3", "NIV_DEP": "3", "CNPJ_MAN": "75654574000182", "COD_IR": null, "REGSAUDE": "004", "MICR_REG": null, "DISTRSAN": null, "DISTRADM": null, "VINC_SUS": "1", "TPGESTAO": "M", "ESFERA_A": "M", "RETENCAO": null, "ATIVIDAD": "04", "NATUREZA": null, "CLIENTEL": "01", "TP_UNID": "02", "TURNO_AT": "03", "NIV_HIER": null, "TP_PREST": "99", "CO_BANCO": null, "CO_AGENC": null, "C_CORREN": null, "CONTRATM": null, "DT_PUBLM": null, "CONTRATE": null, "DT_PUBLE": null, "ALVARA": null, "DT_EXPED": null, "ORGEXPED": null, "AV_ACRED": null, "CLASAVAL": null, "DT_ACRED": null, "AV_PNASS": null, "DT_PNASS": null, "GESPRG1E": "0", "GESPRG1M": "1", "GESPRG2E": "0", "GESPRG2M": "0", "GESPRG4E": "0", "GESPRG4M": "0", "NIVATE_A": "1", "GESPRG3E": "0", "GESPRG3M": "0", "GESPRG5E": "0", "GESPRG5M": "0", "GESPRG6E": "0", "GESPRG6M": "0", "NIVATE_H": "0", "QTLEITP1": 0, "QTLEITP2": 0, "QTLEITP3": 0, "LEITHOSP": "0", "QTINST01": 0, "QTINST02": 0, "QTINST03": 0, "QTINST04": 0, "QTINST05": 0, "QTINST06": 0, "QTINST07": 0, "QTINST08": 0, "QTINST09": 0, "QTINST10": 0, "QTINST11": 0, "QTINST12": 0, "QTINST13": 0, "QTINST14": 0, "URGEMERG": "0", "QTINST15": 1, "QTINST16": 0, "QTINST17": 0, "QTINST18": 1, "QTINST19": 0, "QTINST20": 0, "QTINST21": 0, "QTINST22": 0, "QTINST23": 1, "QTINST24": 0, "QTINST25": 1, "QTINST26": 1, "QTINST27": 0, "QTINST28": 0, "QTINST29": 1, "QTINST30": 0, "ATENDAMB": "1", "QTINST31": 0, "QTINST32": 0, "QTINST33": 0, "CENTRCIR": "0", "QTINST34": 0, "QTINST35": 0, "QTINST36": 0, "QTINST37": 0, "CENTROBS": "0", "QTLEIT05": 0, "QTLEIT06": 0, "QTLEIT07": 0, "QTLEIT08": 0, "QTLEIT09": 0, "QTLEIT19": 0, "QTLEIT20": 0, "QTLEIT21": 0, "QTLEIT22": 0, "QTLEIT23": 0, "QTLEIT32": 0, "QTLEIT34": 0, "QTLEIT38": 0, "QTLEIT39": 0, "QTLEIT40": 0, "CENTRNEO": "0", "ATENDHOS": "0", "SERAP01P": "1", "SERAP01T": "0", "SERAP02P": "0", "SERAP02T": "0", "SERAP03P": "0", "SERAP03T": "0", "SERAP04P": "0", "SERAP04T": "0", "SERAP05P": "0", "SERAP05T": "0", "SERAP06P": "0", "SERAP06T": "0", "SERAP07P": "0", "SERAP07T": "0", "SERAP08P": "0", "SERAP08T": "0", "SERAP09P": "0", "SERAP09T": "0", "SERAP10P": "0", "SERAP10T": "0", "SERAP11P": "0", "SERAP11T": "0", "SERAPOIO": "1", "RES_BIOL": "1", "RES_QUIM": "0", "RES_RADI": "0", "RES_COMU": "1", "COLETRES": "1", "COMISS01": "0", "COMISS02": "0", "COMISS03": "0", "COMISS04": "0", "COMISS05": "0", "COMISS06": "0", "COMISS07": "0", "COMISS08": "0", "COMISS09": "0", "COMISS10": "0", "COMISS11": "0", "COMISS12": "0", "COMISSAO": "0", "AP01CV01": "0", "AP01CV02": "0", "AP01CV03": "0", "AP01CV04": "0", "AP01CV05": "0", "AP01CV06": "0", "AP01CV07": "0", "AP02CV01": "1", "AP02CV02": "0", "AP02CV03": "0", "AP02CV04": "0", "AP02CV05": "0", "AP02CV06": "0", "AP02CV07": "0", "AP03CV01": "0", "AP03CV02": "0", "AP03CV03": "0", "AP03CV04": "0", "AP03CV05": "0", "AP03CV06": "0", "AP03CV07": "0", "AP04CV01": "0", "AP04CV02": "0", "AP04CV03": "0", "AP04CV04": "0", "AP04CV05": "0", "AP04CV06": "0", "AP04CV07": "0", "AP05CV01": "0", "AP05CV02": "0", "AP05CV03": "0", "AP05CV04": "0", "AP05CV05": "0", "AP05CV06": "0", "AP05CV07": "0", "AP06CV01": "0", "AP06CV02": "0", "AP06CV03": "0", "AP06CV04": "0", "AP06CV05": "0", "AP06CV06": "0", "AP06CV07": "0", "AP07CV01": "0", "AP07CV02": "0", "AP07CV03": "0", "AP07CV04": "0", "AP07CV05": "0", "AP07CV06": "0", "AP07CV07": "0", "ATEND_PR": "1", "DT_ATUAL": "202502", "COMPETEN": "202601", "NAT_JUR": "1244", "nome": "UNIDADE BASICA DE SAUDE FRANCOIS ABIB", "lat": -25.501308867958368, "long": -50.64265900292887, "categoria": "saude", "subtipo": "" }, "geometry": { "type": "Point", "coordinates": [ -25.501308867958368, -25.501308867958368 ] } }
]
}
