{
"type": "FeatureCollection",
"name": "irati_setores_2022",
"crs": { "type": "name", "properties": { "name": "urn:ogc:def:crs:EPSG::4674" } },
"bbox": [ -51.1463637, -25.6215378, -50.5796843, -25.3548642 ],                                                                    
"features": [
{ "type": "Feature", "properties": { "code_tract": 411070605000001.0, "code_muni": 4110706.0, "name_muni": "Irati", "name_neighborhood": "Fósforo", "code_neighborhood": 4110706009.0, "code_subdistrict": 41107060500.0, "name_subdistrict": null, "code_district": 411070605.0, "name_district": "Irati", "code_urban_concentration": null, "name_urban_concentration": null, "code_state": 41.0, "name_state": "Paraná", "code_immediate": 410029.0, "name_immediate": "Irati", "code_intermediate": 4106.0, "name_intermediate": "Ponta Grossa", "code_region": 4.0, "name_region": "Sul", "situacao": "Urbana", "code_situacao": 1.0, "code_type": 0.0, "area_km2": 0.25270502140043999 }, "bbox": [ -50.6596438, -25.4835265, -50.6566541, -25.4738281 ], "geometry": { "type": "MultiPolygon", "coordinates": [ [ [ [ -50.6569743, -25.4748878 ], [ -50.6569935, -25.4738281 ], [ -50.6582078, -25.4738604 ], [ -50.6584914, -25.4751629 ], [ -50.6596438, -25.4764305 ], [ -50.6595978, -25.4769701 ], [ -50.6590256, -25.4786554 ], [ -50.6595972, -25.4804265 ], [ -50.6596325, -25.481102 ], [ -50.6588803, -25.4830419 ], [ -50.6588687, -25.4835265 ], [ -50.6566541, -25.4834979 ], [ -50.6569743, -25.4748878 ] ] ] ] } },
{ "type": "Feature", "properties": { "code_tract": 411070605000002.0, "code_muni": 4110706.0, "name_muni": "Irati", "name_neighborhood": "Centro", "code_neighborhood": 4110706005.0, "code_subdistrict": 41107060500.0, "name_subdistrict": null, "code_district": 411070605.0, "name_district": "Irati", "code_urban_concentration": null, "name_urban_concentration": null, "code_state": 41.0, "name_state": "Paraná", "code_immediate": 410029.0, "name_immediate": "Irati", "code_intermediate": 4106.0, "name_intermediate": "Ponta Grossa", "code_region": 4.0, "name_region": "Sul", "situacao": "Urbana", "code_situacao": 1.0, "code_type": 0.0, "area_km2": 0.20858482385767199 }, "bbox": [ -50.6580344, -25.4717665, -50.6496802, -25.46406 ], "geometry": { "type": "MultiPolygon", "coordinates": [ [ [ [ -50.6523491, -25.4658649 ], [ -50.6496802, -25.46406 ], [ -50.6579466, -25.4671942 ], [ -50.6580344, -25.4673482 ], [ -50.6575177, -25.4689611 ], [ -50.6564906, -25.4697261 ], [ -50.656255099999989, -25.4699787 ], [ -50.6561754, -25.4703881 ], [ -50.6563644, -25.4710101 ], [ -50.6573454, -25.4717665 ], [ -50.654584799999988, -25.4717024 ], [ -50.654732, -25.469177 ], [ -50.6523491, -25.4658649 ] ] ] ] } },
{ "type": "Feature", "properties": { "code_tract": 411070605000003.0, "code_muni": 4110706.0, "name_muni": "Irati", "name_neighborhood": "Centro", "code_neighborhood": 4110706005.0, "code_subdistrict": 41107060500.0, "name_subdistrict": null, "code_district": 411070605.0, "name_district": "Irati", "code_urban_concentration": null, "name_urban_concentration": null, "code_state": 41.0, "name_state": "Paraná", "code_immediate": 410029.0, "name_immediate": "Irati", "code_intermediate": 4106.0, "name_intermediate": "Ponta Grossa", "code_region": 4.0, "name_region": "Sul", "situacao": "Urbana", "code_situacao": 1.0, "code_type": 0.0, "area_km2": 0.19988318944488601 }, "bbox": [ -50.654732, -25.4717024, -50.6498052, -25.4659006 ], "geometry": { "type": "MultiPolygon", "coordinates": [ [ [ [ -50.650424, -25.4672188 ], [ -50.6523797, -25.4659006 ], [ -50.654732, -25.469177 ], [ -50.654584799999988, -25.4717024 ], [ -50.6510375, -25.4716035 ], [ -50.6511, -25.469249 ], [ -50.6498052, -25.4676397 ], [ -50.650424, -25.4672188 ] ] ] ] } },
{ "type": "Feature", "properties": { "code_tract": 411070605000004.0, "code_muni": 4110706.0, "name_muni": "Irati", "name_neighborhood": "Centro", "code_neighborhood": 4110706005.0, "code_subdistrict": 41107060500.0, "name_subdistrict": null, "code_district": 411070605.0, "name_district": "Irati", "code_urban_concentration": null, "name_urban_concentration": null, "code_state": 41.0, "name_state": "Paraná", "code_immediate": 410029.0, "name_immediate": "Irati", "code_intermediate": 4106.0, "name_intermediate": "Ponta Grossa", "code_region": 4.0, "name_region": "Sul", "situacao": "Urbana", "code_situacao": 1.0, "code_type": 0.0, "area_km2": 0.247671311450366 }, "bbox": [ -50.6498052, -25.471824, -50.6430652, -25.465134 ], "geometry": { "type": "MultiPolygon", "coordinates": [ [ [ [ -50.6437049, -25.465839 ], [ -50.643805, -25.465134 ], [ -50.6447651, -25.465249 ], [ -50.6449622, -25.4651412 ], [ -50.647405, -25.467659 ], [ -50.6487301, -25.466324 ], [ -50.6498052, -25.4676397 ], [ -50.643675, -25.471824 ], [ -50.6432851, -25.471214 ], [ -50.6430652, -25.470419 ], [ -50.6437049, -25.465839 ] ] ] ] } },
{ "type": "Feature", "properties": { "code_tract": 411070605000005.0, "code_muni": 4110706.0, "name_muni": "Irati", "name_neighborhood": "Centro", "code_neighborhood": 4110706005.0, "code_subdistrict": 41107060500.0, "name_subdistrict": null, "code_district": 411070605.0, "name_district": "Irati", "code_urban_concentration": null, "name_urban_concentration": null, "code_state": 41.0, "name_state": "Paraná", "code_immediate": 410029.0, "name_immediate": "Irati", "code_intermediate": 4106.0, "name_intermediate": "Ponta Grossa", "code_region": 4.0, "name_region": "Sul", "situacao": "Urbana", "code_situacao": 1.0, "code_type": 0.0, "area_km2": 0.21561164804973901 }, "bbox": [ -50.6511, -25.4726471, -50.6440192, -25.4676397 ], "geometry": { "type": "MultiPolygon", "coordinates": [ [ [ [ -50.6451049, -25.470819 ], [ -50.6498052, -25.4676397 ], [ -50.6511, -25.469249 ], [ -50.6509766, -25.4726471 ], [ -50.6485477, -25.4726311 ], [ -50.645517, -25.4714644 ], [ -50.6440192, -25.471559 ], [ -50.6451049, -25.470819 ] ] ] ] } },
{ "type": "Feature", "properties": { "code_tract": 411070605000006.0, "code_muni": 4110706.0, "name_muni": "Irati", "name_neighborhood": "Fósforo", "code_neighborhood": 4110706009.0, "code_subdistrict": 41107060500.0, "name_subdistrict": null, "code_district": 411070605.0, "name_district": "Irati", "code_urban_concentration": null, "name_urban_concentration": null, "code_state": 41.0, "name_state": "Paraná", "code_immediate": 410029.0, "name_immediate": "Irati", "code_intermediate": 4106.0, "name_intermediate": "Ponta Grossa", "code_region": 4.0, "name_region": "Sul", "situacao": "Urbana", "code_situacao": 1.0, "code_type": 0.0, "area_km2": 0.19951844948689401 }, "bbox": [ -50.6545351, -25.4799658, -50.6500301, -25.473679 ], "geometry": { "type": "MultiPolygon", "coordinates": [ [ [ [ -50.6504498, -25.474724 ], [ -50.6507101, -25.473679 ], [ -50.6545351, -25.473764 ], [ -50.65443, -25.478299 ], [ -50.6520749, -25.478029 ], [ -50.6517704, -25.4799658 ], [ -50.6511881, -25.4776328 ], [ -50.6500301, -25.475684 ], [ -50.6504498, -25.474724 ] ] ] ] } },
{ "type": "Feature", "properties": { "code_tract": 411070605000007.0, "code_muni": 4110706.0, "name_muni": "Irati", "name_neighborhood": "Rio Bonito", "code_neighborhood": 4110706015.0, "code_subdistrict": 41107060500.0, "name_subdistrict": null, "code_district": 411070605.0, "name_district": "Irati", "code_urban_concentration": null, "name_urban_concentration": null, "code_state": 41.0, "name_state": "Paraná", "code_immediate": 410029.0, "name_immediate": "Irati", "code_intermediate": 4106.0, "name_intermediate": "Ponta Grossa", "code_region": 4.0, "name_region": "Sul", "situacao": "Urbana", "code_situacao": 1.0, "code_type": 0.0, "area_km2": 0.16610522151816001 }, "bbox": [ -50.6615476, -25.4801608, -50.6582078, -25.4738604 ], "geometry": { "type": "MultiPolygon", "coordinates": [ [ [ [ -50.6592125, -25.479221 ], [ -50.6590256, -25.4786554 ], [ -50.6595978, -25.4769701 ], [ -50.6596438, -25.4764305 ], [ -50.6584914, -25.4751629 ], [ -50.6582078, -25.4738604 ], [ -50.6615476, -25.4739674 ], [ -50.6613861, -25.48012 ], [ -50.6595177, -25.4801608 ], [ -50.6592125, -25.479221 ] ] ] ] } },
{ "type": "Feature", "properties": { "code_tract": 411070605000008.0, "code_muni": 4110706.0, "name_muni": "Irati", "name_neighborhood": "Rio Bonito", "code_neighborhood": 4110706015.0, "code_subdistrict": 41107060500.0, "name_subdistrict": null, "code_district": 411070605.0, "name_district": "Irati", "code_urban_concentration": null, "name_urban_concentration": null, "code_state": 41.0, "name_state": "Paraná", "code_immediate": 410029.0, "name_immediate": "Irati", "code_intermediate": 4106.0, "name_intermediate": "Ponta Grossa", "code_region": 4.0, "name_region": "Sul", "situacao": "Urbana", "code_situacao": 1.0, "code_type": 0.0, "area_km2": 0.13526553426367599 }, "bbox": [ -50.6638534, -25.4772128, -50.6614601, -25.471854 ], "geometry": { "type": "MultiPolygon", "coordinates": [ [ [ [ -50.661558, -25.4731837 ], [ -50.661594, -25.471854 ], [ -50.6638534, -25.4718935 ], [ -50.6638185, -25.4772128 ], [ -50.6614601, -25.47715 ], [ -50.661558, -25.4731837 ] ] ] ] } },
{ "type": "Feature", "properties": { "code_tract": 411070605000009.0, "code_muni": 4110706.0, "name_muni": "Irati", "name_neighborhood": "Rio Bonito", "code_neighborhood": 4110706015.0, "code_subdistrict": 41107060500.0, "name_subdistrict": null, "code_district": 411070605.0, "name_district": "Irati", "code_urban_concentration": null, "name_urban_concentration": null, "code_state": 41.0, "name_state": "Paraná", "code_immediate": 410029.0, "name_immediate": "Irati", "code_intermediate": 4106.0, "name_intermediate": "Ponta Grossa", "code_region": 4.0, "name_region": "Sul", "situacao": "Urbana", "code_situacao": 1.0, "code_type": 0.0, "area_km2": 0.17569790171591901 }, "bbox": [ -50.6659508, -25.4739674, -50.660372, -25.4673349 ], "geometry": { "type": "MultiPolygon", "coordinates": [ [ [ [ -50.6609054, -25.468278 ], [ -50.6639804, -25.4673349 ], [ -50.6659508, -25.4686942 ], [ -50.6643224, -25.4691541 ], [ -50.6628152, -25.4699321 ], [ -50.6627798, -25.471869 ], [ -50.661594, -25.471854 ], [ -50.6615476, -25.4739674 ], [ -50.660372, -25.473932 ], [ -50.6605356, -25.4682739 ], [ -50.6609054, -25.468278 ] ] ] ] } },
{ "type": "Feature", "properties": { "code_tract": 411070605000010.0, "code_muni": 4110706.0, "name_muni": "Irati", "name_neighborhood": "Der", "code_neighborhood": 4110706007.0, "code_subdistrict": 41107060500.0, "name_subdistrict": null, "code_district": 411070605.0, "name_district": "Irati", "code_urban_concentration": null, "name_urban_concentration": null, "code_state": 41.0, "name_state": "Paraná", "code_immediate": 410029.0, "name_immediate": "Irati", "code_intermediate": 4106.0, "name_intermediate": "Ponta Grossa", "code_region": 4.0, "name_region": "Sul", "situacao": "Urbana", "code_situacao": 1.0, "code_type": 0.0, "area_km2": 0.38193831209740398 }, "bbox": [ -50.6667222, -25.468278, -50.6583135, -25.461362 ], "geometry": { "type": "MultiPolygon", "coordinates": [ [ [ [ -50.6630158, -25.461369 ], [ -50.6633339, -25.461362 ], [ -50.6638822, -25.461869 ], [ -50.6639221, -25.462923 ], [ -50.664263399999989, -25.4631012 ], [ -50.6645932, -25.463524 ], [ -50.6645791, -25.464202 ], [ -50.6648941, -25.46529 ], [ -50.6645809, -25.4659 ], [ -50.664726, -25.466328 ], [ -50.6657909, -25.465936 ], [ -50.6660051, -25.466009 ], [ -50.6667222, -25.4667712 ], [ -50.6629249, -25.467574 ], [ -50.6609054, -25.468278 ], [ -50.6602331, -25.4681799 ], [ -50.6583135, -25.4674266 ], [ -50.6585474, -25.4667865 ], [ -50.6589228, -25.4635532 ], [ -50.6595673, -25.463599 ], [ -50.6598252, -25.4634818 ], [ -50.6603419, -25.4623074 ], [ -50.6612599, -25.461663 ], [ -50.662152, -25.46182 ], [ -50.6630158, -25.461369 ] ] ] ] } },
{ "type": "Feature", "properties": { "code_tract": 411070605000014.0, "code_muni": 4110706.0, "name_muni": "Irati", "name_neighborhood": "Canisianas", "code_neighborhood": 4110706004.0, "code_subdistrict": 41107060500.0, "name_subdistrict": null, "code_district": 411070605.0, "name_district": "Irati", "code_urban_concentration": null, "name_urban_concentration": null, "code_state": 41.0, "name_state": "Paraná", "code_immediate": 410029.0, "name_immediate": "Irati", "code_intermediate": 4106.0, "name_intermediate": "Ponta Grossa", "code_region": 4.0, "name_region": "Sul", "situacao": "Urbana", "code_situacao": 1.0, "code_type": 0.0, "area_km2": 0.27412303270100002 }, "bbox": [ -50.6449622, -25.4663783, -50.6348701, -25.4591101 ], "geometry": { "type": "MultiPolygon", "coordinates": [ [ [ [ -50.6359051, -25.463449 ], [ -50.63674, -25.463844 ], [ -50.637287, -25.459286 ], [ -50.637716, -25.4591101 ], [ -50.6381592, -25.4591376 ], [ -50.6387969, -25.4595479 ], [ -50.6393085, -25.4612168 ], [ -50.6398881, -25.4620972 ], [ -50.6399639, -25.4623398 ], [ -50.6398204, -25.463257 ], [ -50.640154, -25.4640165 ], [ -50.642777, -25.4647822 ], [ -50.644233, -25.4651066 ], [ -50.6448405, -25.4650168 ], [ -50.6449622, -25.4651412 ], [ -50.6447651, -25.465249 ], [ -50.643805, -25.465134 ], [ -50.643624599999988, -25.4663783 ], [ -50.6348701, -25.464674 ], [ -50.635010199999989, -25.463024 ], [ -50.6359051, -25.463449 ] ] ] ] } },
{ "type": "Feature", "properties": { "code_tract": 411070605000017.0, "code_muni": 4110706.0, "name_muni": "Irati", "name_neighborhood": "Jardim Califórnia", "code_neighborhood": 4110706011.0, "code_subdistrict": 41107060500.0, "name_subdistrict": null, "code_district": 411070605.0, "name_district": "Irati", "code_urban_concentration": null, "name_urban_concentration": null, "code_state": 41.0, "name_state": "Paraná", "code_immediate": 410029.0, "name_immediate": "Irati", "code_intermediate": 4106.0, "name_intermediate": "Ponta Grossa", "code_region": 4.0, "name_region": "Sul", "situacao": "Urbana", "code_situacao": 1.0, "code_type": 0.0, "area_km2": 0.30127130453144402 }, "bbox": [ -50.6475299, -25.4775647, -50.6401118, -25.4714644 ], "geometry": { "type": "MultiPolygon", "coordinates": [ [ [ [ -50.6444467, -25.4714765 ], [ -50.645517, -25.4714644 ], [ -50.6475299, -25.4722393 ], [ -50.6467519, -25.473579 ], [ -50.6467418, -25.473684 ], [ -50.6470522, -25.4736836 ], [ -50.6469228, -25.4742262 ], [ -50.6466971, -25.474143 ], [ -50.6467446, -25.4742737 ], [ -50.646602, -25.4742499 ], [ -50.6467802, -25.474939 ], [ -50.6463525, -25.4750222 ], [ -50.6464594, -25.4751291 ], [ -50.6461862, -25.4752479 ], [ -50.6459248, -25.4757826 ], [ -50.6454258, -25.4757707 ], [ -50.6450218, -25.4761034 ], [ -50.644903, -25.4768282 ], [ -50.6446891, -25.4768519 ], [ -50.6446654, -25.4770064 ], [ -50.6444515, -25.4770895 ], [ -50.6444871, -25.4773509 ], [ -50.6441909, -25.4775647 ], [ -50.6401118, -25.4764183 ], [ -50.6404699, -25.475164 ], [ -50.64134, -25.473969 ], [ -50.643675, -25.471824 ], [ -50.6440192, -25.471559 ], [ -50.6444467, -25.4714765 ] ] ] ] } },
{ "type": "Feature", "properties": { "code_tract": 411070605000018.0, "code_muni": 4110706.0, "name_muni": "Irati", "name_neighborhood": "Stroparo", "code_neighborhood": 4110706017.0, "code_subdistrict": 41107060500.0, "name_subdistrict": null, "code_district": 411070605.0, "name_district": "Irati", "code_urban_concentration": null, "name_urban_concentration": null, "code_state": 41.0, "name_state": "Paraná", "code_immediate": 410029.0, "name_immediate": "Irati", "code_intermediate": 4106.0, "name_intermediate": "Ponta Grossa", "code_region": 4.0, "name_region": "Sul", "situacao": "Urbana", "code_situacao": 1.0, "code_type": 0.0, "area_km2": 0.52089134626688305 }, "bbox": [ -50.64988, -25.4913443, -50.6410949, -25.4797538 ], "geometry": { "type": "MultiPolygon", "coordinates": [ [ [ [ -50.641362, -25.4822269 ], [ -50.6430067, -25.4819436 ], [ -50.6446691, -25.4811932 ], [ -50.6464476, -25.4797538 ], [ -50.6457307, -25.4816885 ], [ -50.6457636, -25.4826366 ], [ -50.6476148, -25.482209 ], [ -50.6485598, -25.485275 ], [ -50.6496352, -25.485029 ], [ -50.64988, -25.485904 ], [ -50.6492849, -25.486299 ], [ -50.64889, -25.487869 ], [ -50.6478949, -25.488924 ], [ -50.647235, -25.490624 ], [ -50.6460788, -25.4913443 ], [ -50.6448, -25.487938 ], [ -50.6440649, -25.487244 ], [ -50.642275, -25.485934 ], [ -50.6419499, -25.485474 ], [ -50.6410949, -25.482209 ], [ -50.641362, -25.4822269 ] ] ] ] } },
{ "type": "Feature", "properties": { "code_tract": 411070605000025.0, "code_muni": 4110706.0, "name_muni": "Irati", "name_neighborhood": "Rio Bonito", "code_neighborhood": 4110706015.0, "code_subdistrict": 41107060500.0, "name_subdistrict": null, "code_district": 411070605.0, "name_district": "Irati", "code_urban_concentration": null, "name_urban_concentration": null, "code_state": 41.0, "name_state": "Paraná", "code_immediate": 410029.0, "name_immediate": "Irati", "code_intermediate": 4106.0, "name_intermediate": "Ponta Grossa", "code_region": 4.0, "name_region": "Sul", "situacao": "Urbana", "code_situacao": 1.0, "code_type": 0.0, "area_km2": 0.14665179480933599 }, "bbox": [ -50.6703294, -25.4752159, -50.6638134, -25.4718935 ], "geometry": { "type": "MultiPolygon", "coordinates": [ [ [ [ -50.663828, -25.4729775 ], [ -50.6638534, -25.4718935 ], [ -50.668784599999988, -25.4720337 ], [ -50.6703294, -25.4752159 ], [ -50.668565, -25.47517 ], [ -50.6686109, -25.4741118 ], [ -50.6638134, -25.4740187 ], [ -50.663828, -25.4729775 ] ] ] ] } },
{ "type": "Feature", "properties": { "code_tract": 411070605000026.0, "code_muni": 4110706.0, "name_muni": "Irati", "name_neighborhood": "Alto da Lagoa", "code_neighborhood": 4110706002.0, "code_subdistrict": 41107060500.0, "name_subdistrict": null, "code_district": 411070605.0, "name_district": "Irati", "code_urban_concentration": null, "name_urban_concentration": null, "code_state": 41.0, "name_state": "Paraná", "code_immediate": 410029.0, "name_immediate": "Irati", "code_intermediate": 4106.0, "name_intermediate": "Ponta Grossa", "code_region": 4.0, "name_region": "Sul", "situacao": "Urbana", "code_situacao": 1.0, "code_type": 0.0, "area_km2": 0.098381842500380998 }, "bbox": [ -50.6785622, -25.4921392, -50.6738307, -25.4880134 ], "geometry": { "type": "MultiPolygon", "coordinates": [ [ [ [ -50.6738307, -25.490173 ], [ -50.6759418, -25.4880134 ], [ -50.6761304, -25.4888616 ], [ -50.6785622, -25.4904785 ], [ -50.676911, -25.4921392 ], [ -50.6738307, -25.490173 ] ] ] ] } },
{ "type": "Feature", "properties": { "code_tract": 411070605000028.0, "code_muni": 4110706.0, "name_muni": "Irati", "name_neighborhood": "Der", "code_neighborhood": 4110706007.0, "code_subdistrict": 41107060500.0, "name_subdistrict": null, "code_district": 411070605.0, "name_district": "Irati", "code_urban_concentration": null, "name_urban_concentration": null, "code_state": 41.0, "name_state": "Paraná", "code_immediate": 410029.0, "name_immediate": "Irati", "code_intermediate": 4106.0, "name_intermediate": "Ponta Grossa", "code_region": 4.0, "name_region": "Sul", "situacao": "Urbana", "code_situacao": 2.0, "code_type": 0.0, "area_km2": 1.2187384177932581 }, "bbox": [ -50.681063, -25.466714, -50.6629494, -25.4534223 ], "geometry": { "type": "MultiPolygon", "coordinates": [ [ [ [ -50.6804467, -25.4616179 ], [ -50.681063, -25.4625613 ], [ -50.6798814, -25.4625524 ], [ -50.6782462, -25.462235 ], [ -50.67567, -25.462439 ], [ -50.6748949, -25.462679 ], [ -50.6694899, -25.466189 ], [ -50.66703, -25.466714 ], [ -50.6673131, -25.4652341 ], [ -50.667784, -25.4647897 ], [ -50.6685202, -25.4643719 ], [ -50.66604, -25.462199 ], [ -50.665396, -25.462779 ], [ -50.664263399999989, -25.4631012 ], [ -50.6639221, -25.462923 ], [ -50.6638822, -25.461869 ], [ -50.6633339, -25.461362 ], [ -50.6629494, -25.4613948 ], [ -50.6635834, -25.4583331 ], [ -50.6640505, -25.4575129 ], [ -50.6662051, -25.4565008 ], [ -50.6643401, -25.4547055 ], [ -50.6659854, -25.4534223 ], [ -50.6684352, -25.4538641 ], [ -50.6692951, -25.4535485 ], [ -50.6735493, -25.4534747 ], [ -50.6723715, -25.4548691 ], [ -50.6732435, -25.4584736 ], [ -50.6741592, -25.4604988 ], [ -50.6753607, -25.4610608 ], [ -50.6767173, -25.4612352 ], [ -50.6777056, -25.4610414 ], [ -50.6804078, -25.460996 ], [ -50.6804467, -25.4616179 ] ] ] ] } },
{ "type": "Feature", "properties": { "code_tract": 411070605000029.0, "code_muni": 4110706.0, "name_muni": "Irati", "name_neighborhood": "Colina Nossa Senhora das Graças", "code_neighborhood": 4110706006.0, "code_subdistrict": 41107060500.0, "name_subdistrict": null, "code_district": 411070605.0, "name_district": "Irati", "code_urban_concentration": null, "name_urban_concentration": null, "code_state": 41.0, "name_state": "Paraná", "code_immediate": 410029.0, "name_immediate": "Irati", "code_intermediate": 4106.0, "name_intermediate": "Ponta Grossa", "code_region": 4.0, "name_region": "Sul", "situacao": "Urbana", "code_situacao": 2.0, "code_type": 0.0, "area_km2": 1.103367919942519 }, "bbox": [ -50.6692951, -25.463599, -50.653265, -25.4507705 ], "geometry": { "type": "MultiPolygon", "coordinates": [ [ [ [ -50.653952399999987, -25.4527971 ], [ -50.6553688, -25.4527067 ], [ -50.6630851, -25.4507705 ], [ -50.6692951, -25.4535485 ], [ -50.6684352, -25.4538641 ], [ -50.6659854, -25.4534223 ], [ -50.6643401, -25.4547055 ], [ -50.6662051, -25.4565008 ], [ -50.6640505, -25.4575129 ], [ -50.6635834, -25.4583331 ], [ -50.6629494, -25.4613948 ], [ -50.6623601, -25.461782 ], [ -50.6618998, -25.4618185 ], [ -50.6612599, -25.461663 ], [ -50.6605863, -25.4620562 ], [ -50.6603419, -25.4623074 ], [ -50.6599634, -25.4633648 ], [ -50.6595673, -25.463599 ], [ -50.6592248, -25.463585 ], [ -50.6589228, -25.4635532 ], [ -50.6578654, -25.4623643 ], [ -50.6569041, -25.4617139 ], [ -50.656594, -25.461638 ], [ -50.6565778, -25.45905 ], [ -50.653265, -25.4528125 ], [ -50.653952399999987, -25.4527971 ] ] ] ] } },
{ "type": "Feature", "properties": { "code_tract": 411070605000030.0, "code_muni": 4110706.0, "name_muni": "Irati", "name_neighborhood": "Vila Nova", "code_neighborhood": 4110706018.0, "code_subdistrict": 41107060500.0, "name_subdistrict": null, "code_district": 411070605.0, "name_district": "Irati", "code_urban_concentration": null, "name_urban_concentration": null, "code_state": 41.0, "name_state": "Paraná", "code_immediate": 410029.0, "name_immediate": "Irati", "code_intermediate": 4106.0, "name_intermediate": "Ponta Grossa", "code_region": 4.0, "name_region": "Sul", "situacao": "Urbana", "code_situacao": 2.0, "code_type": 0.0, "area_km2": 0.86821135727761001 }, "bbox": [ -50.6507277, -25.4571246, -50.6325324, -25.4487746 ], "geometry": { "type": "MultiPolygon", "coordinates": [ [ [ [ -50.6335027, -25.4518374 ], [ -50.6361051, -25.4501777 ], [ -50.6389506, -25.4488408 ], [ -50.6396954, -25.4487746 ], [ -50.6405658, -25.4491837 ], [ -50.6431558, -25.4513434 ], [ -50.6441738, -25.4520222 ], [ -50.6453755, -25.4525477 ], [ -50.6482787, -25.4535412 ], [ -50.6496333, -25.4536064 ], [ -50.6507277, -25.453344 ], [ -50.6503175, -25.4544479 ], [ -50.6504911, -25.4546814 ], [ -50.6504289, -25.4549691 ], [ -50.650141, -25.455271 ], [ -50.6499063, -25.4552894 ], [ -50.6496505, -25.4555074 ], [ -50.6491009, -25.455578 ], [ -50.6487929, -25.4557942 ], [ -50.6468838, -25.4556092 ], [ -50.6466393, -25.4558031 ], [ -50.645070399999987, -25.4555802 ], [ -50.644494, -25.455846 ], [ -50.6433398, -25.455496 ], [ -50.6432819, -25.455307 ], [ -50.6429708, -25.4552271 ], [ -50.641912299999987, -25.4554988 ], [ -50.641717, -25.456126 ], [ -50.6415497, -25.4561634 ], [ -50.6407201, -25.45589 ], [ -50.6406056, -25.4560169 ], [ -50.6398646, -25.4560632 ], [ -50.6391271, -25.4559767 ], [ -50.6390715, -25.4554427 ], [ -50.6387571, -25.4555808 ], [ -50.6373619, -25.4568605 ], [ -50.6365823, -25.4571246 ], [ -50.6361372, -25.4571236 ], [ -50.6347249, -25.4564545 ], [ -50.6339909, -25.4529324 ], [ -50.633107, -25.4529715 ], [ -50.6325324, -25.4524408 ], [ -50.6335027, -25.4518374 ] ] ] ] } },
{ "type": "Feature", "properties": { "code_tract": 411070605000032.0, "code_muni": 4110706.0, "name_muni": "Irati", "name_neighborhood": "Canisianas", "code_neighborhood": 4110706004.0, "code_subdistrict": 41107060500.0, "name_subdistrict": null, "code_district": 411070605.0, "name_district": "Irati", "code_urban_concentration": null, "name_urban_concentration": null, "code_state": 41.0, "name_state": "Paraná", "code_immediate": 410029.0, "name_immediate": "Irati", "code_intermediate": 4106.0, "name_intermediate": "Ponta Grossa", "code_region": 4.0, "name_region": "Sul", "situacao": "Urbana", "code_situacao": 1.0, "code_type": 0.0, "area_km2": 0.37718086014765601 }, "bbox": [ -50.635010199999989, -25.464674, -50.6237429, -25.459999 ], "geometry": { "type": "MultiPolygon", "coordinates": [ [ [ [ -50.6239589, -25.461801 ], [ -50.6242339, -25.461802 ], [ -50.6248751, -25.461501 ], [ -50.6253179, -25.460627 ], [ -50.625859, -25.460319 ], [ -50.62635, -25.46032 ], [ -50.6279351, -25.461169 ], [ -50.6290421, -25.460938 ], [ -50.6298352, -25.460484 ], [ -50.6315902, -25.459999 ], [ -50.6317522, -25.460812 ], [ -50.6320898, -25.461529 ], [ -50.6335511, -25.462144 ], [ -50.635010199999989, -25.463024 ], [ -50.6348701, -25.464674 ], [ -50.632375, -25.464289 ], [ -50.627695, -25.464314 ], [ -50.6240941, -25.4636176 ], [ -50.6237429, -25.461725 ], [ -50.6239589, -25.461801 ] ] ] ] } },
{ "type": "Feature", "properties": { "code_tract": 411070605000034.0, "code_muni": 4110706.0, "name_muni": "Irati", "name_neighborhood": "Vila São João", "code_neighborhood": 4110706019.0, "code_subdistrict": 41107060500.0, "name_subdistrict": null, "code_district": 411070605.0, "name_district": "Irati", "code_urban_concentration": null, "name_urban_concentration": null, "code_state": 41.0, "name_state": "Paraná", "code_immediate": 410029.0, "name_immediate": "Irati", "code_intermediate": 4106.0, "name_intermediate": "Ponta Grossa", "code_region": 4.0, "name_region": "Sul", "situacao": "Urbana", "code_situacao": 2.0, "code_type": 0.0, "area_km2": 0.94027701262021901 }, "bbox": [ -50.6460788, -25.4934021, -50.6339853, -25.477274 ], "geometry": { "type": "MultiPolygon", "coordinates": [ [ [ [ -50.6344762, -25.4859228 ], [ -50.6394627, -25.4786569 ], [ -50.6398349, -25.477274 ], [ -50.6419499, -25.485474 ], [ -50.642275, -25.485934 ], [ -50.6440649, -25.487244 ], [ -50.6448, -25.487938 ], [ -50.6460788, -25.4913443 ], [ -50.6451956, -25.4922301 ], [ -50.643571699999988, -25.4931034 ], [ -50.6432417, -25.4934021 ], [ -50.6425684, -25.4925694 ], [ -50.6418402, -25.4923704 ], [ -50.6412758, -25.4923713 ], [ -50.6403403, -25.4918845 ], [ -50.6404885, -25.4914612 ], [ -50.6400881, -25.4911265 ], [ -50.6399174, -25.491248 ], [ -50.6374349, -25.4905163 ], [ -50.6339853, -25.4864918 ], [ -50.6344762, -25.4859228 ] ] ] ] } },
{ "type": "Feature", "properties": { "code_tract": 411070605000036.0, "code_muni": 4110706.0, "name_muni": "Irati", "name_neighborhood": "Jardim Virgínia", "code_neighborhood": 4110706012.0, "code_subdistrict": 41107060500.0, "name_subdistrict": null, "code_district": 411070605.0, "name_district": "Irati", "code_urban_concentration": null, "name_urban_concentration": null, "code_state": 41.0, "name_state": "Paraná", "code_immediate": 410029.0, "name_immediate": "Irati", "code_intermediate": 4106.0, "name_intermediate": "Ponta Grossa", "code_region": 4.0, "name_region": "Sul", "situacao": "Urbana", "code_situacao": 1.0, "code_type": 0.0, "area_km2": 0.115046015921387 }, "bbox": [ -50.6506281, -25.4964324, -50.6464351, -25.4919007 ], "geometry": { "type": "MultiPolygon", "coordinates": [ [ [ [ -50.6468821, -25.4922268 ], [ -50.6478742, -25.4919007 ], [ -50.6482832, -25.4929111 ], [ -50.6506281, -25.4921425 ], [ -50.6490721, -25.4960954 ], [ -50.647879, -25.4964324 ], [ -50.6464351, -25.492379 ], [ -50.6468821, -25.4922268 ] ] ] ] } },
{ "type": "Feature", "properties": { "code_tract": 411070605000037.0, "code_muni": 4110706.0, "name_muni": "Irati", "name_neighborhood": "Jardim Aeroporto", "code_neighborhood": 4110706010.0, "code_subdistrict": 41107060500.0, "name_subdistrict": null, "code_district": 411070605.0, "name_district": "Irati", "code_urban_concentration": null, "name_urban_concentration": null, "code_state": 41.0, "name_state": "Paraná", "code_immediate": 410029.0, "name_immediate": "Irati", "code_intermediate": 4106.0, "name_intermediate": "Ponta Grossa", "code_region": 4.0, "name_region": "Sul", "situacao": "Urbana", "code_situacao": 1.0, "code_type": 0.0, "area_km2": 0.14510777942056399 }, "bbox": [ -50.6529436, -25.499179, -50.647879, -25.4947869 ], "geometry": { "type": "MultiPolygon", "coordinates": [ [ [ [ -50.648456, -25.4962458 ], [ -50.6490721, -25.4960954 ], [ -50.6495948, -25.4947869 ], [ -50.6519766, -25.4953504 ], [ -50.6517813, -25.4960284 ], [ -50.6513815, -25.4959183 ], [ -50.6518557, -25.4970985 ], [ -50.6529436, -25.4975415 ], [ -50.652545, -25.498579 ], [ -50.6517052, -25.498399 ], [ -50.6513351, -25.498439 ], [ -50.648845, -25.499179 ], [ -50.647879, -25.4964324 ], [ -50.648456, -25.4962458 ] ] ] ] } },
{ "type": "Feature", "properties": { "code_tract": 411070605000038.0, "code_muni": 4110706.0, "name_muni": "Irati", "name_neighborhood": "Lagoa", "code_neighborhood": 4110706013.0, "code_subdistrict": 41107060500.0, "name_subdistrict": null, "code_district": 411070605.0, "name_district": "Irati", "code_urban_concentration": null, "name_urban_concentration": null, "code_state": 41.0, "name_state": "Paraná", "code_immediate": 410029.0, "name_immediate": "Irati", "code_intermediate": 4106.0, "name_intermediate": "Ponta Grossa", "code_region": 4.0, "name_region": "Sul", "situacao": "Urbana", "code_situacao": 2.0, "code_type": 0.0, "area_km2": 0.94361626235455798 }, "bbox": [ -50.6648171, -25.5112579, -50.6560188, -25.488328 ], "geometry": { "type": "MultiPolygon", "coordinates": [ [ [ [ -50.656352, -25.491664 ], [ -50.6564831, -25.488328 ], [ -50.65749, -25.489209 ], [ -50.6597591, -25.490559 ], [ -50.6610781, -25.4920961 ], [ -50.6625099, -25.4946161 ], [ -50.6636646, -25.4959612 ], [ -50.6637039, -25.4969065 ], [ -50.6634401, -25.497548 ], [ -50.663299, -25.499037 ], [ -50.663515, -25.500147 ], [ -50.6630459, -25.501288 ], [ -50.6630092, -25.501702 ], [ -50.663281, -25.50234 ], [ -50.663299, -25.503937 ], [ -50.6642411, -25.504682 ], [ -50.6645309, -25.505096 ], [ -50.6648171, -25.50739 ], [ -50.6646788, -25.507927 ], [ -50.664312, -25.508481 ], [ -50.663398, -25.509207 ], [ -50.6628889, -25.510416 ], [ -50.6619653, -25.5112579 ], [ -50.659539, -25.5110781 ], [ -50.6598647, -25.5098858 ], [ -50.660687, -25.5099364 ], [ -50.6611826, -25.506216 ], [ -50.6604757, -25.5038394 ], [ -50.6605716, -25.4996447 ], [ -50.6603655, -25.4984369 ], [ -50.6603744, -25.4967477 ], [ -50.6590682, -25.4968333 ], [ -50.6573337, -25.497786 ], [ -50.6565591, -25.4980306 ], [ -50.656388, -25.4979049 ], [ -50.6566086, -25.4970008 ], [ -50.6560188, -25.4968219 ], [ -50.6562584, -25.4957264 ], [ -50.656352, -25.491664 ] ], [ [ -50.661175, -25.494759 ], [ -50.6616599, -25.494534 ], [ -50.66145, -25.494154 ], [ -50.66096, -25.494369 ], [ -50.661175, -25.494759 ] ] ] ] } },
{ "type": "Feature", "properties": { "code_tract": 411070605000040.0, "code_muni": 4110706.0, "name_muni": "Irati", "name_neighborhood": "Riozinho", "code_neighborhood": 4110706016.0, "code_subdistrict": 41107060500.0, "name_subdistrict": null, "code_district": 411070605.0, "name_district": "Irati", "code_urban_concentration": null, "name_urban_concentration": null, "code_state": 41.0, "name_state": "Paraná", "code_immediate": 410029.0, "name_immediate": "Irati", "code_intermediate": 4106.0, "name_intermediate": "Ponta Grossa", "code_region": 4.0, "name_region": "Sul", "situacao": "Urbana", "code_situacao": 2.0, "code_type": 0.0, "area_km2": 2.268829692601753 }, "bbox": [ -50.6646596, -25.5515712, -50.6452333, -25.530086 ], "geometry": { "type": "MultiPolygon", "coordinates": [ [ [ [ -50.6489724, -25.5512611 ], [ -50.6483584, -25.5501124 ], [ -50.6482657, -25.5487953 ], [ -50.6487265, -25.5474589 ], [ -50.6487447, -25.5460378 ], [ -50.646991, -25.5450002 ], [ -50.6465645, -25.5442792 ], [ -50.6464304, -25.5435229 ], [ -50.6452333, -25.5423733 ], [ -50.6458392, -25.5411185 ], [ -50.6471583, -25.5375693 ], [ -50.6474079, -25.5363254 ], [ -50.6478713, -25.5353282 ], [ -50.652565499999987, -25.5317359 ], [ -50.6541872, -25.5309213 ], [ -50.6538878, -25.530086 ], [ -50.6548531, -25.5302817 ], [ -50.6565705, -25.5307967 ], [ -50.6566929, -25.5310589 ], [ -50.656422, -25.5318577 ], [ -50.6555192, -25.5326299 ], [ -50.6564195, -25.5343294 ], [ -50.6569947, -25.5349188 ], [ -50.6576732, -25.5361275 ], [ -50.6577843, -25.5365087 ], [ -50.6576456, -25.5368893 ], [ -50.657352, -25.5371562 ], [ -50.6569077, -25.5370743 ], [ -50.6571428, -25.5375301 ], [ -50.6574946, -25.5378622 ], [ -50.6639871, -25.5418368 ], [ -50.6646596, -25.5427259 ], [ -50.648969099999988, -25.5515712 ], [ -50.6489724, -25.5512611 ] ] ] ] } },
{ "type": "Feature", "properties": { "code_tract": 411070605000041.0, "code_muni": 4110706.0, "name_muni": "Irati", "name_neighborhood": "Engenheiro Gutierrez", "code_neighborhood": 4110706008.0, "code_subdistrict": 41107060500.0, "name_subdistrict": null, "code_district": 411070605.0, "name_district": "Irati", "code_urban_concentration": null, "name_urban_concentration": null, "code_state": 41.0, "name_state": "Paraná", "code_immediate": 410029.0, "name_immediate": "Irati", "code_intermediate": 4106.0, "name_intermediate": "Ponta Grossa", "code_region": 4.0, "name_region": "Sul", "situacao": "Urbana", "code_situacao": 1.0, "code_type": 0.0, "area_km2": 0.96799458652505499 }, "bbox": [ -50.6620361, -25.5304277, -50.6483096, -25.5173324 ], "geometry": { "type": "MultiPolygon", "coordinates": [ [ [ [ -50.6499698, -25.5224114 ], [ -50.6540925, -25.5229277 ], [ -50.6544799, -25.5190735 ], [ -50.6555777, -25.5197465 ], [ -50.6561664, -25.519935 ], [ -50.657283, -25.519486 ], [ -50.6586163, -25.517809 ], [ -50.6612428, -25.5173324 ], [ -50.6620361, -25.5215485 ], [ -50.660374499999989, -25.5218183 ], [ -50.6605561, -25.5228663 ], [ -50.6589301, -25.5231393 ], [ -50.6587514, -25.5239084 ], [ -50.6588044, -25.5248865 ], [ -50.6586982, -25.525319 ], [ -50.6568498, -25.5292536 ], [ -50.6553601, -25.5304277 ], [ -50.6538878, -25.530086 ], [ -50.6533182, -25.5301745 ], [ -50.6529654, -25.5304063 ], [ -50.6527117, -25.5303435 ], [ -50.6524668, -25.5299901 ], [ -50.6518227, -25.529627 ], [ -50.6519623, -25.5293521 ], [ -50.6525132, -25.5293321 ], [ -50.6527328, -25.5291632 ], [ -50.6530303, -25.5286767 ], [ -50.6532455, -25.5271477 ], [ -50.6528735, -25.5269964 ], [ -50.6518952, -25.5276475 ], [ -50.650321, -25.5272387 ], [ -50.6491135, -25.5266206 ], [ -50.6487317, -25.5237184 ], [ -50.6483096, -25.5221887 ], [ -50.6499698, -25.5224114 ] ] ] ] } },
{ "type": "Feature", "properties": { "code_tract": 411070605000042.0, "code_muni": 4110706.0, "name_muni": "Irati", "name_neighborhood": "Engenheiro Gutierrez", "code_neighborhood": 4110706008.0, "code_subdistrict": 41107060500.0, "name_subdistrict": null, "code_district": 411070605.0, "name_district": "Irati", "code_urban_concentration": null, "name_urban_concentration": null, "code_state": 41.0, "name_state": "Paraná", "code_immediate": 410029.0, "name_immediate": "Irati", "code_intermediate": 4106.0, "name_intermediate": "Ponta Grossa", "code_region": 4.0, "name_region": "Sul", "situacao": "Urbana", "code_situacao": 2.0, "code_type": 0.0, "area_km2": 2.789032316145446 }, "bbox": [ -50.673657899999988, -25.5419625, -50.6553601, -25.5100911 ], "geometry": { "type": "MultiPolygon", "coordinates": [ [ [ [ -50.6639439, -25.541249 ], [ -50.6641677, -25.5418197 ], [ -50.6641083, -25.5419625 ], [ -50.6574946, -25.5378622 ], [ -50.6571428, -25.5375301 ], [ -50.6569077, -25.5370743 ], [ -50.657352, -25.5371562 ], [ -50.6576456, -25.5368893 ], [ -50.6577843, -25.5365087 ], [ -50.6576732, -25.5361275 ], [ -50.6569947, -25.5349188 ], [ -50.6564195, -25.5343294 ], [ -50.6555192, -25.5326299 ], [ -50.656422, -25.5318577 ], [ -50.6566929, -25.5310589 ], [ -50.6565705, -25.5307967 ], [ -50.6553601, -25.5304277 ], [ -50.6568498, -25.5292536 ], [ -50.6586982, -25.525319 ], [ -50.6588044, -25.5248865 ], [ -50.6587514, -25.5239084 ], [ -50.6589301, -25.5231393 ], [ -50.6605561, -25.5228663 ], [ -50.660374499999989, -25.5218183 ], [ -50.6620361, -25.5215485 ], [ -50.661072, -25.5160877 ], [ -50.662757, -25.513781 ], [ -50.665688, -25.5109517 ], [ -50.6660599, -25.5100911 ], [ -50.6666599, -25.510261 ], [ -50.6669692, -25.510659 ], [ -50.6674429, -25.510734 ], [ -50.667534, -25.5109 ], [ -50.668056, -25.5111387 ], [ -50.6694992, -25.5116807 ], [ -50.6697957, -25.5115698 ], [ -50.6702557, -25.512597 ], [ -50.671103, -25.5130402 ], [ -50.6727528, -25.5155849 ], [ -50.673657899999988, -25.5161316 ], [ -50.6736084, -25.5217611 ], [ -50.67339, -25.522492 ], [ -50.6715777, -25.5227533 ], [ -50.6713762, -25.5235495 ], [ -50.6715751, -25.524134 ], [ -50.6715486, -25.5253268 ], [ -50.6705218, -25.5252587 ], [ -50.6697659, -25.524906 ], [ -50.6690099, -25.5248556 ], [ -50.6686471, -25.5265186 ], [ -50.6677904, -25.5266396 ], [ -50.6670042, -25.5258131 ], [ -50.6660063, -25.5262566 ], [ -50.6613888, -25.529754 ], [ -50.6628925, -25.5316949 ], [ -50.6641908, -25.5339967 ], [ -50.6639445, -25.5358632 ], [ -50.6629706, -25.5362173 ], [ -50.6629421, -25.5367783 ], [ -50.6624868, -25.5372319 ], [ -50.6626273, -25.5379666 ], [ -50.6631657, -25.5386428 ], [ -50.663495, -25.5405847 ], [ -50.6641455, -25.5407585 ], [ -50.6639439, -25.541249 ] ] ] ] } },
{ "type": "Feature", "properties": { "code_tract": 411070605000043.0, "code_muni": 4110706.0, "name_muni": "Irati", "name_neighborhood": "Lagoa", "code_neighborhood": 4110706013.0, "code_subdistrict": 41107060500.0, "name_subdistrict": null, "code_district": 411070605.0, "name_district": "Irati", "code_urban_concentration": null, "name_urban_concentration": null, "code_state": 41.0, "name_state": "Paraná", "code_immediate": 410029.0, "name_immediate": "Irati", "code_intermediate": 4106.0, "name_intermediate": "Ponta Grossa", "code_region": 4.0, "name_region": "Sul", "situacao": "Urbana", "code_situacao": 2.0, "code_type": 0.0, "area_km2": 1.253755709057401 }, "bbox": [ -50.676507, -25.5161316, -50.6619653, -25.4957355 ], "geometry": { "type": "MultiPolygon", "coordinates": [ [ [ [ -50.662683, -25.510635 ], [ -50.663398, -25.509207 ], [ -50.664312, -25.508481 ], [ -50.6646788, -25.507927 ], [ -50.6648171, -25.50739 ], [ -50.6645309, -25.505096 ], [ -50.6642411, -25.504682 ], [ -50.663299, -25.503937 ], [ -50.663281, -25.50234 ], [ -50.6630092, -25.501702 ], [ -50.6630459, -25.501288 ], [ -50.663515, -25.500147 ], [ -50.663299, -25.499037 ], [ -50.6634401, -25.497548 ], [ -50.6637039, -25.4969065 ], [ -50.6636646, -25.4959612 ], [ -50.6635339, -25.4957355 ], [ -50.66496, -25.497019 ], [ -50.6666645, -25.4980565 ], [ -50.6671608, -25.4990492 ], [ -50.6679138, -25.5000932 ], [ -50.6663085, -25.5006973 ], [ -50.6675759, -25.5034808 ], [ -50.6697261, -25.5025235 ], [ -50.6711828, -25.505433 ], [ -50.6719358, -25.5062545 ], [ -50.6726546, -25.5076066 ], [ -50.6736815, -25.5085136 ], [ -50.6742684, -25.5093852 ], [ -50.6753785, -25.5103906 ], [ -50.676507, -25.5123899 ], [ -50.6759136, -25.5133702 ], [ -50.6749025, -25.5144434 ], [ -50.673657899999988, -25.5161316 ], [ -50.6727528, -25.5155849 ], [ -50.671103, -25.5130402 ], [ -50.6702557, -25.512597 ], [ -50.6697957, -25.5115698 ], [ -50.6694992, -25.5116807 ], [ -50.668056, -25.5111387 ], [ -50.667534, -25.5109 ], [ -50.6674429, -25.510734 ], [ -50.6669692, -25.510659 ], [ -50.6666599, -25.510261 ], [ -50.6660599, -25.5100911 ], [ -50.665688, -25.5109517 ], [ -50.6651077, -25.5115096 ], [ -50.6619653, -25.5112579 ], [ -50.662683, -25.510635 ] ] ] ] } },
{ "type": "Feature", "properties": { "code_tract": 411070605000044.0, "code_muni": 4110706.0, "name_muni": "Irati", "name_neighborhood": "Lagoa", "code_neighborhood": 4110706013.0, "code_subdistrict": 41107060500.0, "name_subdistrict": null, "code_district": 411070605.0, "name_district": "Irati", "code_urban_concentration": null, "name_urban_concentration": null, "code_state": 41.0, "name_state": "Paraná", "code_immediate": 410029.0, "name_immediate": "Irati", "code_intermediate": 4106.0, "name_intermediate": "Ponta Grossa", "code_region": 4.0, "name_region": "Sul", "situacao": "Urbana", "code_situacao": 1.0, "code_type": 7.0, "area_km2": 0.0026880241404049999 }, "bbox": [ -50.6616599, -25.494759, -50.66096, -25.494154 ], "geometry": { "type": "MultiPolygon", "coordinates": [ [ [ [ -50.66145, -25.494154 ], [ -50.6616599, -25.494534 ], [ -50.661175, -25.494759 ], [ -50.66096, -25.494369 ], [ -50.66145, -25.494154 ] ] ] ] } },
{ "type": "Feature", "properties": { "code_tract": 411070605000045.0, "code_muni": 4110706.0, "name_muni": "Irati", "name_neighborhood": "Nhapindazal", "code_neighborhood": 4110706014.0, "code_subdistrict": 41107060500.0, "name_subdistrict": null, "code_district": 411070605.0, "name_district": "Irati", "code_urban_concentration": null, "name_urban_concentration": null, "code_state": 41.0, "name_state": "Paraná", "code_immediate": 410029.0, "name_immediate": "Irati", "code_intermediate": 4106.0, "name_intermediate": "Ponta Grossa", "code_region": 4.0, "name_region": "Sul", "situacao": "Urbana", "code_situacao": 1.0, "code_type": 0.0, "area_km2": 0.54548052599448504 }, "bbox": [ -50.6340349, -25.4702126, -50.6195318, -25.4619276 ], "geometry": { "type": "MultiPolygon", "coordinates": [ [ [ [ -50.6195318, -25.4688644 ], [ -50.6211077, -25.4672453 ], [ -50.6225281, -25.4663783 ], [ -50.6230601, -25.4638113 ], [ -50.6230638, -25.4634757 ], [ -50.6226943, -25.4631372 ], [ -50.6225357, -25.4626847 ], [ -50.6226834, -25.4619276 ], [ -50.6229075, -25.4628714 ], [ -50.6231985, -25.4632118 ], [ -50.6237679, -25.4635283 ], [ -50.627695, -25.464314 ], [ -50.6293984, -25.4643362 ], [ -50.629635, -25.465574 ], [ -50.6307848, -25.467249 ], [ -50.6332199, -25.468979 ], [ -50.6340349, -25.469704 ], [ -50.6334682, -25.4702126 ], [ -50.6328769, -25.4692772 ], [ -50.6324873, -25.4691282 ], [ -50.630206699999988, -25.4690365 ], [ -50.6289232, -25.4695694 ], [ -50.6279147, -25.4695579 ], [ -50.6271354, -25.4692141 ], [ -50.6221846, -25.4689391 ], [ -50.6212363, -25.4701618 ], [ -50.6195318, -25.4688644 ] ] ] ] } },
{ "type": "Feature", "properties": { "code_tract": 411070605000046.0, "code_muni": 4110706.0, "name_muni": "Irati", "name_neighborhood": "Nhapindazal", "code_neighborhood": 4110706014.0, "code_subdistrict": 41107060500.0, "name_subdistrict": null, "code_district": 411070605.0, "name_district": "Irati", "code_urban_concentration": null, "name_urban_concentration": null, "code_state": 41.0, "name_state": "Paraná", "code_immediate": 410029.0, "name_immediate": "Irati", "code_intermediate": 4106.0, "name_intermediate": "Ponta Grossa", "code_region": 4.0, "name_region": "Sul", "situacao": "Urbana", "code_situacao": 2.0, "code_type": 0.0, "area_km2": 4.0003446004128094 }, "bbox": [ -50.6266483, -25.4730388, -50.6004811, -25.4423558 ], "geometry": { "type": "MultiPolygon", "coordinates": [ [ [ [ -50.6189355, -25.4426419 ], [ -50.6193432, -25.4428825 ], [ -50.6217341, -25.4435482 ], [ -50.6220379, -25.444246 ], [ -50.620828, -25.448298 ], [ -50.620954, -25.448901 ], [ -50.6236208, -25.451348 ], [ -50.6244789, -25.4518845 ], [ -50.625399699999988, -25.4516363 ], [ -50.6262451, -25.4516731 ], [ -50.6266483, -25.4518861 ], [ -50.6262571, -25.453588 ], [ -50.6263838, -25.453979 ], [ -50.626332, -25.454572 ], [ -50.626084, -25.454871 ], [ -50.6252779, -25.455238 ], [ -50.6250604, -25.4555013 ], [ -50.6238309, -25.4575433 ], [ -50.6236539, -25.4580633 ], [ -50.6235553, -25.4586176 ], [ -50.623702, -25.4592378 ], [ -50.624221, -25.460375 ], [ -50.6238458, -25.460631 ], [ -50.6238289, -25.460865 ], [ -50.624419, -25.461062 ], [ -50.6237429, -25.461725 ], [ -50.6240941, -25.4636176 ], [ -50.6234045, -25.4633571 ], [ -50.6230794, -25.4630848 ], [ -50.6229075, -25.4628714 ], [ -50.6226834, -25.4619276 ], [ -50.6225357, -25.4626847 ], [ -50.6226943, -25.4631372 ], [ -50.6230638, -25.4634757 ], [ -50.6230601, -25.4638113 ], [ -50.6225281, -25.4663783 ], [ -50.6211077, -25.4672453 ], [ -50.6195318, -25.4688644 ], [ -50.6191235, -25.4676122 ], [ -50.6161242, -25.4681856 ], [ -50.6156029, -25.470884 ], [ -50.6160318, -25.4712373 ], [ -50.615394, -25.4726086 ], [ -50.614846, -25.4730388 ], [ -50.6114555, -25.4690125 ], [ -50.611755, -25.4663677 ], [ -50.6136717, -25.465455 ], [ -50.613507, -25.4634153 ], [ -50.6157162, -25.4606829 ], [ -50.6126931, -25.4588515 ], [ -50.6110798, -25.4582701 ], [ -50.6093938, -25.4591422 ], [ -50.6091757, -25.4603776 ], [ -50.6077078, -25.4615113 ], [ -50.6062543, -25.4618456 ], [ -50.6062107, -25.4626886 ], [ -50.6004811, -25.4624182 ], [ -50.6006066, -25.4568975 ], [ -50.6014597, -25.4564367 ], [ -50.6026971, -25.456224 ], [ -50.6043389, -25.454963 ], [ -50.6053868, -25.454633 ], [ -50.6062771, -25.453697 ], [ -50.607005, -25.453338 ], [ -50.6073629, -25.452941 ], [ -50.6078334, -25.4517499 ], [ -50.6081909, -25.4513288 ], [ -50.6089793, -25.4508132 ], [ -50.6106472, -25.448425 ], [ -50.6112368, -25.448264 ], [ -50.6120872, -25.448404 ], [ -50.613318, -25.448178 ], [ -50.6140679, -25.447994 ], [ -50.6145082, -25.447679 ], [ -50.6146511, -25.447368 ], [ -50.6145899, -25.446484 ], [ -50.6148059, -25.446024 ], [ -50.6153099, -25.445539 ], [ -50.6147443, -25.4441918 ], [ -50.6178673, -25.4432367 ], [ -50.6187549, -25.4423558 ], [ -50.6189355, -25.4426419 ] ] ] ] } },
{ "type": "Feature", "properties": { "code_tract": 411070605000048.0, "code_muni": 4110706.0, "name_muni": "Irati", "name_neighborhood": null, "code_neighborhood": null, "code_subdistrict": 41107060500.0, "name_subdistrict": null, "code_district": 411070605.0, "name_district": "Irati", "code_urban_concentration": null, "name_urban_concentration": null, "code_state": 41.0, "name_state": "Paraná", "code_immediate": 410029.0, "name_immediate": "Irati", "code_intermediate": 4106.0, "name_intermediate": "Ponta Grossa", "code_region": 4.0, "name_region": "Sul", "situacao": "Rural", "code_situacao": 8.0, "code_type": 0.0, "area_km2": 45.852485168013388 }, "bbox": [ -50.7653154, -25.5720565, -50.6577857, -25.4989742 ], "geometry": { "type": "MultiPolygon", "coordinates": [ [ [ [ -50.6641455, -25.5407585 ], [ -50.663495, -25.5405847 ], [ -50.6631657, -25.5386428 ], [ -50.6626273, -25.5379666 ], [ -50.6624868, -25.5372319 ], [ -50.6629421, -25.5367783 ], [ -50.6629706, -25.5362173 ], [ -50.6639445, -25.5358632 ], [ -50.6641908, -25.5339967 ], [ -50.6628925, -25.5316949 ], [ -50.6613888, -25.529754 ], [ -50.6660063, -25.5262566 ], [ -50.6670042, -25.5258131 ], [ -50.6677904, -25.5266396 ], [ -50.6686471, -25.5265186 ], [ -50.6690099, -25.5248556 ], [ -50.6697659, -25.524906 ], [ -50.6705218, -25.5252587 ], [ -50.6715486, -25.5253268 ], [ -50.6715751, -25.524134 ], [ -50.6713762, -25.5235495 ], [ -50.6715777, -25.5227533 ], [ -50.67339, -25.522492 ], [ -50.6736084, -25.5217611 ], [ -50.673657899999988, -25.5161316 ], [ -50.6749025, -25.5144434 ], [ -50.6759136, -25.5133702 ], [ -50.676507, -25.5123899 ], [ -50.6753785, -25.5103906 ], [ -50.6742684, -25.5093852 ], [ -50.6760622, -25.5077015 ], [ -50.675295399999989, -25.5056727 ], [ -50.6739849, -25.5053421 ], [ -50.6721757, -25.5057112 ], [ -50.669535, -25.5003067 ], [ -50.6705098, -25.4989742 ], [ -50.6739196, -25.5005446 ], [ -50.6749099, -25.5008814 ], [ -50.6756731, -25.5009869 ], [ -50.677863, -25.5007146 ], [ -50.6806321, -25.4999168 ], [ -50.6816563, -25.4999778 ], [ -50.6837807, -25.5004785 ], [ -50.6882661, -25.5001099 ], [ -50.692218, -25.5007662 ], [ -50.6940692, -25.5015825 ], [ -50.6968366, -25.5044375 ], [ -50.6995014, -25.5065389 ], [ -50.7007563, -25.5080604 ], [ -50.705782, -25.5090128 ], [ -50.708363, -25.508582 ], [ -50.7090493, -25.5087371 ], [ -50.7096063, -25.5089615 ], [ -50.7100844, -25.5094925 ], [ -50.7103295, -25.5102817 ], [ -50.710730299999987, -25.510765 ], [ -50.7112876, -25.5108721 ], [ -50.7120263, -25.5106037 ], [ -50.7128966, -25.5098865 ], [ -50.7160483, -25.5091031 ], [ -50.7183322, -25.5082136 ], [ -50.7190966, -25.5081333 ], [ -50.7204065, -25.5083349 ], [ -50.7235148, -25.5093304 ], [ -50.7273248, -25.5098789 ], [ -50.7302413, -25.5100611 ], [ -50.7308825, -25.5090537 ], [ -50.7313447, -25.5088169 ], [ -50.7319664, -25.5090418 ], [ -50.7333587, -25.5102838 ], [ -50.7344764, -25.5099029 ], [ -50.7363908, -25.5105668 ], [ -50.737435299999987, -25.5105413 ], [ -50.737768, -25.5107137 ], [ -50.7378258, -25.5115573 ], [ -50.7372722, -25.5122682 ], [ -50.7372274, -25.5125981 ], [ -50.7377048, -25.5134546 ], [ -50.7376613, -25.5138116 ], [ -50.7366578, -25.5147461 ], [ -50.7365529, -25.5162343 ], [ -50.7374213, -25.5174223 ], [ -50.7373493, -25.5176191 ], [ -50.7366813, -25.5172237 ], [ -50.7365206, -25.5173157 ], [ -50.7365359, -25.5183306 ], [ -50.7363016, -25.5187528 ], [ -50.7370973, -25.5190617 ], [ -50.7370826, -25.5192012 ], [ -50.7364596, -25.5192396 ], [ -50.7367788, -25.5195055 ], [ -50.7365575, -25.5210994 ], [ -50.7371363, -25.5216263 ], [ -50.7371951, -25.5212579 ], [ -50.7373834, -25.5213234 ], [ -50.738511, -25.5233026 ], [ -50.7387576, -25.5234217 ], [ -50.7394989, -25.5229097 ], [ -50.740284, -25.5229109 ], [ -50.7410663, -25.5232025 ], [ -50.7433745, -25.5232203 ], [ -50.7433002, -25.5235758 ], [ -50.7429229, -25.52347 ], [ -50.7422991, -25.5237988 ], [ -50.7416745, -25.5235992 ], [ -50.7415724, -25.5237701 ], [ -50.7418309, -25.5242943 ], [ -50.7413822, -25.5243628 ], [ -50.7414693, -25.5246001 ], [ -50.7409026, -25.5246921 ], [ -50.7403634, -25.5260481 ], [ -50.7405216, -25.5267478 ], [ -50.7410433, -25.5267756 ], [ -50.7410847, -25.5273428 ], [ -50.7430166, -25.5273325 ], [ -50.7439765, -25.5268344 ], [ -50.7444395, -25.52686 ], [ -50.7442359, -25.5271775 ], [ -50.7445831, -25.5276252 ], [ -50.7440881, -25.5281526 ], [ -50.7438544, -25.5288093 ], [ -50.744391, -25.5294308 ], [ -50.7441577, -25.5298521 ], [ -50.7443892, -25.5301945 ], [ -50.7450574, -25.5297738 ], [ -50.7460359, -25.5295466 ], [ -50.7463643, -25.52925 ], [ -50.7465407, -25.5286173 ], [ -50.7472811, -25.5283948 ], [ -50.7479415, -25.5311372 ], [ -50.7475654, -25.5315058 ], [ -50.7467216, -25.5314249 ], [ -50.7463597, -25.5315963 ], [ -50.7461993, -25.5318976 ], [ -50.7466921, -25.5324793 ], [ -50.7466325, -25.533139 ], [ -50.7455281, -25.5337178 ], [ -50.7453524, -25.5345859 ], [ -50.7447713, -25.535059 ], [ -50.7450876, -25.5352527 ], [ -50.7460471, -25.5352478 ], [ -50.7460896, -25.5354436 ], [ -50.7453194, -25.536064 ], [ -50.7452166, -25.536445 ], [ -50.7455059, -25.5371575 ], [ -50.7455342, -25.5381329 ], [ -50.7453458, -25.5383298 ], [ -50.7447639, -25.5383557 ], [ -50.7441949, -25.5396335 ], [ -50.7440918, -25.5400947 ], [ -50.7445103, -25.5412943 ], [ -50.7438702, -25.5422161 ], [ -50.7441434, -25.5432313 ], [ -50.7433737, -25.5436118 ], [ -50.7433139, -25.5439829 ], [ -50.7436033, -25.5446152 ], [ -50.7439078, -25.5448393 ], [ -50.7457517, -25.5448559 ], [ -50.747683, -25.5445813 ], [ -50.7482365, -25.5449119 ], [ -50.7479104, -25.546297 ], [ -50.7483168, -25.5468759 ], [ -50.748869, -25.5469576 ], [ -50.748896, -25.5474334 ], [ -50.748299, -25.5482345 ], [ -50.7486746, -25.5494755 ], [ -50.7481231, -25.551173 ], [ -50.7488726, -25.5526117 ], [ -50.7492342, -25.5525999 ], [ -50.750324, -25.5516123 ], [ -50.7511668, -25.5515092 ], [ -50.7515004, -25.5516537 ], [ -50.7520226, -25.5523668 ], [ -50.7523261, -25.5524069 ], [ -50.752588, -25.5519591 ], [ -50.7531684, -25.5520658 ], [ -50.7533978, -25.5534893 ], [ -50.7539197, -25.5538084 ], [ -50.7544426, -25.5538335 ], [ -50.7548617, -25.5546102 ], [ -50.7555742, -25.5542842 ], [ -50.7557625, -25.5543506 ], [ -50.7558336, -25.5558139 ], [ -50.7549015, -25.556787 ], [ -50.7552355, -25.5570649 ], [ -50.7542152, -25.5587241 ], [ -50.7537911, -25.5604236 ], [ -50.7550515, -25.5615985 ], [ -50.7556021, -25.5618903 ], [ -50.755919899999988, -25.5626557 ], [ -50.7563132, -25.5628006 ], [ -50.7572126, -25.5626699 ], [ -50.7579217, -25.5633962 ], [ -50.7592987, -25.5636818 ], [ -50.7602, -25.564443 ], [ -50.7609759, -25.5646144 ], [ -50.7617149, -25.5651555 ], [ -50.7622224, -25.5661984 ], [ -50.762305, -25.5675691 ], [ -50.7632627, -25.5684929 ], [ -50.7635081, -25.5689546 ], [ -50.7636937, -25.5704187 ], [ -50.7639685, -25.5707485 ], [ -50.7649837, -25.5712768 ], [ -50.7653154, -25.5717125 ], [ -50.7652554, -25.5720565 ], [ -50.7643504, -25.5718751 ], [ -50.7635526, -25.5713687 ], [ -50.762974, -25.5707103 ], [ -50.761042, -25.5668179 ], [ -50.7601541, -25.5658551 ], [ -50.7591212, -25.5656915 ], [ -50.7584295, -25.566202 ], [ -50.7576177, -25.5674735 ], [ -50.7572384, -25.567733 ], [ -50.755552, -25.5678444 ], [ -50.7551426, -25.5675585 ], [ -50.7547827, -25.56695 ], [ -50.7542962, -25.5645035 ], [ -50.7536959, -25.5638788 ], [ -50.7523807, -25.5637352 ], [ -50.7509408, -25.5641596 ], [ -50.7482965, -25.5645374 ], [ -50.747607, -25.5644526 ], [ -50.7465761, -25.5638815 ], [ -50.7437939, -25.5632507 ], [ -50.7434655, -25.5625851 ], [ -50.7441272, -25.5606484 ], [ -50.7444686, -25.5589183 ], [ -50.744695899999989, -25.5586113 ], [ -50.745696, -25.5580726 ], [ -50.7462152, -25.5569804 ], [ -50.7461835, -25.5564982 ], [ -50.7459048, -25.5562413 ], [ -50.7438737, -25.5555568 ], [ -50.742525, -25.5562907 ], [ -50.741554699999988, -25.5563557 ], [ -50.7410322, -25.5562791 ], [ -50.739289, -25.5554793 ], [ -50.7375677, -25.555303 ], [ -50.7360657, -25.554531 ], [ -50.7343291, -25.5527556 ], [ -50.7332116, -25.5523014 ], [ -50.7321794, -25.5512757 ], [ -50.73068, -25.550336 ], [ -50.7287102, -25.549567 ], [ -50.7280381, -25.5494655 ], [ -50.7274759, -25.5496062 ], [ -50.7269112, -25.5502032 ], [ -50.726847, -25.5507699 ], [ -50.7277759, -25.554605 ], [ -50.7276018, -25.5555552 ], [ -50.7263503, -25.5570287 ], [ -50.723842, -25.5575353 ], [ -50.722386, -25.5586543 ], [ -50.7216968, -25.5588517 ], [ -50.7211654, -25.558737 ], [ -50.7206957, -25.5585101 ], [ -50.7202615, -25.5579701 ], [ -50.7202957, -25.5563505 ], [ -50.7196739, -25.5549857 ], [ -50.7194242, -25.5537375 ], [ -50.680143, -25.5660635 ], [ -50.6787485, -25.5651211 ], [ -50.6783852, -25.5651896 ], [ -50.6779306, -25.5656481 ], [ -50.6778146, -25.5653768 ], [ -50.6780257, -25.5644727 ], [ -50.6777551, -25.564178 ], [ -50.6777941, -25.563884 ], [ -50.6783147, -25.5632024 ], [ -50.6783539, -25.5628615 ], [ -50.6777475, -25.5619298 ], [ -50.6762326, -25.5614202 ], [ -50.6753253, -25.5613248 ], [ -50.6718316, -25.5591508 ], [ -50.67126, -25.5592677 ], [ -50.6708436, -25.5599255 ], [ -50.670223, -25.5594759 ], [ -50.6692157, -25.5577803 ], [ -50.6680636, -25.5575071 ], [ -50.6675594, -25.5571647 ], [ -50.6671325, -25.5566581 ], [ -50.6671333, -25.5562325 ], [ -50.6667972, -25.5557154 ], [ -50.6669428, -25.5548801 ], [ -50.6664137, -25.5537843 ], [ -50.6661419, -25.553678 ], [ -50.6636266, -25.554142 ], [ -50.662821, -25.5547296 ], [ -50.6617454, -25.5544625 ], [ -50.6606816, -25.5550253 ], [ -50.6599901, -25.5565894 ], [ -50.6600401, -25.5570134 ], [ -50.659586, -25.5572357 ], [ -50.6594548, -25.5576592 ], [ -50.6596496, -25.5577421 ], [ -50.659961, -25.5573894 ], [ -50.6601934, -25.5576959 ], [ -50.6607008, -25.5572367 ], [ -50.6609214, -25.5572508 ], [ -50.660932599999988, -25.55771 ], [ -50.6594004, -25.5585768 ], [ -50.6583133, -25.5582211 ], [ -50.657797, -25.5572788 ], [ -50.6577857, -25.5566076 ], [ -50.6579295, -25.5560546 ], [ -50.6598295, -25.5535172 ], [ -50.6598054, -25.5530234 ], [ -50.6593135, -25.552528 ], [ -50.6606671, -25.5508122 ], [ -50.6607746, -25.5494476 ], [ -50.6613193, -25.549332 ], [ -50.6615515, -25.5497539 ], [ -50.6616006, -25.5506026 ], [ -50.661796, -25.5505908 ], [ -50.6618749, -25.5497919 ], [ -50.6624354, -25.5487451 ], [ -50.6619844, -25.5477439 ], [ -50.6621843, -25.5458494 ], [ -50.6614095, -25.5448588 ], [ -50.66139, -25.5445827 ], [ -50.6646596, -25.5427259 ], [ -50.6641083, -25.5419625 ], [ -50.6641677, -25.5418197 ], [ -50.6639439, -25.541249 ], [ -50.6641455, -25.5407585 ] ] ] ] } },
{ "type": "Feature", "properties": { "code_tract": 411070605000049.0, "code_muni": 4110706.0, "name_muni": "Irati", "name_neighborhood": null, "code_neighborhood": null, "code_subdistrict": 41107060500.0, "name_subdistrict": null, "code_district": 411070605.0, "name_district": "Irati", "code_urban_concentration": null, "name_urban_concentration": null, "code_state": 41.0, "name_state": "Paraná", "code_immediate": 410029.0, "name_immediate": "Irati", "code_intermediate": 4106.0, "name_intermediate": "Ponta Grossa", "code_region": 4.0, "name_region": "Sul", "situacao": "Rural", "code_situacao": 8.0, "code_type": 0.0, "area_km2": 20.251848733510247 }, "bbox": [ -50.7310329, -25.5108721, -50.6705555, -25.4615992 ], "geometry": { "type": "MultiPolygon", "coordinates": [ [ [ [ -50.676911, -25.4921392 ], [ -50.6785622, -25.4904785 ], [ -50.6761304, -25.4888616 ], [ -50.6759418, -25.4880134 ], [ -50.6741365, -25.4863471 ], [ -50.6731279, -25.4873082 ], [ -50.6713322, -25.4837986 ], [ -50.67616, -25.4822931 ], [ -50.6785206, -25.4825724 ], [ -50.6790928, -25.475219 ], [ -50.6827498, -25.4675784 ], [ -50.6812351, -25.4649822 ], [ -50.681063, -25.4625613 ], [ -50.6843632, -25.4630716 ], [ -50.6908603, -25.4626021 ], [ -50.6998709, -25.4625621 ], [ -50.7014021, -25.4615992 ], [ -50.7045899, -25.4626193 ], [ -50.7054435, -25.4632336 ], [ -50.7066865, -25.4637547 ], [ -50.7086824, -25.4637336 ], [ -50.7163812, -25.4681567 ], [ -50.7183895, -25.4696561 ], [ -50.72039, -25.4705322 ], [ -50.720780499999989, -25.4709124 ], [ -50.7208232, -25.4714274 ], [ -50.719685, -25.4741135 ], [ -50.7198719, -25.4754712 ], [ -50.7189835, -25.4765371 ], [ -50.7188087, -25.477223 ], [ -50.7185023, -25.4775525 ], [ -50.7184569, -25.4788573 ], [ -50.7179317, -25.4795155 ], [ -50.7179155, -25.4798172 ], [ -50.7184085, -25.4801619 ], [ -50.7188136, -25.4808482 ], [ -50.7187418, -25.4812569 ], [ -50.717983399999987, -25.4824429 ], [ -50.7178772, -25.4841159 ], [ -50.7160595, -25.4863928 ], [ -50.7157814, -25.4876184 ], [ -50.7150247, -25.4879333 ], [ -50.7149231, -25.4881565 ], [ -50.7153426, -25.4884607 ], [ -50.7154149, -25.4887644 ], [ -50.7152252, -25.4889351 ], [ -50.7156295, -25.4897269 ], [ -50.7157823, -25.4921921 ], [ -50.7160583, -25.4926536 ], [ -50.7170143, -25.4931304 ], [ -50.7176797, -25.4943446 ], [ -50.7178218, -25.4955588 ], [ -50.7180684, -25.4959665 ], [ -50.718430299999987, -25.4960855 ], [ -50.7196209, -25.4956937 ], [ -50.7202444, -25.4957067 ], [ -50.7234913, -25.4971896 ], [ -50.7246235, -25.4970083 ], [ -50.7260915, -25.4962583 ], [ -50.7257116, -25.4970227 ], [ -50.7261464, -25.4974986 ], [ -50.7258974, -25.4986446 ], [ -50.7263569, -25.5004114 ], [ -50.7268083, -25.5005306 ], [ -50.7269654, -25.5007559 ], [ -50.7277779, -25.5007308 ], [ -50.727967299999989, -25.5009018 ], [ -50.7279209, -25.501917 ], [ -50.7281227, -25.5024716 ], [ -50.728005, -25.5031814 ], [ -50.7282951, -25.503526 ], [ -50.7290635, -25.5037 ], [ -50.7302245, -25.5035951 ], [ -50.7303676, -25.5038589 ], [ -50.7300049, -25.5045046 ], [ -50.7302514, -25.5046237 ], [ -50.7308032, -25.5044927 ], [ -50.7310329, -25.5052318 ], [ -50.731002, -25.5062591 ], [ -50.7305335, -25.5077609 ], [ -50.7307219, -25.5089608 ], [ -50.7308825, -25.5090537 ], [ -50.7302413, -25.5100611 ], [ -50.7273248, -25.5098789 ], [ -50.7235148, -25.5093304 ], [ -50.7204065, -25.5083349 ], [ -50.7190966, -25.5081333 ], [ -50.7183322, -25.5082136 ], [ -50.7160483, -25.5091031 ], [ -50.7128966, -25.5098865 ], [ -50.7120263, -25.5106037 ], [ -50.7112876, -25.5108721 ], [ -50.710730299999987, -25.510765 ], [ -50.7103295, -25.5102817 ], [ -50.7100844, -25.5094925 ], [ -50.7096063, -25.5089615 ], [ -50.7090493, -25.5087371 ], [ -50.708363, -25.508582 ], [ -50.705782, -25.5090128 ], [ -50.7007563, -25.5080604 ], [ -50.6995014, -25.5065389 ], [ -50.6968366, -25.5044375 ], [ -50.6940692, -25.5015825 ], [ -50.692218, -25.5007662 ], [ -50.6882661, -25.5001099 ], [ -50.6837807, -25.5004785 ], [ -50.6816563, -25.4999778 ], [ -50.6806321, -25.4999168 ], [ -50.677863, -25.5007146 ], [ -50.6756731, -25.5009869 ], [ -50.6749099, -25.5008814 ], [ -50.6751129, -25.4985747 ], [ -50.6747085, -25.4986149 ], [ -50.6730746, -25.4972279 ], [ -50.6732229, -25.4964945 ], [ -50.6729599, -25.495726 ], [ -50.6723, -25.495513 ], [ -50.672227, -25.495263 ], [ -50.671903, -25.495213 ], [ -50.6717129, -25.495345 ], [ -50.6716524, -25.4950694 ], [ -50.6714569, -25.495073 ], [ -50.6705555, -25.4942233 ], [ -50.6706664, -25.4935315 ], [ -50.6738234, -25.4901806 ], [ -50.676911, -25.4921392 ] ] ] ] } },
{ "type": "Feature", "properties": { "code_tract": 411070605000050.0, "code_muni": 4110706.0, "name_muni": "Irati", "name_neighborhood": null, "code_neighborhood": null, "code_subdistrict": 41107060500.0, "name_subdistrict": null, "code_district": 411070605.0, "name_district": "Irati", "code_urban_concentration": null, "name_urban_concentration": null, "code_state": 41.0, "name_state": "Paraná", "code_immediate": 410029.0, "name_immediate": "Irati", "code_intermediate": 4106.0, "name_intermediate": "Ponta Grossa", "code_region": 4.0, "name_region": "Sul", "situacao": "Rural", "code_situacao": 8.0, "code_type": 0.0, "area_km2": 17.631867329774025 }, "bbox": [ -50.7277225, -25.4637547, -50.6630851, -25.4074001 ], "geometry": { "type": "MultiPolygon", "coordinates": [ [ [ [ -50.6735493, -25.4534747 ], [ -50.6692951, -25.4535485 ], [ -50.6630851, -25.4507705 ], [ -50.6671265, -25.4473697 ], [ -50.668197, -25.4459981 ], [ -50.6692675, -25.4410134 ], [ -50.6698028, -25.4402942 ], [ -50.6709235, -25.4394411 ], [ -50.6716428, -25.4386549 ], [ -50.6732163, -25.4366522 ], [ -50.6742355, -25.4350419 ], [ -50.6771744, -25.4325768 ], [ -50.6780332, -25.4316115 ], [ -50.6789231, -25.4286415 ], [ -50.6795743, -25.4279591 ], [ -50.6807437, -25.4272308 ], [ -50.6852623, -25.4255896 ], [ -50.6872126, -25.4240131 ], [ -50.68854, -25.4223414 ], [ -50.6894019, -25.4200569 ], [ -50.6903459, -25.4163314 ], [ -50.6912072, -25.4141397 ], [ -50.6921484, -25.4108397 ], [ -50.6921361, -25.4087411 ], [ -50.6927484, -25.4088188 ], [ -50.6938087, -25.4102584 ], [ -50.6945083, -25.4103778 ], [ -50.6954413, -25.4109461 ], [ -50.6955696, -25.4113476 ], [ -50.696062, -25.4117022 ], [ -50.6972022, -25.4120344 ], [ -50.6968634, -25.4125759 ], [ -50.6969934, -25.4126943 ], [ -50.7023791, -25.4074001 ], [ -50.7277225, -25.4236491 ], [ -50.6871539, -25.4513606 ], [ -50.7086824, -25.4637336 ], [ -50.7066865, -25.4637547 ], [ -50.7054435, -25.4632336 ], [ -50.7045899, -25.4626193 ], [ -50.7014021, -25.4615992 ], [ -50.6998709, -25.4625621 ], [ -50.6908603, -25.4626021 ], [ -50.6843632, -25.4630716 ], [ -50.681063, -25.4625613 ], [ -50.6804467, -25.4616179 ], [ -50.6804078, -25.460996 ], [ -50.6777056, -25.4610414 ], [ -50.6767173, -25.4612352 ], [ -50.6753607, -25.4610608 ], [ -50.6741592, -25.4604988 ], [ -50.6732435, -25.4584736 ], [ -50.6723715, -25.4548691 ], [ -50.6735493, -25.4534747 ] ] ] ] } },
{ "type": "Feature", "properties": { "code_tract": 411070605000051.0, "code_muni": 4110706.0, "name_muni": "Irati", "name_neighborhood": null, "code_neighborhood": null, "code_subdistrict": 41107060500.0, "name_subdistrict": null, "code_district": 411070605.0, "name_district": "Irati", "code_urban_concentration": null, "name_urban_concentration": null, "code_state": 41.0, "name_state": "Paraná", "code_immediate": 410029.0, "name_immediate": "Irati", "code_intermediate": 4106.0, "name_intermediate": "Ponta Grossa", "code_region": 4.0, "name_region": "Sul", "situacao": "Rural", "code_situacao": 8.0, "code_type": 0.0, "area_km2": 35.222280756699874 }, "bbox": [ -50.7914221, -25.4236491, -50.7023791, -25.3611367 ], "geometry": { "type": "MultiPolygon", "coordinates": [ [ [ [ -50.7206904, -25.390196 ], [ -50.7503726, -25.3611367 ], [ -50.7714133, -25.3667862 ], [ -50.7716704, -25.3685891 ], [ -50.772464, -25.3711496 ], [ -50.7732243, -25.3721618 ], [ -50.7740924, -25.3745732 ], [ -50.7752308, -25.3758697 ], [ -50.7762212, -25.3782459 ], [ -50.777277899999987, -25.3800384 ], [ -50.7795567, -25.3817349 ], [ -50.7803701, -25.3821332 ], [ -50.7837916, -25.3827635 ], [ -50.7857535, -25.3824312 ], [ -50.786727, -25.3816687 ], [ -50.7874492, -25.3839715 ], [ -50.7885931, -25.3851047 ], [ -50.7904556, -25.3863537 ], [ -50.7914221, -25.3878808 ], [ -50.7909829, -25.3898281 ], [ -50.7888398, -25.3940704 ], [ -50.7878621, -25.3950275 ], [ -50.7859568, -25.3964008 ], [ -50.7849503, -25.3980291 ], [ -50.7827017, -25.3988908 ], [ -50.7817569, -25.4004041 ], [ -50.7836455, -25.4033321 ], [ -50.7845595, -25.4041447 ], [ -50.7856727, -25.4045288 ], [ -50.7873385, -25.4054408 ], [ -50.7867857, -25.4072053 ], [ -50.7856239, -25.4079023 ], [ -50.7842613, -25.4094218 ], [ -50.7833367, -25.4110699 ], [ -50.7831038, -25.4128756 ], [ -50.7856388, -25.4160729 ], [ -50.7410175, -25.4145621 ], [ -50.7277225, -25.4236491 ], [ -50.7023791, -25.4074001 ], [ -50.7206904, -25.390196 ] ] ] ] } },
{ "type": "Feature", "properties": { "code_tract": 411070605000052.0, "code_muni": 4110706.0, "name_muni": "Irati", "name_neighborhood": null, "code_neighborhood": null, "code_subdistrict": 41107060500.0, "name_subdistrict": null, "code_district": 411070605.0, "name_district": "Irati", "code_urban_concentration": null, "name_urban_concentration": null, "code_state": 41.0, "name_state": "Paraná", "code_immediate": 410029.0, "name_immediate": "Irati", "code_intermediate": 4106.0, "name_intermediate": "Ponta Grossa", "code_region": 4.0, "name_region": "Sul", "situacao": "Rural", "code_situacao": 8.0, "code_type": 0.0, "area_km2": 10.913108014919279 }, "bbox": [ -50.7093018, -25.4124762, -50.6707165, -25.3629859 ], "geometry": { "type": "MultiPolygon", "coordinates": [ [ [ [ -50.6719202, -25.3670411 ], [ -50.6721035, -25.3669505 ], [ -50.6723432, -25.3658216 ], [ -50.672873, -25.3657461 ], [ -50.6731072, -25.3658677 ], [ -50.6731553, -25.3666154 ], [ -50.6738433, -25.3664966 ], [ -50.6746996, -25.3668044 ], [ -50.6749112, -25.3672763 ], [ -50.6748799, -25.3684217 ], [ -50.6753309, -25.3689711 ], [ -50.6756503, -25.3689964 ], [ -50.6763304, -25.3687304 ], [ -50.6767196, -25.3679835 ], [ -50.6774723, -25.3683341 ], [ -50.6791386, -25.3680966 ], [ -50.6793644, -25.3682361 ], [ -50.6795859, -25.3696216 ], [ -50.6798706, -25.369821 ], [ -50.6801231, -25.3696382 ], [ -50.6801187, -25.3682008 ], [ -50.6803381, -25.3677007 ], [ -50.6820502, -25.3677131 ], [ -50.6828545, -25.3684689 ], [ -50.6847086, -25.3695386 ], [ -50.6850214, -25.3695492 ], [ -50.6860693, -25.3689551 ], [ -50.6862209, -25.3684625 ], [ -50.6870593, -25.3686608 ], [ -50.6875956, -25.3681273 ], [ -50.6879188, -25.3675034 ], [ -50.68783, -25.3659468 ], [ -50.6884245, -25.3643776 ], [ -50.689161, -25.3643013 ], [ -50.6899479, -25.3651107 ], [ -50.6895066, -25.3668961 ], [ -50.6900527, -25.3669914 ], [ -50.6904844, -25.3668288 ], [ -50.6911118, -25.3660917 ], [ -50.6923367, -25.3666594 ], [ -50.6939316, -25.3666312 ], [ -50.6942513, -25.3663876 ], [ -50.6943868, -25.3658992 ], [ -50.6951342, -25.3657176 ], [ -50.6959916, -25.3651074 ], [ -50.6959421, -25.36543 ], [ -50.6961256, -25.3655514 ], [ -50.6971164, -25.3651876 ], [ -50.6976394, -25.3653265 ], [ -50.700563, -25.36497 ], [ -50.7014718, -25.3655782 ], [ -50.7020135, -25.365428 ], [ -50.7025987, -25.3654736 ], [ -50.7029427, -25.3651017 ], [ -50.7039615, -25.364514 ], [ -50.7042454, -25.3640875 ], [ -50.7046155, -25.3639966 ], [ -50.705053, -25.3632958 ], [ -50.7068807, -25.3629859 ], [ -50.7071269, -25.3633907 ], [ -50.7071145, -25.3639522 ], [ -50.7063564, -25.3653784 ], [ -50.7063191, -25.3658276 ], [ -50.7069529, -25.3705328 ], [ -50.7091899, -25.3724642 ], [ -50.7093018, -25.373138 ], [ -50.7089165, -25.373924 ], [ -50.7080093, -25.3749234 ], [ -50.707711, -25.3758554 ], [ -50.7072139, -25.3762821 ], [ -50.7059214, -25.3767424 ], [ -50.7051384, -25.3775172 ], [ -50.7046537, -25.3787524 ], [ -50.7040821, -25.3793138 ], [ -50.7032245, -25.3805265 ], [ -50.7025286, -25.3811665 ], [ -50.702193, -25.382222 ], [ -50.7018077, -25.3828957 ], [ -50.7001548, -25.3850739 ], [ -50.6962525, -25.3882289 ], [ -50.6921015, -25.3888352 ], [ -50.692027, -25.3898906 ], [ -50.6914801, -25.3914625 ], [ -50.6914304, -25.3923157 ], [ -50.6910327, -25.3937079 ], [ -50.690461, -25.3949429 ], [ -50.6888205, -25.3973006 ], [ -50.688497399999989, -25.3982436 ], [ -50.6880624, -25.4030037 ], [ -50.6881494, -25.4032956 ], [ -50.6909581, -25.406248 ], [ -50.6913061, -25.4075503 ], [ -50.6918281, -25.4082687 ], [ -50.69194, -25.4086616 ], [ -50.691608, -25.4086742 ], [ -50.6896395, -25.4077273 ], [ -50.687846099999987, -25.4090684 ], [ -50.6879461, -25.4107181 ], [ -50.6871923, -25.4113053 ], [ -50.6852195, -25.4120076 ], [ -50.6844157, -25.4118425 ], [ -50.683532, -25.4124529 ], [ -50.683247, -25.4124762 ], [ -50.6826512, -25.412121 ], [ -50.6824195, -25.4115784 ], [ -50.6823188, -25.41021 ], [ -50.6834084, -25.4102129 ], [ -50.6834876, -25.4097178 ], [ -50.6826365, -25.407759 ], [ -50.6826382, -25.4070043 ], [ -50.6821978, -25.406933 ], [ -50.681419, -25.4073087 ], [ -50.6810302, -25.4072368 ], [ -50.6803859, -25.405279 ], [ -50.6803617, -25.4047834 ], [ -50.6807519, -25.4044775 ], [ -50.6807274, -25.4040297 ], [ -50.6804425, -25.4037221 ], [ -50.6803929, -25.4029202 ], [ -50.6795645, -25.402494 ], [ -50.6782677, -25.4022555 ], [ -50.678137899999989, -25.4019487 ], [ -50.6784003, -25.4013369 ], [ -50.6778826, -25.4008167 ], [ -50.6774169, -25.4005798 ], [ -50.6767161, -25.4006154 ], [ -50.6759934, -25.3996712 ], [ -50.675022299999988, -25.3989739 ], [ -50.6748301, -25.3983004 ], [ -50.6740393, -25.3980986 ], [ -50.6740929, -25.3974858 ], [ -50.6748453, -25.3966948 ], [ -50.6748086, -25.3965091 ], [ -50.674109, -25.3963184 ], [ -50.6745908, -25.3957179 ], [ -50.6745276, -25.3954477 ], [ -50.673579, -25.3955986 ], [ -50.6728383, -25.3963636 ], [ -50.6724211, -25.3963506 ], [ -50.6723082, -25.3953958 ], [ -50.6728275, -25.3950207 ], [ -50.6733481, -25.3941253 ], [ -50.6721961, -25.3933572 ], [ -50.6718605, -25.3928374 ], [ -50.6725111, -25.3920604 ], [ -50.6747824, -25.3911585 ], [ -50.6748468, -25.3908408 ], [ -50.6753412, -25.3904642 ], [ -50.6753291, -25.3902178 ], [ -50.6740079, -25.3899318 ], [ -50.6734255, -25.389494 ], [ -50.6731031, -25.3889628 ], [ -50.6729119, -25.3875608 ], [ -50.6719931, -25.3869566 ], [ -50.6718772, -25.386614 ], [ -50.6720747, -25.385613 ], [ -50.6713111, -25.3852225 ], [ -50.671092, -25.3846918 ], [ -50.6718996, -25.3833728 ], [ -50.6721082, -25.3826904 ], [ -50.6718772, -25.3821234 ], [ -50.6719937, -25.3818997 ], [ -50.6729815, -25.3812186 ], [ -50.6737515, -25.379236 ], [ -50.6747505, -25.3788735 ], [ -50.674855, -25.3780706 ], [ -50.6745585, -25.3776816 ], [ -50.6740842, -25.3759477 ], [ -50.6736474, -25.3752759 ], [ -50.6722096, -25.3742119 ], [ -50.6719903, -25.3737272 ], [ -50.6720036, -25.3733849 ], [ -50.6728875, -25.372467 ], [ -50.672385, -25.3715837 ], [ -50.6730346, -25.3710185 ], [ -50.6732301, -25.3705595 ], [ -50.673129, -25.3695689 ], [ -50.6733908, -25.3687912 ], [ -50.673186, -25.3677072 ], [ -50.6725506, -25.3676468 ], [ -50.6723172, -25.3678571 ], [ -50.6718644, -25.367515 ], [ -50.6716687, -25.3679498 ], [ -50.6712679, -25.3676314 ], [ -50.6707165, -25.3676956 ], [ -50.6707282, -25.3667986 ], [ -50.6719202, -25.3670411 ] ] ] ] } },
{ "type": "Feature", "properties": { "code_tract": 411070605000053.0, "code_muni": 4110706.0, "name_muni": "Irati", "name_neighborhood": null, "code_neighborhood": null, "code_subdistrict": 41107060500.0, "name_subdistrict": null, "code_district": 411070605.0, "name_district": "Irati", "code_urban_concentration": null, "name_urban_concentration": null, "code_state": 41.0, "name_state": "Paraná", "code_immediate": 410029.0, "name_immediate": "Irati", "code_intermediate": 4106.0, "name_intermediate": "Ponta Grossa", "code_region": 4.0, "name_region": "Sul", "situacao": "Rural", "code_situacao": 8.0, "code_type": 0.0, "area_km2": 28.700610905098031 }, "bbox": [ -50.6921484, -25.4528125, -50.633622, -25.367515 ], "geometry": { "type": "MultiPolygon", "coordinates": [ [ [ [ -50.6712679, -25.3676314 ], [ -50.6716687, -25.3679498 ], [ -50.6718644, -25.367515 ], [ -50.6723172, -25.3678571 ], [ -50.6725506, -25.3676468 ], [ -50.673186, -25.3677072 ], [ -50.6733908, -25.3687912 ], [ -50.673129, -25.3695689 ], [ -50.6732301, -25.3705595 ], [ -50.6730346, -25.3710185 ], [ -50.672385, -25.3715837 ], [ -50.6728875, -25.372467 ], [ -50.6720036, -25.3733849 ], [ -50.6719903, -25.3737272 ], [ -50.6722096, -25.3742119 ], [ -50.6736474, -25.3752759 ], [ -50.6740842, -25.3759477 ], [ -50.6745585, -25.3776816 ], [ -50.674855, -25.3780706 ], [ -50.6747505, -25.3788735 ], [ -50.6737515, -25.379236 ], [ -50.6729815, -25.3812186 ], [ -50.6719937, -25.3818997 ], [ -50.6718772, -25.3821234 ], [ -50.6721082, -25.3826904 ], [ -50.6718996, -25.3833728 ], [ -50.671092, -25.3846918 ], [ -50.6713111, -25.3852225 ], [ -50.6720747, -25.385613 ], [ -50.6718772, -25.386614 ], [ -50.6719931, -25.3869566 ], [ -50.6729119, -25.3875608 ], [ -50.6731031, -25.3889628 ], [ -50.6734255, -25.389494 ], [ -50.6740079, -25.3899318 ], [ -50.6753291, -25.3902178 ], [ -50.6753412, -25.3904642 ], [ -50.6748468, -25.3908408 ], [ -50.6747824, -25.3911585 ], [ -50.6725111, -25.3920604 ], [ -50.6718605, -25.3928374 ], [ -50.6721961, -25.3933572 ], [ -50.6733481, -25.3941253 ], [ -50.6728275, -25.3950207 ], [ -50.6723082, -25.3953958 ], [ -50.6724211, -25.3963506 ], [ -50.6728383, -25.3963636 ], [ -50.673579, -25.3955986 ], [ -50.6745276, -25.3954477 ], [ -50.6745908, -25.3957179 ], [ -50.674109, -25.3963184 ], [ -50.6748086, -25.3965091 ], [ -50.6748453, -25.3966948 ], [ -50.6740929, -25.3974858 ], [ -50.6740393, -25.3980986 ], [ -50.6748301, -25.3983004 ], [ -50.675022299999988, -25.3989739 ], [ -50.6759934, -25.3996712 ], [ -50.6767161, -25.4006154 ], [ -50.6774169, -25.4005798 ], [ -50.6778826, -25.4008167 ], [ -50.6784003, -25.4013369 ], [ -50.678137899999989, -25.4019487 ], [ -50.6782677, -25.4022555 ], [ -50.6795645, -25.402494 ], [ -50.6803929, -25.4029202 ], [ -50.6804425, -25.4037221 ], [ -50.6807274, -25.4040297 ], [ -50.6807519, -25.4044775 ], [ -50.6803617, -25.4047834 ], [ -50.6803859, -25.405279 ], [ -50.6810302, -25.4072368 ], [ -50.681419, -25.4073087 ], [ -50.6821978, -25.406933 ], [ -50.6826382, -25.4070043 ], [ -50.6826365, -25.407759 ], [ -50.6834876, -25.4097178 ], [ -50.6834084, -25.4102129 ], [ -50.6823188, -25.41021 ], [ -50.6824195, -25.4115784 ], [ -50.6826512, -25.412121 ], [ -50.683247, -25.4124762 ], [ -50.683532, -25.4124529 ], [ -50.6844157, -25.4118425 ], [ -50.6852195, -25.4120076 ], [ -50.6871923, -25.4113053 ], [ -50.6879461, -25.4107181 ], [ -50.687846099999987, -25.4090684 ], [ -50.6896395, -25.4077273 ], [ -50.691608, -25.4086742 ], [ -50.6921361, -25.4087411 ], [ -50.6921484, -25.4108397 ], [ -50.6912072, -25.4141397 ], [ -50.6903459, -25.4163314 ], [ -50.6894019, -25.4200569 ], [ -50.68854, -25.4223414 ], [ -50.6872126, -25.4240131 ], [ -50.6852623, -25.4255896 ], [ -50.6807437, -25.4272308 ], [ -50.6795743, -25.4279591 ], [ -50.6789231, -25.4286415 ], [ -50.6780332, -25.4316115 ], [ -50.6771744, -25.4325768 ], [ -50.6742355, -25.4350419 ], [ -50.6732163, -25.4366522 ], [ -50.6716428, -25.4386549 ], [ -50.6709235, -25.4394411 ], [ -50.6698028, -25.4402942 ], [ -50.6692675, -25.4410134 ], [ -50.668197, -25.4459981 ], [ -50.6671265, -25.4473697 ], [ -50.6630851, -25.4507705 ], [ -50.6553688, -25.4527067 ], [ -50.653265, -25.4528125 ], [ -50.6506601, -25.4486786 ], [ -50.6509465, -25.4462265 ], [ -50.6508812, -25.4439303 ], [ -50.651059, -25.4432656 ], [ -50.6511813, -25.4403165 ], [ -50.6499158, -25.4396642 ], [ -50.6498245, -25.4394033 ], [ -50.6498773, -25.4357197 ], [ -50.6495766, -25.4348371 ], [ -50.6495636, -25.4341196 ], [ -50.6489921, -25.4333559 ], [ -50.6485715, -25.4314167 ], [ -50.6471189, -25.4284638 ], [ -50.6470046, -25.4278886 ], [ -50.6474632, -25.4256926 ], [ -50.6473996, -25.4251168 ], [ -50.6460485, -25.4233862 ], [ -50.6456639, -25.4223748 ], [ -50.6446202, -25.42114 ], [ -50.6442609, -25.4202923 ], [ -50.6434359, -25.4194917 ], [ -50.6422993, -25.4189951 ], [ -50.6419773, -25.4185594 ], [ -50.6416464, -25.4169378 ], [ -50.6411691, -25.4166194 ], [ -50.6387286, -25.415919 ], [ -50.636834799999988, -25.4138342 ], [ -50.63534, -25.4127045 ], [ -50.6349928, -25.4121745 ], [ -50.6348165, -25.4105762 ], [ -50.633622, -25.4078357 ], [ -50.6337143, -25.4073779 ], [ -50.6343733, -25.4072027 ], [ -50.636363, -25.4074429 ], [ -50.6374876, -25.4072225 ], [ -50.641149399999989, -25.4059274 ], [ -50.6421173, -25.4059422 ], [ -50.6430881, -25.4056028 ], [ -50.643543, -25.404936 ], [ -50.6436366, -25.4038903 ], [ -50.6431868, -25.4029368 ], [ -50.6417681, -25.4019694 ], [ -50.6399129, -25.4001796 ], [ -50.6389738, -25.3988029 ], [ -50.6378575, -25.3958982 ], [ -50.6367493, -25.3949559 ], [ -50.6359264, -25.3936612 ], [ -50.6342391, -25.3920239 ], [ -50.6336665, -25.3912389 ], [ -50.6336632, -25.3908538 ], [ -50.6707165, -25.3676956 ], [ -50.6712679, -25.3676314 ] ] ] ] } },
{ "type": "Feature", "properties": { "code_tract": 411070605000054.0, "code_muni": 4110706.0, "name_muni": "Irati", "name_neighborhood": null, "code_neighborhood": null, "code_subdistrict": 41107060500.0, "name_subdistrict": null, "code_district": 411070605.0, "name_district": "Irati", "code_urban_concentration": null, "name_urban_concentration": null, "code_state": 41.0, "name_state": "Paraná", "code_immediate": 410029.0, "name_immediate": "Irati", "code_intermediate": 4106.0, "name_intermediate": "Ponta Grossa", "code_region": 4.0, "name_region": "Sul", "situacao": "Rural", "code_situacao": 8.0, "code_type": 0.0, "area_km2": 30.699094084997448 }, "bbox": [ -50.653265, -25.4655893, -50.5796843, -25.3908538 ], "geometry": { "type": "MultiPolygon", "coordinates": [ [ [ [ -50.6147443, -25.4441918 ], [ -50.6153099, -25.445539 ], [ -50.6148059, -25.446024 ], [ -50.6145899, -25.446484 ], [ -50.6146511, -25.447368 ], [ -50.6145082, -25.447679 ], [ -50.6140679, -25.447994 ], [ -50.613318, -25.448178 ], [ -50.6120872, -25.448404 ], [ -50.6112368, -25.448264 ], [ -50.6106472, -25.448425 ], [ -50.6089793, -25.4508132 ], [ -50.6081909, -25.4513288 ], [ -50.6078334, -25.4517499 ], [ -50.6073629, -25.452941 ], [ -50.607005, -25.453338 ], [ -50.6062771, -25.453697 ], [ -50.6053868, -25.454633 ], [ -50.6043389, -25.454963 ], [ -50.6026971, -25.456224 ], [ -50.6014597, -25.4564367 ], [ -50.6006066, -25.4568975 ], [ -50.6005091, -25.4611869 ], [ -50.5915081, -25.4635652 ], [ -50.5852773, -25.4654043 ], [ -50.5840845, -25.4655893 ], [ -50.5796843, -25.4519412 ], [ -50.5804734, -25.4515763 ], [ -50.5832256, -25.4495619 ], [ -50.5845294, -25.4479106 ], [ -50.5859287, -25.4473471 ], [ -50.5868343, -25.4461626 ], [ -50.5881659, -25.4452161 ], [ -50.5897905, -25.4420573 ], [ -50.590661499999989, -25.4412524 ], [ -50.5918954, -25.4392838 ], [ -50.5926727, -25.4372866 ], [ -50.5928892, -25.4362024 ], [ -50.5943819, -25.435035 ], [ -50.5944083, -25.4347326 ], [ -50.5947449, -25.434222 ], [ -50.5948175, -25.4325582 ], [ -50.5952538, -25.4322861 ], [ -50.596336199999989, -25.4300073 ], [ -50.5973704, -25.428768 ], [ -50.5974063, -25.4277752 ], [ -50.5982098, -25.4265675 ], [ -50.59765, -25.4254364 ], [ -50.5978398, -25.4231776 ], [ -50.5982914, -25.4220032 ], [ -50.5985068, -25.4185124 ], [ -50.5981375, -25.4173947 ], [ -50.598551699999987, -25.4165928 ], [ -50.5985431, -25.4148118 ], [ -50.599434599999988, -25.413726 ], [ -50.599916, -25.4115235 ], [ -50.6016097, -25.4111884 ], [ -50.6019204, -25.4106762 ], [ -50.6336632, -25.3908538 ], [ -50.6336665, -25.3912389 ], [ -50.6342391, -25.3920239 ], [ -50.6359264, -25.3936612 ], [ -50.6367493, -25.3949559 ], [ -50.6378575, -25.3958982 ], [ -50.6389738, -25.3988029 ], [ -50.6399129, -25.4001796 ], [ -50.6417681, -25.4019694 ], [ -50.6431868, -25.4029368 ], [ -50.6436366, -25.4038903 ], [ -50.643543, -25.404936 ], [ -50.6430881, -25.4056028 ], [ -50.6421173, -25.4059422 ], [ -50.641149399999989, -25.4059274 ], [ -50.6374876, -25.4072225 ], [ -50.636363, -25.4074429 ], [ -50.6343733, -25.4072027 ], [ -50.6337143, -25.4073779 ], [ -50.633622, -25.4078357 ], [ -50.6348165, -25.4105762 ], [ -50.6349928, -25.4121745 ], [ -50.63534, -25.4127045 ], [ -50.636834799999988, -25.4138342 ], [ -50.6387286, -25.415919 ], [ -50.6411691, -25.4166194 ], [ -50.6416464, -25.4169378 ], [ -50.6419773, -25.4185594 ], [ -50.6422993, -25.4189951 ], [ -50.6434359, -25.4194917 ], [ -50.6442609, -25.4202923 ], [ -50.6446202, -25.42114 ], [ -50.6456639, -25.4223748 ], [ -50.6460485, -25.4233862 ], [ -50.6473996, -25.4251168 ], [ -50.6474632, -25.4256926 ], [ -50.6470046, -25.4278886 ], [ -50.6471189, -25.4284638 ], [ -50.6485715, -25.4314167 ], [ -50.6489921, -25.4333559 ], [ -50.6495636, -25.4341196 ], [ -50.6495766, -25.4348371 ], [ -50.6498773, -25.4357197 ], [ -50.6498245, -25.4394033 ], [ -50.6499158, -25.4396642 ], [ -50.6511813, -25.4403165 ], [ -50.651059, -25.4432656 ], [ -50.6508812, -25.4439303 ], [ -50.6509465, -25.4462265 ], [ -50.6506601, -25.4486786 ], [ -50.653265, -25.4528125 ], [ -50.6496333, -25.4536064 ], [ -50.6482787, -25.4535412 ], [ -50.6441738, -25.4520222 ], [ -50.6431558, -25.4513434 ], [ -50.6402336, -25.4489433 ], [ -50.6394551, -25.4487757 ], [ -50.6384692, -25.4490312 ], [ -50.6361051, -25.4501777 ], [ -50.6278686, -25.4554588 ], [ -50.626268599999989, -25.4557262 ], [ -50.6250604, -25.4555013 ], [ -50.6252779, -25.455238 ], [ -50.626084, -25.454871 ], [ -50.626332, -25.454572 ], [ -50.6263838, -25.453979 ], [ -50.6262571, -25.453588 ], [ -50.6266483, -25.4518861 ], [ -50.6262451, -25.4516731 ], [ -50.625399699999988, -25.4516363 ], [ -50.6244789, -25.4518845 ], [ -50.6236208, -25.451348 ], [ -50.620954, -25.448901 ], [ -50.620828, -25.448298 ], [ -50.6220379, -25.444246 ], [ -50.6217341, -25.4435482 ], [ -50.6193432, -25.4428825 ], [ -50.6189355, -25.4426419 ], [ -50.6187549, -25.4423558 ], [ -50.6178673, -25.4432367 ], [ -50.6147443, -25.4441918 ] ] ] ] } },
{ "type": "Feature", "properties": { "code_tract": 411070605000055.0, "code_muni": 4110706.0, "name_muni": "Irati", "name_neighborhood": null, "code_neighborhood": null, "code_subdistrict": 41107060500.0, "name_subdistrict": null, "code_district": 411070605.0, "name_district": "Irati", "code_urban_concentration": null, "name_urban_concentration": null, "code_state": 41.0, "name_state": "Paraná", "code_immediate": 410029.0, "name_immediate": "Irati", "code_intermediate": 4106.0, "name_intermediate": "Ponta Grossa", "code_region": 4.0, "name_region": "Sul", "situacao": "Rural", "code_situacao": 8.0, "code_type": 0.0, "area_km2": 22.361538335370323 }, "bbox": [ -50.6335883, -25.5394642, -50.5840845, -25.4582701 ], "geometry": { "type": "MultiPolygon", "coordinates": [ [ [ [ -50.6319018, -25.5020787 ], [ -50.6323633, -25.5024433 ], [ -50.6324186, -25.5029031 ], [ -50.6315255, -25.5033961 ], [ -50.6296008, -25.5048104 ], [ -50.6217576, -25.5107766 ], [ -50.6211287, -25.5116891 ], [ -50.6207858, -25.5135928 ], [ -50.6206747, -25.5158516 ], [ -50.621912, -25.5181136 ], [ -50.620807, -25.5232395 ], [ -50.6200225, -25.5257318 ], [ -50.6195473, -25.5284124 ], [ -50.6196981, -25.5300596 ], [ -50.6179804, -25.5323608 ], [ -50.6128886, -25.5368645 ], [ -50.6109656, -25.5388822 ], [ -50.6093577, -25.5393951 ], [ -50.6076687, -25.5394642 ], [ -50.5951006, -25.4997427 ], [ -50.5840845, -25.4655893 ], [ -50.5852773, -25.4654043 ], [ -50.5915081, -25.4635652 ], [ -50.6005091, -25.4611869 ], [ -50.6004811, -25.4624182 ], [ -50.6062107, -25.4626886 ], [ -50.6062543, -25.4618456 ], [ -50.6077078, -25.4615113 ], [ -50.6091757, -25.4603776 ], [ -50.6093938, -25.4591422 ], [ -50.6110798, -25.4582701 ], [ -50.6126931, -25.4588515 ], [ -50.6157162, -25.4606829 ], [ -50.613507, -25.4634153 ], [ -50.6136717, -25.465455 ], [ -50.611755, -25.4663677 ], [ -50.6114555, -25.4690125 ], [ -50.614846, -25.4730388 ], [ -50.6200508, -25.4783728 ], [ -50.628313, -25.4939597 ], [ -50.6294128, -25.4931358 ], [ -50.6305596, -25.4928954 ], [ -50.6317963, -25.4935107 ], [ -50.6335883, -25.4951244 ], [ -50.6332282, -25.496683 ], [ -50.6328074, -25.4972523 ], [ -50.6332822, -25.4975554 ], [ -50.6301318, -25.501123 ], [ -50.6290263, -25.5015572 ], [ -50.6287407, -25.5018949 ], [ -50.6297465, -25.5026172 ], [ -50.6312095, -25.5020383 ], [ -50.6319018, -25.5020787 ] ] ] ] } },
{ "type": "Feature", "properties": { "code_tract": 411070605000056.0, "code_muni": 4110706.0, "name_muni": "Irati", "name_neighborhood": null, "code_neighborhood": null, "code_subdistrict": 41107060500.0, "name_subdistrict": null, "code_district": 411070605.0, "name_district": "Irati", "code_urban_concentration": null, "name_urban_concentration": null, "code_state": 41.0, "name_state": "Paraná", "code_immediate": 410029.0, "name_immediate": "Irati", "code_intermediate": 4106.0, "name_intermediate": "Ponta Grossa", "code_region": 4.0, "name_region": "Sul", "situacao": "Rural", "code_situacao": 8.0, "code_type": 0.0, "area_km2": 30.343540645424667 }, "bbox": [ -50.680143, -25.5843228, -50.6076687, -25.5033336 ], "geometry": { "type": "MultiPolygon", "coordinates": [ [ [ [ -50.6492516, -25.5267193 ], [ -50.6439284, -25.537582 ], [ -50.6395232, -25.5428529 ], [ -50.6394603, -25.5462301 ], [ -50.640232, -25.5469517 ], [ -50.6402526, -25.5471158 ], [ -50.6409976, -25.5476983 ], [ -50.6416684, -25.5469563 ], [ -50.642186, -25.5473344 ], [ -50.6422066, -25.5479898 ], [ -50.6430474, -25.5483726 ], [ -50.6438472, -25.5480172 ], [ -50.6451866, -25.5489591 ], [ -50.6479785, -25.5521474 ], [ -50.66139, -25.5445827 ], [ -50.6614095, -25.5448588 ], [ -50.6621843, -25.5458494 ], [ -50.6619844, -25.5477439 ], [ -50.6624354, -25.5487451 ], [ -50.6618749, -25.5497919 ], [ -50.661796, -25.5505908 ], [ -50.6616006, -25.5506026 ], [ -50.6615515, -25.5497539 ], [ -50.6613193, -25.549332 ], [ -50.6607746, -25.5494476 ], [ -50.6606671, -25.5508122 ], [ -50.6593135, -25.552528 ], [ -50.6598054, -25.5530234 ], [ -50.6598295, -25.5535172 ], [ -50.6579295, -25.5560546 ], [ -50.6577857, -25.5566076 ], [ -50.657797, -25.5572788 ], [ -50.6583133, -25.5582211 ], [ -50.6594004, -25.5585768 ], [ -50.660932599999988, -25.55771 ], [ -50.6609214, -25.5572508 ], [ -50.6607008, -25.5572367 ], [ -50.6601934, -25.5576959 ], [ -50.659961, -25.5573894 ], [ -50.6596496, -25.5577421 ], [ -50.6594548, -25.5576592 ], [ -50.659586, -25.5572357 ], [ -50.6600401, -25.5570134 ], [ -50.6599901, -25.5565894 ], [ -50.6606816, -25.5550253 ], [ -50.6617454, -25.5544625 ], [ -50.662821, -25.5547296 ], [ -50.6636266, -25.554142 ], [ -50.6661419, -25.553678 ], [ -50.6664137, -25.5537843 ], [ -50.6669428, -25.5548801 ], [ -50.6667972, -25.5557154 ], [ -50.6671333, -25.5562325 ], [ -50.6671325, -25.5566581 ], [ -50.6675594, -25.5571647 ], [ -50.6680636, -25.5575071 ], [ -50.6692157, -25.5577803 ], [ -50.670223, -25.5594759 ], [ -50.6708436, -25.5599255 ], [ -50.67126, -25.5592677 ], [ -50.6718316, -25.5591508 ], [ -50.6753253, -25.5613248 ], [ -50.6762326, -25.5614202 ], [ -50.6777475, -25.5619298 ], [ -50.6783539, -25.5628615 ], [ -50.6783147, -25.5632024 ], [ -50.6777941, -25.563884 ], [ -50.6777551, -25.564178 ], [ -50.6780257, -25.5644727 ], [ -50.6778146, -25.5653768 ], [ -50.6779306, -25.5656481 ], [ -50.6783852, -25.5651896 ], [ -50.6787485, -25.5651211 ], [ -50.680143, -25.5660635 ], [ -50.6218704, -25.5843228 ], [ -50.6076687, -25.5394642 ], [ -50.6093577, -25.5393951 ], [ -50.6109656, -25.5388822 ], [ -50.6128886, -25.5368645 ], [ -50.6179804, -25.5323608 ], [ -50.6196981, -25.5300596 ], [ -50.6195473, -25.5284124 ], [ -50.6200225, -25.5257318 ], [ -50.620807, -25.5232395 ], [ -50.621912, -25.5181136 ], [ -50.6206747, -25.5158516 ], [ -50.6207858, -25.5135928 ], [ -50.6211287, -25.5116891 ], [ -50.6217576, -25.5107766 ], [ -50.6316192, -25.5033336 ], [ -50.6318223, -25.504202 ], [ -50.6332201, -25.5048917 ], [ -50.6354667, -25.5042517 ], [ -50.635953, -25.5061619 ], [ -50.6369689, -25.5050918 ], [ -50.637733, -25.5037025 ], [ -50.6387228, -25.504345 ], [ -50.6381324, -25.505578 ], [ -50.6385579, -25.5058515 ], [ -50.6392178, -25.5057039 ], [ -50.6396764, -25.5064824 ], [ -50.6412794, -25.5045153 ], [ -50.6425728, -25.5054076 ], [ -50.6433139, -25.5050486 ], [ -50.6449309, -25.5060628 ], [ -50.6435513, -25.5084253 ], [ -50.6434897, -25.5093086 ], [ -50.6429564, -25.5111985 ], [ -50.6429779, -25.5120828 ], [ -50.6434323, -25.512939 ], [ -50.6445652, -25.5138377 ], [ -50.6451513, -25.5158728 ], [ -50.6458038, -25.5189812 ], [ -50.6466424, -25.5198578 ], [ -50.647338, -25.5203454 ], [ -50.648064, -25.5214804 ], [ -50.6487317, -25.5237184 ], [ -50.6491135, -25.5266206 ], [ -50.6492516, -25.5267193 ] ] ] ] } },
{ "type": "Feature", "properties": { "code_tract": 411070605000057.0, "code_muni": 4110706.0, "name_muni": "Irati", "name_neighborhood": "Fósforo", "code_neighborhood": 4110706009.0, "code_subdistrict": 41107060500.0, "name_subdistrict": null, "code_district": 411070605.0, "name_district": "Irati", "code_urban_concentration": null, "name_urban_concentration": null, "code_state": 41.0, "name_state": "Paraná", "code_immediate": 410029.0, "name_immediate": "Irati", "code_intermediate": 4106.0, "name_intermediate": "Ponta Grossa", "code_region": 4.0, "name_region": "Sul", "situacao": "Urbana", "code_situacao": 1.0, "code_type": 0.0, "area_km2": 0.21621089716409 }, "bbox": [ -50.6582078, -25.4759062, -50.6507101, -25.4716035 ], "geometry": { "type": "MultiPolygon", "coordinates": [ [ [ [ -50.6510375, -25.4716035 ], [ -50.6573454, -25.4717665 ], [ -50.6581019, -25.473351 ], [ -50.6582078, -25.4738604 ], [ -50.6569935, -25.4738281 ], [ -50.6569377, -25.4756924 ], [ -50.6561638, -25.4759062 ], [ -50.6544786, -25.4759044 ], [ -50.6545351, -25.473764 ], [ -50.6507101, -25.473679 ], [ -50.6509766, -25.4726471 ], [ -50.6510375, -25.4716035 ] ] ] ] } },
{ "type": "Feature", "properties": { "code_tract": 411070605000058.0, "code_muni": 4110706.0, "name_muni": "Irati", "name_neighborhood": "Centro", "code_neighborhood": 4110706005.0, "code_subdistrict": 41107060500.0, "name_subdistrict": null, "code_district": 411070605.0, "name_district": "Irati", "code_urban_concentration": null, "name_urban_concentration": null, "code_state": 41.0, "name_state": "Paraná", "code_immediate": 410029.0, "name_immediate": "Irati", "code_intermediate": 4106.0, "name_intermediate": "Ponta Grossa", "code_region": 4.0, "name_region": "Sul", "situacao": "Urbana", "code_situacao": 1.0, "code_type": 0.0, "area_km2": 0.32776261658817801 }, "bbox": [ -50.6589228, -25.4674266, -50.6496802, -25.4612546 ], "geometry": { "type": "MultiPolygon", "coordinates": [ [ [ [ -50.6503238, -25.462989 ], [ -50.6504417, -25.4627807 ], [ -50.6499158, -25.4624047 ], [ -50.6500488, -25.4615149 ], [ -50.6502145, -25.4612546 ], [ -50.6507402, -25.4612972 ], [ -50.6515624, -25.4617592 ], [ -50.6520193, -25.4622937 ], [ -50.6537728, -25.46372 ], [ -50.6547716, -25.4635467 ], [ -50.6550619, -25.4632089 ], [ -50.6553545, -25.4624029 ], [ -50.6558562, -25.4619076 ], [ -50.656594, -25.461638 ], [ -50.6569041, -25.4617139 ], [ -50.6578654, -25.4623643 ], [ -50.6589228, -25.4635532 ], [ -50.6585474, -25.4667865 ], [ -50.6583135, -25.4674266 ], [ -50.6579466, -25.4671942 ], [ -50.6496802, -25.46406 ], [ -50.6503238, -25.462989 ] ] ] ] } },
{ "type": "Feature", "properties": { "code_tract": 411070605000059.0, "code_muni": 4110706.0, "name_muni": "Irati", "name_neighborhood": "Stroparo", "code_neighborhood": 4110706017.0, "code_subdistrict": 41107060500.0, "name_subdistrict": null, "code_district": 411070605.0, "name_district": "Irati", "code_urban_concentration": null, "name_urban_concentration": null, "code_state": 41.0, "name_state": "Paraná", "code_immediate": 410029.0, "name_immediate": "Irati", "code_intermediate": 4106.0, "name_intermediate": "Ponta Grossa", "code_region": 4.0, "name_region": "Sul", "situacao": "Urbana", "code_situacao": 1.0, "code_type": 0.0, "area_km2": 0.22075738052840699 }, "bbox": [ -50.6517939, -25.4826366, -50.6457307, -25.475684 ], "geometry": { "type": "MultiPolygon", "coordinates": [ [ [ [ -50.6490649, -25.477419 ], [ -50.6493749, -25.477144 ], [ -50.6500301, -25.475684 ], [ -50.6511881, -25.4776328 ], [ -50.6517939, -25.4801606 ], [ -50.648462, -25.4809152 ], [ -50.6487495, -25.4819456 ], [ -50.6457636, -25.4826366 ], [ -50.6457307, -25.4816885 ], [ -50.6464476, -25.4797538 ], [ -50.6474899, -25.478269 ], [ -50.6490649, -25.477419 ] ] ] ] } },
{ "type": "Feature", "properties": { "code_tract": 411070605000060.0, "code_muni": 4110706.0, "name_muni": "Irati", "name_neighborhood": "Fósforo", "code_neighborhood": 4110706009.0, "code_subdistrict": 41107060500.0, "name_subdistrict": null, "code_district": 411070605.0, "name_district": "Irati", "code_urban_concentration": null, "name_urban_concentration": null, "code_state": 41.0, "name_state": "Paraná", "code_immediate": 410029.0, "name_immediate": "Irati", "code_intermediate": 4106.0, "name_intermediate": "Ponta Grossa", "code_region": 4.0, "name_region": "Sul", "situacao": "Urbana", "code_situacao": 1.0, "code_type": 0.0, "area_km2": 0.21787023524448901 }, "bbox": [ -50.6569377, -25.4811706, -50.6517704, -25.4756924 ], "geometry": { "type": "MultiPolygon", "coordinates": [ [ [ [ -50.655656, -25.4759095 ], [ -50.6561638, -25.4759062 ], [ -50.6569377, -25.4756924 ], [ -50.656738, -25.4810743 ], [ -50.6531851, -25.480939 ], [ -50.6521026, -25.4811706 ], [ -50.6517704, -25.4799658 ], [ -50.6520749, -25.478029 ], [ -50.65443, -25.478299 ], [ -50.6544786, -25.4759044 ], [ -50.655656, -25.4759095 ] ] ] ] } },
{ "type": "Feature", "properties": { "code_tract": 411070605000061.0, "code_muni": 4110706.0, "name_muni": "Irati", "name_neighborhood": "Rio Bonito", "code_neighborhood": 4110706015.0, "code_subdistrict": 41107060500.0, "name_subdistrict": null, "code_district": 411070605.0, "name_district": "Irati", "code_urban_concentration": null, "name_urban_concentration": null, "code_state": 41.0, "name_state": "Paraná", "code_immediate": 410029.0, "name_immediate": "Irati", "code_intermediate": 4106.0, "name_intermediate": "Ponta Grossa", "code_region": 4.0, "name_region": "Sul", "situacao": "Urbana", "code_situacao": 1.0, "code_type": 0.0, "area_km2": 0.15806675238127399 }, "bbox": [ -50.668784599999988, -25.4720337, -50.6627798, -25.4686942 ], "geometry": { "type": "MultiPolygon", "coordinates": [ [ [ [ -50.6628152, -25.4699321 ], [ -50.6643224, -25.4691541 ], [ -50.6659508, -25.4686942 ], [ -50.6674741, -25.4696661 ], [ -50.668784599999988, -25.4720337 ], [ -50.6627798, -25.471869 ], [ -50.6628152, -25.4699321 ] ] ] ] } },
{ "type": "Feature", "properties": { "code_tract": 411070605000064.0, "code_muni": 4110706.0, "name_muni": "Irati", "name_neighborhood": "Der", "code_neighborhood": 4110706007.0, "code_subdistrict": 41107060500.0, "name_subdistrict": null, "code_district": 411070605.0, "name_district": "Irati", "code_urban_concentration": null, "name_urban_concentration": null, "code_state": 41.0, "name_state": "Paraná", "code_immediate": 410029.0, "name_immediate": "Irati", "code_intermediate": 4106.0, "name_intermediate": "Ponta Grossa", "code_region": 4.0, "name_region": "Sul", "situacao": "Urbana", "code_situacao": 1.0, "code_type": 0.0, "area_km2": 0.11714871632573 }, "bbox": [ -50.6685202, -25.4667712, -50.664263399999989, -25.462199 ], "geometry": { "type": "MultiPolygon", "coordinates": [ [ [ [ -50.66438, -25.463068 ], [ -50.665396, -25.462779 ], [ -50.66604, -25.462199 ], [ -50.6685202, -25.4643719 ], [ -50.667784, -25.4647897 ], [ -50.6673131, -25.4652341 ], [ -50.66703, -25.466714 ], [ -50.6667222, -25.4667712 ], [ -50.6660051, -25.466009 ], [ -50.6657909, -25.465936 ], [ -50.664726, -25.466328 ], [ -50.6645809, -25.4659 ], [ -50.6648941, -25.46529 ], [ -50.6645791, -25.464202 ], [ -50.6645932, -25.463524 ], [ -50.664263399999989, -25.4631012 ], [ -50.66438, -25.463068 ] ] ] ] } },
{ "type": "Feature", "properties": { "code_tract": 411070605000065.0, "code_muni": 4110706.0, "name_muni": "Irati", "name_neighborhood": "Nhapindazal", "code_neighborhood": 4110706014.0, "code_subdistrict": 41107060500.0, "name_subdistrict": null, "code_district": 411070605.0, "name_district": "Irati", "code_urban_concentration": null, "name_urban_concentration": null, "code_state": 41.0, "name_state": "Paraná", "code_immediate": 410029.0, "name_immediate": "Irati", "code_intermediate": 4106.0, "name_intermediate": "Ponta Grossa", "code_region": 4.0, "name_region": "Sul", "situacao": "Urbana", "code_situacao": 2.0, "code_type": 0.0, "area_km2": 3.8176525475204071 }, "bbox": [ -50.6398531, -25.4939597, -50.614846, -25.4688644 ], "geometry": { "type": "MultiPolygon", "coordinates": [ [ [ [ -50.6212363, -25.4701618 ], [ -50.6221846, -25.4689391 ], [ -50.6271354, -25.4692141 ], [ -50.6279147, -25.4695579 ], [ -50.6289232, -25.4695694 ], [ -50.630206699999988, -25.4690365 ], [ -50.6324873, -25.4691282 ], [ -50.6328769, -25.4692772 ], [ -50.6334682, -25.4702126 ], [ -50.6340349, -25.469704 ], [ -50.6361449, -25.471564 ], [ -50.6378048, -25.472589 ], [ -50.6385101, -25.473484 ], [ -50.6390198, -25.474429 ], [ -50.6395339, -25.476119 ], [ -50.6398531, -25.477493 ], [ -50.6394627, -25.4786569 ], [ -50.6344762, -25.4859228 ], [ -50.6339428, -25.4865445 ], [ -50.6331215, -25.4870932 ], [ -50.628647699999988, -25.4936945 ], [ -50.628313, -25.4939597 ], [ -50.6200508, -25.4783728 ], [ -50.614846, -25.4730388 ], [ -50.615394, -25.4726086 ], [ -50.616065, -25.4711774 ], [ -50.6183604, -25.4697559 ], [ -50.6195318, -25.4688644 ], [ -50.6212363, -25.4701618 ] ] ] ] } },
{ "type": "Feature", "properties": { "code_tract": 411070605000068.0, "code_muni": 4110706.0, "name_muni": "Irati", "name_neighborhood": "Lagoa", "code_neighborhood": 4110706013.0, "code_subdistrict": 41107060500.0, "name_subdistrict": null, "code_district": 411070605.0, "name_district": "Irati", "code_urban_concentration": null, "name_urban_concentration": null, "code_state": 41.0, "name_state": "Paraná", "code_immediate": 410029.0, "name_immediate": "Irati", "code_intermediate": 4106.0, "name_intermediate": "Ponta Grossa", "code_region": 4.0, "name_region": "Sul", "situacao": "Urbana", "code_situacao": 1.0, "code_type": 0.0, "area_km2": 0.332069646977111 }, "bbox": [ -50.6760622, -25.5093852, -50.66496, -25.4968034 ], "geometry": { "type": "MultiPolygon", "coordinates": [ [ [ [ -50.6760622, -25.5077015 ], [ -50.6742684, -25.5093852 ], [ -50.6736815, -25.5085136 ], [ -50.6726546, -25.5076066 ], [ -50.6719358, -25.5062545 ], [ -50.6711828, -25.505433 ], [ -50.6697261, -25.5025235 ], [ -50.6675759, -25.5034808 ], [ -50.6663085, -25.5006973 ], [ -50.6679138, -25.5000932 ], [ -50.6671608, -25.4990492 ], [ -50.6666645, -25.4980565 ], [ -50.66496, -25.497019 ], [ -50.6658884, -25.4968034 ], [ -50.6664087, -25.496899 ], [ -50.6705098, -25.4989742 ], [ -50.669535, -25.5003067 ], [ -50.6721757, -25.5057112 ], [ -50.6739849, -25.5053421 ], [ -50.675295399999989, -25.5056727 ], [ -50.6760622, -25.5077015 ] ] ] ] } },
{ "type": "Feature", "properties": { "code_tract": 411070605000069.0, "code_muni": 4110706.0, "name_muni": "Irati", "name_neighborhood": "Lagoa", "code_neighborhood": 4110706013.0, "code_subdistrict": 41107060500.0, "name_subdistrict": null, "code_district": 411070605.0, "name_district": "Irati", "code_urban_concentration": null, "name_urban_concentration": null, "code_state": 41.0, "name_state": "Paraná", "code_immediate": 410029.0, "name_immediate": "Irati", "code_intermediate": 4106.0, "name_intermediate": "Ponta Grossa", "code_region": 4.0, "name_region": "Sul", "situacao": "Urbana", "code_situacao": 1.0, "code_type": 0.0, "area_km2": 0.45976277944916699 }, "bbox": [ -50.6751129, -25.5008814, -50.6638993, -25.4925907 ], "geometry": { "type": "MultiPolygon", "coordinates": [ [ [ [ -50.6640685, -25.4958416 ], [ -50.664104099999989, -25.4955198 ], [ -50.6665522, -25.4928488 ], [ -50.6673485, -25.4934495 ], [ -50.6681292, -25.4925907 ], [ -50.6690308, -25.4933502 ], [ -50.6693347, -25.4932932 ], [ -50.670155099999988, -25.4937039 ], [ -50.6712932, -25.4949255 ], [ -50.6716524, -25.4950694 ], [ -50.6717129, -25.495345 ], [ -50.671903, -25.495213 ], [ -50.672227, -25.495263 ], [ -50.6723, -25.495513 ], [ -50.6729599, -25.495726 ], [ -50.6732229, -25.4964945 ], [ -50.6730746, -25.4972279 ], [ -50.6747085, -25.4986149 ], [ -50.6751129, -25.4985747 ], [ -50.6749099, -25.5008814 ], [ -50.6739196, -25.5005446 ], [ -50.6703011, -25.4988879 ], [ -50.6664087, -25.496899 ], [ -50.6658884, -25.4968034 ], [ -50.66496, -25.497019 ], [ -50.6638993, -25.4959874 ], [ -50.6640685, -25.4958416 ] ] ] ] } },
{ "type": "Feature", "properties": { "code_tract": 411070605000070.0, "code_muni": 4110706.0, "name_muni": "Irati", "name_neighborhood": "Rio Bonito", "code_neighborhood": 4110706015.0, "code_subdistrict": 41107060500.0, "name_subdistrict": null, "code_district": 411070605.0, "name_district": "Irati", "code_urban_concentration": null, "name_urban_concentration": null, "code_state": 41.0, "name_state": "Paraná", "code_immediate": 410029.0, "name_immediate": "Irati", "code_intermediate": 4106.0, "name_intermediate": "Ponta Grossa", "code_region": 4.0, "name_region": "Sul", "situacao": "Urbana", "code_situacao": 1.0, "code_type": 0.0, "area_km2": 0.12828551363346799 }, "bbox": [ -50.6686109, -25.478289, -50.663785, -25.4740187 ], "geometry": { "type": "MultiPolygon", "coordinates": [ [ [ [ -50.66384, -25.476144 ], [ -50.6638134, -25.4740187 ], [ -50.6686109, -25.4741118 ], [ -50.6684777, -25.4763249 ], [ -50.666161, -25.4762733 ], [ -50.6662049, -25.475139 ], [ -50.6650298, -25.475114 ], [ -50.6649398, -25.478289 ], [ -50.663785, -25.478269 ], [ -50.66384, -25.476144 ] ] ] ] } },
{ "type": "Feature", "properties": { "code_tract": 411070605000071.0, "code_muni": 4110706.0, "name_muni": "Irati", "name_neighborhood": "Vila Nova", "code_neighborhood": 4110706018.0, "code_subdistrict": 41107060500.0, "name_subdistrict": null, "code_district": 411070605.0, "name_district": "Irati", "code_urban_concentration": null, "name_urban_concentration": null, "code_state": 41.0, "name_state": "Paraná", "code_immediate": 410029.0, "name_immediate": "Irati", "code_intermediate": 4106.0, "name_intermediate": "Ponta Grossa", "code_region": 4.0, "name_region": "Sul", "situacao": "Urbana", "code_situacao": 2.0, "code_type": 0.0, "area_km2": 0.58339571338200402 }, "bbox": [ -50.6391271, -25.460375, -50.6235553, -25.4524408 ], "geometry": { "type": "MultiPolygon", "coordinates": [ [ [ [ -50.626268599999989, -25.4557262 ], [ -50.6278686, -25.4554588 ], [ -50.6325324, -25.4524408 ], [ -50.633107, -25.4529715 ], [ -50.6339909, -25.4529324 ], [ -50.6347249, -25.4564545 ], [ -50.6358321, -25.4570336 ], [ -50.6365823, -25.4571246 ], [ -50.6373619, -25.4568605 ], [ -50.6387571, -25.4555808 ], [ -50.6390715, -25.4554427 ], [ -50.6391271, -25.4559767 ], [ -50.6388012, -25.4561139 ], [ -50.6386819, -25.4569612 ], [ -50.6374286, -25.4570139 ], [ -50.633540599999989, -25.4580493 ], [ -50.6311173, -25.45885 ], [ -50.6307357, -25.4587482 ], [ -50.6303212, -25.458413 ], [ -50.6299553, -25.4583509 ], [ -50.6293755, -25.4592364 ], [ -50.6289163, -25.4595567 ], [ -50.627648699999988, -25.4599633 ], [ -50.6273537, -25.4595613 ], [ -50.627092, -25.459537 ], [ -50.6266931, -25.459619 ], [ -50.6262635, -25.4601214 ], [ -50.624221, -25.460375 ], [ -50.6235553, -25.4586176 ], [ -50.6238309, -25.4575433 ], [ -50.6250604, -25.4555013 ], [ -50.626268599999989, -25.4557262 ] ] ] ] } },
{ "type": "Feature", "properties": { "code_tract": 411070605000072.0, "code_muni": 4110706.0, "name_muni": "Irati", "name_neighborhood": "Vila São João", "code_neighborhood": 4110706019.0, "code_subdistrict": 41107060500.0, "name_subdistrict": null, "code_district": 411070605.0, "name_district": "Irati", "code_urban_concentration": null, "name_urban_concentration": null, "code_state": 41.0, "name_state": "Paraná", "code_immediate": 410029.0, "name_immediate": "Irati", "code_intermediate": 4106.0, "name_intermediate": "Ponta Grossa", "code_region": 4.0, "name_region": "Sul", "situacao": "Urbana", "code_situacao": 1.0, "code_type": 0.0, "area_km2": 0.065329567986146003 }, "bbox": [ -50.6432417, -25.4942873, -50.6391347, -25.4911086 ], "geometry": { "type": "MultiPolygon", "coordinates": [ [ [ [ -50.6395976, -25.492196 ], [ -50.6391347, -25.4920399 ], [ -50.6394963, -25.4911086 ], [ -50.6399174, -25.491248 ], [ -50.6400881, -25.4911265 ], [ -50.6404885, -25.4914612 ], [ -50.6403403, -25.4918845 ], [ -50.640808, -25.4921669 ], [ -50.6412758, -25.4923713 ], [ -50.6418402, -25.4923704 ], [ -50.6425684, -25.4925694 ], [ -50.6432417, -25.4934021 ], [ -50.6428387, -25.4942873 ], [ -50.6423455, -25.4940134 ], [ -50.639299, -25.4930581 ], [ -50.6395976, -25.492196 ] ] ] ] } },
{ "type": "Feature", "properties": { "code_tract": 411070605000074.0, "code_muni": 4110706.0, "name_muni": "Irati", "name_neighborhood": null, "code_neighborhood": null, "code_subdistrict": 41107060500.0, "name_subdistrict": null, "code_district": 411070605.0, "name_district": "Irati", "code_urban_concentration": null, "name_urban_concentration": null, "code_state": 41.0, "name_state": "Paraná", "code_immediate": 410029.0, "name_immediate": "Irati", "code_intermediate": 4106.0, "name_intermediate": "Ponta Grossa", "code_region": 4.0, "name_region": "Sul", "situacao": "Rural", "code_situacao": 8.0, "code_type": 0.0, "area_km2": 14.523835007328424 }, "bbox": [ -50.7503726, -25.4126943, -50.6880624, -25.3548642 ], "geometry": { "type": "MultiPolygon", "coordinates": [ [ [ [ -50.7074312, -25.3628926 ], [ -50.7108535, -25.3636426 ], [ -50.7143984, -25.3662908 ], [ -50.7149692, -25.3665335 ], [ -50.7180581, -25.3671244 ], [ -50.7205218, -25.3673091 ], [ -50.7223616, -25.3672671 ], [ -50.7236047, -25.3668709 ], [ -50.7253049, -25.3651872 ], [ -50.7259213, -25.3641837 ], [ -50.7268028, -25.3618614 ], [ -50.7271633, -25.3605817 ], [ -50.7268652, -25.3583676 ], [ -50.7271899, -25.3556857 ], [ -50.7270252, -25.3548642 ], [ -50.7503726, -25.3611367 ], [ -50.7206904, -25.390196 ], [ -50.7023791, -25.4074001 ], [ -50.6969934, -25.4126943 ], [ -50.6968634, -25.4125759 ], [ -50.6972022, -25.4120344 ], [ -50.696062, -25.4117022 ], [ -50.6955696, -25.4113476 ], [ -50.6954413, -25.4109461 ], [ -50.6945083, -25.4103778 ], [ -50.6938087, -25.4102584 ], [ -50.6927484, -25.4088188 ], [ -50.6919177, -25.4087134 ], [ -50.6918281, -25.4082687 ], [ -50.6913061, -25.4075503 ], [ -50.6909581, -25.406248 ], [ -50.6881494, -25.4032956 ], [ -50.6880624, -25.4030037 ], [ -50.688497399999989, -25.3982436 ], [ -50.6888205, -25.3973006 ], [ -50.690461, -25.3949429 ], [ -50.6910327, -25.3937079 ], [ -50.6914304, -25.3923157 ], [ -50.6914801, -25.3914625 ], [ -50.692027, -25.3898906 ], [ -50.6921015, -25.3888352 ], [ -50.6962525, -25.3882289 ], [ -50.7001548, -25.3850739 ], [ -50.7018077, -25.3828957 ], [ -50.702193, -25.382222 ], [ -50.7025286, -25.3811665 ], [ -50.7032245, -25.3805265 ], [ -50.7040821, -25.3793138 ], [ -50.7046537, -25.3787524 ], [ -50.7051384, -25.3775172 ], [ -50.7059214, -25.3767424 ], [ -50.7072139, -25.3762821 ], [ -50.707711, -25.3758554 ], [ -50.7080093, -25.3749234 ], [ -50.7089165, -25.373924 ], [ -50.7093018, -25.373138 ], [ -50.7091899, -25.3724642 ], [ -50.7069529, -25.3705328 ], [ -50.7063191, -25.3658276 ], [ -50.7063564, -25.3653784 ], [ -50.7071145, -25.3639522 ], [ -50.7071269, -25.3633907 ], [ -50.7068807, -25.3629859 ], [ -50.7074312, -25.3628926 ] ] ] ] } },
{ "type": "Feature", "properties": { "code_tract": 411070605000075.0, "code_muni": 4110706.0, "name_muni": "Irati", "name_neighborhood": "Vila São João", "code_neighborhood": 4110706019.0, "code_subdistrict": 41107060500.0, "name_subdistrict": null, "code_district": 411070605.0, "name_district": "Irati", "code_urban_concentration": null, "name_urban_concentration": null, "code_state": 41.0, "name_state": "Paraná", "code_immediate": 410029.0, "name_immediate": "Irati", "code_intermediate": 4106.0, "name_intermediate": "Ponta Grossa", "code_region": 4.0, "name_region": "Sul", "situacao": "Urbana", "code_situacao": 2.0, "code_type": 0.0, "area_km2": 0.479451825828689 }, "bbox": [ -50.6442649, -25.5064824, -50.6316192, -25.4992078 ], "geometry": { "type": "MultiPolygon", "coordinates": [ [ [ [ -50.6332159, -25.5048761 ], [ -50.6318223, -25.504202 ], [ -50.6316192, -25.5033336 ], [ -50.6320337, -25.5030573 ], [ -50.6334477, -25.502531 ], [ -50.6433095, -25.4992078 ], [ -50.6442649, -25.5029122 ], [ -50.6415097, -25.503438 ], [ -50.6415083, -25.5042345 ], [ -50.6396764, -25.5064824 ], [ -50.6392178, -25.5057039 ], [ -50.6385579, -25.5058515 ], [ -50.6381324, -25.505578 ], [ -50.6387228, -25.504345 ], [ -50.637733, -25.5037025 ], [ -50.6369689, -25.5050918 ], [ -50.635953, -25.5061619 ], [ -50.6354667, -25.5042517 ], [ -50.6332159, -25.5048761 ] ] ] ] } },
{ "type": "Feature", "properties": { "code_tract": 411070605000076.0, "code_muni": 4110706.0, "name_muni": "Irati", "name_neighborhood": "Vila São João", "code_neighborhood": 4110706019.0, "code_subdistrict": 41107060500.0, "name_subdistrict": null, "code_district": 411070605.0, "name_district": "Irati", "code_urban_concentration": null, "name_urban_concentration": null, "code_state": 41.0, "name_state": "Paraná", "code_immediate": 410029.0, "name_immediate": "Irati", "code_intermediate": 4106.0, "name_intermediate": "Ponta Grossa", "code_region": 4.0, "name_region": "Sul", "situacao": "Urbana", "code_situacao": 1.0, "code_type": 0.0, "area_km2": 0.074701557233036994 }, "bbox": [ -50.6450153, -25.5060628, -50.6412794, -25.5029122 ], "geometry": { "type": "MultiPolygon", "coordinates": [ [ [ [ -50.6412794, -25.5045153 ], [ -50.6415083, -25.5042345 ], [ -50.6415097, -25.503438 ], [ -50.6442649, -25.5029122 ], [ -50.6450153, -25.5057743 ], [ -50.6449309, -25.5060628 ], [ -50.6433139, -25.5050486 ], [ -50.6425728, -25.5054076 ], [ -50.6412794, -25.5045153 ] ] ] ] } },
{ "type": "Feature", "properties": { "code_tract": 411070605000077.0, "code_muni": 4110706.0, "name_muni": "Irati", "name_neighborhood": "Vila São João", "code_neighborhood": 4110706019.0, "code_subdistrict": 41107060500.0, "name_subdistrict": null, "code_district": 411070605.0, "name_district": "Irati", "code_urban_concentration": null, "name_urban_concentration": null, "code_state": 41.0, "name_state": "Paraná", "code_immediate": 410029.0, "name_immediate": "Irati", "code_intermediate": 4106.0, "name_intermediate": "Ponta Grossa", "code_region": 4.0, "name_region": "Sul", "situacao": "Urbana", "code_situacao": 2.0, "code_type": 0.0, "area_km2": 1.1569236121095161 }, "bbox": [ -50.6530255, -25.5137745, -50.6429564, -25.4975607 ], "geometry": { "type": "MultiPolygon", "coordinates": [ [ [ [ -50.6448167, -25.4987117 ], [ -50.648284, -25.4975607 ], [ -50.6530255, -25.5107419 ], [ -50.6518949, -25.511044 ], [ -50.6508851, -25.511739 ], [ -50.65033, -25.5124358 ], [ -50.6477392, -25.5137565 ], [ -50.647063, -25.5137745 ], [ -50.6463895, -25.5134644 ], [ -50.6456333, -25.5133782 ], [ -50.6441913, -25.5134637 ], [ -50.6434323, -25.512939 ], [ -50.6429779, -25.5120828 ], [ -50.6429564, -25.5111985 ], [ -50.6434897, -25.5093086 ], [ -50.6435513, -25.5084253 ], [ -50.6448697, -25.5062721 ], [ -50.6450153, -25.5057743 ], [ -50.6433095, -25.4992078 ], [ -50.6448167, -25.4987117 ] ] ] ] } },
{ "type": "Feature", "properties": { "code_tract": 411070605000078.0, "code_muni": 4110706.0, "name_muni": "Irati", "name_neighborhood": "Vila São João", "code_neighborhood": 4110706019.0, "code_subdistrict": 41107060500.0, "name_subdistrict": null, "code_district": 411070605.0, "name_district": "Irati", "code_urban_concentration": null, "name_urban_concentration": null, "code_state": 41.0, "name_state": "Paraná", "code_immediate": 410029.0, "name_immediate": "Irati", "code_intermediate": 4106.0, "name_intermediate": "Ponta Grossa", "code_region": 4.0, "name_region": "Sul", "situacao": "Urbana", "code_situacao": 1.0, "code_type": 0.0, "area_km2": 0.051380771820493998 }, "bbox": [ -50.6395976, -25.4930581, -50.6367474, -25.4905163 ], "geometry": { "type": "MultiPolygon", "coordinates": [ [ [ [ -50.6388268, -25.4929244 ], [ -50.6367474, -25.4923211 ], [ -50.6374349, -25.4905163 ], [ -50.6394963, -25.4911086 ], [ -50.6391347, -25.4920399 ], [ -50.6395976, -25.492196 ], [ -50.639299, -25.4930581 ], [ -50.6388268, -25.4929244 ] ] ] ] } },
{ "type": "Feature", "properties": { "code_tract": 411070605000079.0, "code_muni": 4110706.0, "name_muni": "Irati", "name_neighborhood": "Vila São João", "code_neighborhood": 4110706019.0, "code_subdistrict": 41107060500.0, "name_subdistrict": null, "code_district": 411070605.0, "name_district": "Irati", "code_urban_concentration": null, "name_urban_concentration": null, "code_state": 41.0, "name_state": "Paraná", "code_immediate": 410029.0, "name_immediate": "Irati", "code_intermediate": 4106.0, "name_intermediate": "Ponta Grossa", "code_region": 4.0, "name_region": "Sul", "situacao": "Urbana", "code_situacao": 1.0, "code_type": 0.0, "area_km2": 0.68908566898215495 }, "bbox": [ -50.6436557, -25.497072, -50.628647699999988, -25.4864918 ], "geometry": { "type": "MultiPolygon", "coordinates": [ [ [ [ -50.6304706, -25.491044 ], [ -50.6331215, -25.4870932 ], [ -50.6339853, -25.4864918 ], [ -50.6374349, -25.4905163 ], [ -50.6367474, -25.4923211 ], [ -50.6423455, -25.4940134 ], [ -50.6428387, -25.4942873 ], [ -50.6436557, -25.4966892 ], [ -50.6424931, -25.497072 ], [ -50.6422501, -25.4965111 ], [ -50.640813, -25.49675 ], [ -50.6355028, -25.4953135 ], [ -50.6339385, -25.4953339 ], [ -50.6323494, -25.4941141 ], [ -50.6317963, -25.4935107 ], [ -50.6305596, -25.4928954 ], [ -50.6294128, -25.4931358 ], [ -50.628647699999988, -25.4936945 ], [ -50.6304706, -25.491044 ] ] ] ] } },
{ "type": "Feature", "properties": { "code_tract": 411070605000080.0, "code_muni": 4110706.0, "name_muni": "Irati", "name_neighborhood": "Vila São João", "code_neighborhood": 4110706019.0, "code_subdistrict": 41107060500.0, "name_subdistrict": null, "code_district": 411070605.0, "name_district": "Irati", "code_urban_concentration": null, "name_urban_concentration": null, "code_state": 41.0, "name_state": "Paraná", "code_immediate": 410029.0, "name_immediate": "Irati", "code_intermediate": 4106.0, "name_intermediate": "Ponta Grossa", "code_region": 4.0, "name_region": "Sul", "situacao": "Urbana", "code_situacao": 2.0, "code_type": 0.0, "area_km2": 0.68066529671055798 }, "bbox": [ -50.6444958, -25.5029031, -50.6287407, -25.4951244 ], "geometry": { "type": "MultiPolygon", "coordinates": [ [ [ [ -50.6332282, -25.496683 ], [ -50.6335883, -25.4951244 ], [ -50.6341136, -25.4953785 ], [ -50.6348093, -25.4952509 ], [ -50.6355028, -25.4953135 ], [ -50.640813, -25.49675 ], [ -50.6422501, -25.4965111 ], [ -50.6424931, -25.497072 ], [ -50.6436557, -25.4966892 ], [ -50.6444958, -25.4988173 ], [ -50.6324186, -25.5029031 ], [ -50.6323633, -25.5024433 ], [ -50.6319018, -25.5020787 ], [ -50.6312095, -25.5020383 ], [ -50.6297465, -25.5026172 ], [ -50.6287407, -25.5018949 ], [ -50.6290263, -25.5015572 ], [ -50.6301318, -25.501123 ], [ -50.6332822, -25.4975554 ], [ -50.6328074, -25.4972523 ], [ -50.6332282, -25.496683 ] ] ] ] } },
{ "type": "Feature", "properties": { "code_tract": 411070605000081.0, "code_muni": 4110706.0, "name_muni": "Irati", "name_neighborhood": "Vila São João", "code_neighborhood": 4110706019.0, "code_subdistrict": 41107060500.0, "name_subdistrict": null, "code_district": 411070605.0, "name_district": "Irati", "code_urban_concentration": null, "name_urban_concentration": null, "code_state": 41.0, "name_state": "Paraná", "code_immediate": 410029.0, "name_immediate": "Irati", "code_intermediate": 4106.0, "name_intermediate": "Ponta Grossa", "code_region": 4.0, "name_region": "Sul", "situacao": "Urbana", "code_situacao": 1.0, "code_type": 0.0, "area_km2": 0.26487640700418502 }, "bbox": [ -50.648284, -25.4988173, -50.6428371, -25.4913443 ], "geometry": { "type": "MultiPolygon", "coordinates": [ [ [ [ -50.6433648, -25.4932467 ], [ -50.6451956, -25.4922301 ], [ -50.6460788, -25.4913443 ], [ -50.648284, -25.4975607 ], [ -50.6444958, -25.4988173 ], [ -50.6428529, -25.4945942 ], [ -50.6428371, -25.4942497 ], [ -50.6433648, -25.4932467 ] ] ] ] } },
{ "type": "Feature", "properties": { "code_tract": 411070605000082.0, "code_muni": 4110706.0, "name_muni": "Irati", "name_neighborhood": "Jardim Virgínia", "code_neighborhood": 4110706012.0, "code_subdistrict": 41107060500.0, "name_subdistrict": null, "code_district": 411070605.0, "name_district": "Irati", "code_urban_concentration": null, "name_urban_concentration": null, "code_state": 41.0, "name_state": "Paraná", "code_immediate": 410029.0, "name_immediate": "Irati", "code_intermediate": 4106.0, "name_intermediate": "Ponta Grossa", "code_region": 4.0, "name_region": "Sul", "situacao": "Urbana", "code_situacao": 1.0, "code_type": 0.0, "area_km2": 0.227511362368154 }, "bbox": [ -50.6527347, -25.4929111, -50.6460788, -25.4843578 ], "geometry": { "type": "MultiPolygon", "coordinates": [ [ [ [ -50.6501387, -25.485754 ], [ -50.6514493, -25.4849836 ], [ -50.6518738, -25.4843578 ], [ -50.6527347, -25.4849395 ], [ -50.6522334, -25.4853943 ], [ -50.651273, -25.487282 ], [ -50.651195, -25.487542 ], [ -50.6514724, -25.487787 ], [ -50.6510674, -25.4880062 ], [ -50.6505159, -25.4890439 ], [ -50.6501823, -25.49021 ], [ -50.6496716, -25.4909793 ], [ -50.6498338, -25.4912707 ], [ -50.6504902, -25.491608 ], [ -50.6506281, -25.4921425 ], [ -50.6482832, -25.4929111 ], [ -50.6478742, -25.4919007 ], [ -50.6464351, -25.492379 ], [ -50.6460788, -25.4913443 ], [ -50.647235, -25.490624 ], [ -50.6478949, -25.488924 ], [ -50.64889, -25.487869 ], [ -50.6492849, -25.486299 ], [ -50.6501387, -25.485754 ] ] ] ] } },
{ "type": "Feature", "properties": { "code_tract": 411070605000083.0, "code_muni": 4110706.0, "name_muni": "Irati", "name_neighborhood": "Stroparo", "code_neighborhood": 4110706017.0, "code_subdistrict": 41107060500.0, "name_subdistrict": null, "code_district": 411070605.0, "name_district": "Irati", "code_urban_concentration": null, "name_urban_concentration": null, "code_state": 41.0, "name_state": "Paraná", "code_immediate": 410029.0, "name_immediate": "Irati", "code_intermediate": 4106.0, "name_intermediate": "Ponta Grossa", "code_region": 4.0, "name_region": "Sul", "situacao": "Urbana", "code_situacao": 1.0, "code_type": 0.0, "area_km2": 0.205372121458716 }, "bbox": [ -50.6523921, -25.485904, -50.6476148, -25.4801606 ], "geometry": { "type": "MultiPolygon", "coordinates": [ [ [ [ -50.6487495, -25.4819456 ], [ -50.648462, -25.4809152 ], [ -50.6517939, -25.4801606 ], [ -50.6523921, -25.4821853 ], [ -50.65212, -25.4837029 ], [ -50.6514493, -25.4849836 ], [ -50.64988, -25.485904 ], [ -50.6496352, -25.485029 ], [ -50.6485598, -25.485275 ], [ -50.647981, -25.483529 ], [ -50.6476148, -25.482209 ], [ -50.6487495, -25.4819456 ] ] ] ] } },
{ "type": "Feature", "properties": { "code_tract": 411070605000084.0, "code_muni": 4110706.0, "name_muni": "Irati", "name_neighborhood": "Jardim Virgínia", "code_neighborhood": 4110706012.0, "code_subdistrict": 41107060500.0, "name_subdistrict": null, "code_district": 411070605.0, "name_district": "Irati", "code_urban_concentration": null, "name_urban_concentration": null, "code_state": 41.0, "name_state": "Paraná", "code_immediate": 410029.0, "name_immediate": "Irati", "code_intermediate": 4106.0, "name_intermediate": "Ponta Grossa", "code_region": 4.0, "name_region": "Sul", "situacao": "Urbana", "code_situacao": 1.0, "code_type": 0.0, "area_km2": 0.19545565300634801 }, "bbox": [ -50.6563162, -25.4950992, -50.6496716, -25.4903845 ], "geometry": { "type": "MultiPolygon", "coordinates": [ [ [ [ -50.6504902, -25.491608 ], [ -50.6497111, -25.491136 ], [ -50.6496716, -25.4909793 ], [ -50.6500906, -25.4903845 ], [ -50.6563162, -25.4928757 ], [ -50.6562821, -25.4950992 ], [ -50.6541335, -25.4945448 ], [ -50.6522909, -25.494399 ], [ -50.6499461, -25.4940037 ], [ -50.6506651, -25.492286 ], [ -50.6504902, -25.491608 ] ] ] ] } },
{ "type": "Feature", "properties": { "code_tract": 411070605000085.0, "code_muni": 4110706.0, "name_muni": "Irati", "name_neighborhood": "Jardim Virgínia", "code_neighborhood": 4110706012.0, "code_subdistrict": 41107060500.0, "name_subdistrict": null, "code_district": 411070605.0, "name_district": "Irati", "code_urban_concentration": null, "name_urban_concentration": null, "code_state": 41.0, "name_state": "Paraná", "code_immediate": 410029.0, "name_immediate": "Irati", "code_intermediate": 4106.0, "name_intermediate": "Ponta Grossa", "code_region": 4.0, "name_region": "Sul", "situacao": "Urbana", "code_situacao": 1.0, "code_type": 0.0, "area_km2": 0.33933908900392001 }, "bbox": [ -50.6564831, -25.4928757, -50.6500906, -25.4849395 ], "geometry": { "type": "MultiPolygon", "coordinates": [ [ [ [ -50.6501823, -25.49021 ], [ -50.6505159, -25.4890439 ], [ -50.6510674, -25.4880062 ], [ -50.6514724, -25.487787 ], [ -50.651195, -25.487542 ], [ -50.651273, -25.487282 ], [ -50.6522334, -25.4853943 ], [ -50.6527347, -25.4849395 ], [ -50.6535679, -25.485417 ], [ -50.6564831, -25.488328 ], [ -50.6563162, -25.4928757 ], [ -50.6500906, -25.4903845 ], [ -50.6501823, -25.49021 ] ] ] ] } },
{ "type": "Feature", "properties": { "code_tract": 411070605000086.0, "code_muni": 4110706.0, "name_muni": "Irati", "name_neighborhood": "Jardim Aeroporto", "code_neighborhood": 4110706010.0, "code_subdistrict": 41107060500.0, "name_subdistrict": null, "code_district": 411070605.0, "name_district": "Irati", "code_urban_concentration": null, "name_urban_concentration": null, "code_state": 41.0, "name_state": "Paraná", "code_immediate": 410029.0, "name_immediate": "Irati", "code_intermediate": 4106.0, "name_intermediate": "Ponta Grossa", "code_region": 4.0, "name_region": "Sul", "situacao": "Urbana", "code_situacao": 1.0, "code_type": 0.0, "area_km2": 0.095032626792694003 }, "bbox": [ -50.6562821, -25.4968219, -50.6495948, -25.4940037 ], "geometry": { "type": "MultiPolygon", "coordinates": [ [ [ [ -50.6496785, -25.4944032 ], [ -50.6499461, -25.4940037 ], [ -50.6522909, -25.494399 ], [ -50.6541335, -25.4945448 ], [ -50.6562821, -25.4950992 ], [ -50.6560188, -25.4968219 ], [ -50.6534758, -25.4961509 ], [ -50.6532958, -25.4960675 ], [ -50.653367, -25.4957371 ], [ -50.6495948, -25.4947869 ], [ -50.6496785, -25.4944032 ] ] ] ] } },
{ "type": "Feature", "properties": { "code_tract": 411070605000087.0, "code_muni": 4110706.0, "name_muni": "Irati", "name_neighborhood": "Jardim Aeroporto", "code_neighborhood": 4110706010.0, "code_subdistrict": 41107060500.0, "name_subdistrict": null, "code_district": 411070605.0, "name_district": "Irati", "code_urban_concentration": null, "name_urban_concentration": null, "code_state": 41.0, "name_state": "Paraná", "code_immediate": 410029.0, "name_immediate": "Irati", "code_intermediate": 4106.0, "name_intermediate": "Ponta Grossa", "code_region": 4.0, "name_region": "Sul", "situacao": "Urbana", "code_situacao": 1.0, "code_type": 0.0, "area_km2": 0.082957464865737005 }, "bbox": [ -50.6549129, -25.4992727, -50.6513815, -25.4953504 ], "geometry": { "type": "MultiPolygon", "coordinates": [ [ [ [ -50.6527639, -25.498002 ], [ -50.6529436, -25.4975415 ], [ -50.6518557, -25.4970985 ], [ -50.6513815, -25.4959183 ], [ -50.6517813, -25.4960284 ], [ -50.6519766, -25.4953504 ], [ -50.653367, -25.4957371 ], [ -50.6532958, -25.4960675 ], [ -50.654541699999989, -25.4964383 ], [ -50.6544305, -25.4967567 ], [ -50.6549129, -25.496908 ], [ -50.6545001, -25.4992727 ], [ -50.652545, -25.498579 ], [ -50.6527639, -25.498002 ] ] ] ] } },
{ "type": "Feature", "properties": { "code_tract": 411070605000088.0, "code_muni": 4110706.0, "name_muni": "Irati", "name_neighborhood": "Jardim Aeroporto", "code_neighborhood": 4110706010.0, "code_subdistrict": 41107060500.0, "name_subdistrict": null, "code_district": 411070605.0, "name_district": "Irati", "code_urban_concentration": null, "name_urban_concentration": null, "code_state": 41.0, "name_state": "Paraná", "code_immediate": 410029.0, "name_immediate": "Irati", "code_intermediate": 4106.0, "name_intermediate": "Ponta Grossa", "code_region": 4.0, "name_region": "Sul", "situacao": "Urbana", "code_situacao": 1.0, "code_type": 0.0, "area_km2": 0.15348757823294801 }, "bbox": [ -50.6545001, -25.5020376, -50.648845, -25.498399 ], "geometry": { "type": "MultiPolygon", "coordinates": [ [ [ [ -50.6499761, -25.498844 ], [ -50.6517052, -25.498399 ], [ -50.6545001, -25.4992727 ], [ -50.6542363, -25.5008084 ], [ -50.6498724, -25.5020376 ], [ -50.648845, -25.499179 ], [ -50.6499761, -25.498844 ] ] ] ] } },
{ "type": "Feature", "properties": { "code_tract": 411070605000089.0, "code_muni": 4110706.0, "name_muni": "Irati", "name_neighborhood": "Jardim Aeroporto", "code_neighborhood": 4110706010.0, "code_subdistrict": 41107060500.0, "name_subdistrict": null, "code_district": 411070605.0, "name_district": "Irati", "code_urban_concentration": null, "name_urban_concentration": null, "code_state": 41.0, "name_state": "Paraná", "code_immediate": 410029.0, "name_immediate": "Irati", "code_intermediate": 4106.0, "name_intermediate": "Ponta Grossa", "code_region": 4.0, "name_region": "Sul", "situacao": "Urbana", "code_situacao": 2.0, "code_type": 0.0, "area_km2": 1.278522662650047 }, "bbox": [ -50.6611826, -25.5110781, -50.6498724, -25.4964383 ], "geometry": { "type": "MultiPolygon", "coordinates": [ [ [ [ -50.6546082, -25.4986412 ], [ -50.6549129, -25.496908 ], [ -50.6544305, -25.4967567 ], [ -50.654541699999989, -25.4964383 ], [ -50.6566086, -25.4970008 ], [ -50.656388, -25.4979049 ], [ -50.6565591, -25.4980306 ], [ -50.6573337, -25.497786 ], [ -50.6590682, -25.4968333 ], [ -50.6603744, -25.4967477 ], [ -50.6603655, -25.4984369 ], [ -50.6605716, -25.4996447 ], [ -50.6604757, -25.5038394 ], [ -50.6611826, -25.506216 ], [ -50.660687, -25.5099364 ], [ -50.6598647, -25.5098858 ], [ -50.659539, -25.5110781 ], [ -50.653091, -25.5109189 ], [ -50.6529101, -25.51048 ], [ -50.6498724, -25.5020376 ], [ -50.6542363, -25.5008084 ], [ -50.6546082, -25.4986412 ] ] ] ] } },
{ "type": "Feature", "properties": { "code_tract": 411070605000090.0, "code_muni": 4110706.0, "name_muni": "Irati", "name_neighborhood": "Jardim Califórnia", "code_neighborhood": 4110706011.0, "code_subdistrict": 41107060500.0, "name_subdistrict": null, "code_district": 411070605.0, "name_district": "Irati", "code_urban_concentration": null, "name_urban_concentration": null, "code_state": 41.0, "name_state": "Paraná", "code_immediate": 410029.0, "name_immediate": "Irati", "code_intermediate": 4106.0, "name_intermediate": "Ponta Grossa", "code_region": 4.0, "name_region": "Sul", "situacao": "Urbana", "code_situacao": 1.0, "code_type": 0.0, "area_km2": 0.22097112950258499 }, "bbox": [ -50.6509766, -25.4776921, -50.644903, -25.4722393 ], "geometry": { "type": "MultiPolygon", "coordinates": [ [ [ [ -50.6449861, -25.4765192 ], [ -50.644903, -25.4762816 ], [ -50.6450218, -25.4761034 ], [ -50.6454258, -25.4757707 ], [ -50.6459248, -25.4757826 ], [ -50.6461862, -25.4752479 ], [ -50.6464594, -25.4751291 ], [ -50.6463525, -25.4750222 ], [ -50.6467802, -25.474939 ], [ -50.646602, -25.4742499 ], [ -50.6467446, -25.4742737 ], [ -50.6466971, -25.474143 ], [ -50.6469228, -25.4742262 ], [ -50.6470522, -25.4736836 ], [ -50.6467418, -25.473684 ], [ -50.6467519, -25.473579 ], [ -50.6475299, -25.4722393 ], [ -50.6485477, -25.4726311 ], [ -50.6509766, -25.4726471 ], [ -50.6504498, -25.474724 ], [ -50.6493749, -25.477144 ], [ -50.6487015, -25.4776921 ], [ -50.6459826, -25.4773813 ], [ -50.6449156, -25.4767811 ], [ -50.6449861, -25.4765192 ] ] ] ] } },
{ "type": "Feature", "properties": { "code_tract": 411070605000091.0, "code_muni": 4110706.0, "name_muni": "Irati", "name_neighborhood": "Jardim Califórnia", "code_neighborhood": 4110706011.0, "code_subdistrict": 41107060500.0, "name_subdistrict": null, "code_district": 411070605.0, "name_district": "Irati", "code_urban_concentration": null, "name_urban_concentration": null, "code_state": 41.0, "name_state": "Paraná", "code_immediate": 410029.0, "name_immediate": "Irati", "code_intermediate": 4106.0, "name_intermediate": "Ponta Grossa", "code_region": 4.0, "name_region": "Sul", "situacao": "Urbana", "code_situacao": 1.0, "code_type": 0.0, "area_km2": 0.32031642390453502 }, "bbox": [ -50.6487015, -25.4822269, -50.6398349, -25.4764183 ], "geometry": { "type": "MultiPolygon", "coordinates": [ [ [ [ -50.6399198, -25.477124 ], [ -50.6401118, -25.4764183 ], [ -50.6441909, -25.4775647 ], [ -50.6444871, -25.4773509 ], [ -50.6444515, -25.4770895 ], [ -50.6449156, -25.4767811 ], [ -50.6459826, -25.4773813 ], [ -50.6487015, -25.4776921 ], [ -50.6474899, -25.478269 ], [ -50.6464476, -25.4797538 ], [ -50.6446691, -25.4811932 ], [ -50.6430067, -25.4819436 ], [ -50.641362, -25.4822269 ], [ -50.6410949, -25.482209 ], [ -50.6398349, -25.477274 ], [ -50.6399198, -25.477124 ] ] ] ] } },
{ "type": "Feature", "properties": { "code_tract": 411070605000092.0, "code_muni": 4110706.0, "name_muni": "Irati", "name_neighborhood": "Alto da Glória", "code_neighborhood": 4110706001.0, "code_subdistrict": 41107060500.0, "name_subdistrict": null, "code_district": 411070605.0, "name_district": "Irati", "code_urban_concentration": null, "name_urban_concentration": null, "code_state": 41.0, "name_state": "Paraná", "code_immediate": 410029.0, "name_immediate": "Irati", "code_intermediate": 4106.0, "name_intermediate": "Ponta Grossa", "code_region": 4.0, "name_region": "Sul", "situacao": "Urbana", "code_situacao": 1.0, "code_type": 0.0, "area_km2": 0.223813500221102 }, "bbox": [ -50.6364098, -25.4687685, -50.6293984, -25.464329 ], "geometry": { "type": "MultiPolygon", "coordinates": [ [ [ [ -50.6295561, -25.4643299 ], [ -50.6328901, -25.464329 ], [ -50.6364098, -25.464984 ], [ -50.6362509, -25.4677397 ], [ -50.6350453, -25.4687685 ], [ -50.6326813, -25.4665867 ], [ -50.6314481, -25.4677489 ], [ -50.6307848, -25.467249 ], [ -50.629635, -25.465574 ], [ -50.6294201, -25.464734 ], [ -50.6293984, -25.4643362 ], [ -50.6295561, -25.4643299 ] ] ] ] } },
{ "type": "Feature", "properties": { "code_tract": 411070605000093.0, "code_muni": 4110706.0, "name_muni": "Irati", "name_neighborhood": "Alto da Glória", "code_neighborhood": 4110706001.0, "code_subdistrict": 41107060500.0, "name_subdistrict": null, "code_district": 411070605.0, "name_district": "Irati", "code_urban_concentration": null, "name_urban_concentration": null, "code_state": 41.0, "name_state": "Paraná", "code_immediate": 410029.0, "name_immediate": "Irati", "code_intermediate": 4106.0, "name_intermediate": "Ponta Grossa", "code_region": 4.0, "name_region": "Sul", "situacao": "Urbana", "code_situacao": 1.0, "code_type": 0.0, "area_km2": 0.166682978894659 }, "bbox": [ -50.6383549, -25.471564, -50.6314481, -25.464984 ], "geometry": { "type": "MultiPolygon", "coordinates": [ [ [ [ -50.6317944, -25.4674047 ], [ -50.6326813, -25.4665867 ], [ -50.6350453, -25.4687685 ], [ -50.6362509, -25.4677397 ], [ -50.6364098, -25.464984 ], [ -50.6383549, -25.465369 ], [ -50.6377199, -25.467009 ], [ -50.637325, -25.469259 ], [ -50.636208, -25.4691464 ], [ -50.6361449, -25.471564 ], [ -50.6332199, -25.468979 ], [ -50.6314481, -25.4677489 ], [ -50.6317944, -25.4674047 ] ] ] ] } },
{ "type": "Feature", "properties": { "code_tract": 411070605000094.0, "code_muni": 4110706.0, "name_muni": "Irati", "name_neighborhood": "Alto da Glória", "code_neighborhood": 4110706001.0, "code_subdistrict": 41107060500.0, "name_subdistrict": null, "code_district": 411070605.0, "name_district": "Irati", "code_urban_concentration": null, "name_urban_concentration": null, "code_state": 41.0, "name_state": "Paraná", "code_immediate": 410029.0, "name_immediate": "Irati", "code_intermediate": 4106.0, "name_intermediate": "Ponta Grossa", "code_region": 4.0, "name_region": "Sul", "situacao": "Urbana", "code_situacao": 1.0, "code_type": 0.0, "area_km2": 0.174917834979716 }, "bbox": [ -50.643624599999988, -25.4693993, -50.637325, -25.465369 ], "geometry": { "type": "MultiPolygon", "coordinates": [ [ [ [ -50.6375449, -25.467934 ], [ -50.6377199, -25.467009 ], [ -50.6383549, -25.465369 ], [ -50.643624599999988, -25.4663783 ], [ -50.6433116, -25.4686553 ], [ -50.6388407, -25.4681399 ], [ -50.638314799999989, -25.4693993 ], [ -50.637325, -25.469259 ], [ -50.6375449, -25.467934 ] ] ] ] } },
{ "type": "Feature", "properties": { "code_tract": 411070605000095.0, "code_muni": 4110706.0, "name_muni": "Irati", "name_neighborhood": "Alto da Glória", "code_neighborhood": 4110706001.0, "code_subdistrict": 41107060500.0, "name_subdistrict": null, "code_district": 411070605.0, "name_district": "Irati", "code_urban_concentration": null, "name_urban_concentration": null, "code_state": 41.0, "name_state": "Paraná", "code_immediate": 410029.0, "name_immediate": "Irati", "code_intermediate": 4106.0, "name_intermediate": "Ponta Grossa", "code_region": 4.0, "name_region": "Sul", "situacao": "Urbana", "code_situacao": 1.0, "code_type": 0.0, "area_km2": 0.39361525881871301 }, "bbox": [ -50.643675, -25.477274, -50.6361449, -25.4681399 ], "geometry": { "type": "MultiPolygon", "coordinates": [ [ [ [ -50.638314799999989, -25.4693993 ], [ -50.6388407, -25.4681399 ], [ -50.6433116, -25.4686553 ], [ -50.643095, -25.470749 ], [ -50.643675, -25.471824 ], [ -50.64187, -25.473424 ], [ -50.6406352, -25.474839 ], [ -50.6398349, -25.477274 ], [ -50.6390198, -25.474429 ], [ -50.6385101, -25.473484 ], [ -50.6378048, -25.472589 ], [ -50.6361449, -25.471564 ], [ -50.636208, -25.4691464 ], [ -50.638314799999989, -25.4693993 ] ] ] ] } },
{ "type": "Feature", "properties": { "code_tract": 411070605000096.0, "code_muni": 4110706.0, "name_muni": "Irati", "name_neighborhood": "Fósforo", "code_neighborhood": 4110706009.0, "code_subdistrict": 41107060500.0, "name_subdistrict": null, "code_district": 411070605.0, "name_district": "Irati", "code_urban_concentration": null, "name_urban_concentration": null, "code_state": 41.0, "name_state": "Paraná", "code_immediate": 410029.0, "name_immediate": "Irati", "code_intermediate": 4106.0, "name_intermediate": "Ponta Grossa", "code_region": 4.0, "name_region": "Sul", "situacao": "Urbana", "code_situacao": 1.0, "code_type": 0.0, "area_km2": 0.26134738382464801 }, "bbox": [ -50.656738, -25.488328, -50.6518738, -25.480939 ], "geometry": { "type": "MultiPolygon", "coordinates": [ [ [ [ -50.6531851, -25.480939 ], [ -50.656738, -25.4810743 ], [ -50.6564831, -25.488328 ], [ -50.6535679, -25.485417 ], [ -50.6518738, -25.4843578 ], [ -50.6522276, -25.4833241 ], [ -50.6523921, -25.4821853 ], [ -50.6521026, -25.4811706 ], [ -50.6531851, -25.480939 ] ] ] ] } },
{ "type": "Feature", "properties": { "code_tract": 411070605000097.0, "code_muni": 4110706.0, "name_muni": "Irati", "name_neighborhood": "Fósforo", "code_neighborhood": 4110706009.0, "code_subdistrict": 41107060500.0, "name_subdistrict": null, "code_district": 411070605.0, "name_district": "Irati", "code_urban_concentration": null, "name_urban_concentration": null, "code_state": 41.0, "name_state": "Paraná", "code_immediate": 410029.0, "name_immediate": "Irati", "code_intermediate": 4106.0, "name_intermediate": "Ponta Grossa", "code_region": 4.0, "name_region": "Sul", "situacao": "Urbana", "code_situacao": 1.0, "code_type": 0.0, "area_km2": 0.17109850508874699 }, "bbox": [ -50.66248, -25.4879557, -50.6565102, -25.4834979 ], "geometry": { "type": "MultiPolygon", "coordinates": [ [ [ [ -50.6565546, -25.48659 ], [ -50.6566541, -25.4834979 ], [ -50.6588687, -25.4835265 ], [ -50.6589946, -25.4839807 ], [ -50.6599621, -25.485406 ], [ -50.6609395, -25.4875018 ], [ -50.6612309, -25.4877616 ], [ -50.66248, -25.4879557 ], [ -50.6565102, -25.487884 ], [ -50.6565546, -25.48659 ] ] ] ] } },
{ "type": "Feature", "properties": { "code_tract": 411070605000098.0, "code_muni": 4110706.0, "name_muni": "Irati", "name_neighborhood": "Centro", "code_neighborhood": 4110706005.0, "code_subdistrict": 41107060500.0, "name_subdistrict": null, "code_district": 411070605.0, "name_district": "Irati", "code_urban_concentration": null, "name_urban_concentration": null, "code_state": 41.0, "name_state": "Paraná", "code_immediate": 410029.0, "name_immediate": "Irati", "code_intermediate": 4106.0, "name_intermediate": "Ponta Grossa", "code_region": 4.0, "name_region": "Sul", "situacao": "Urbana", "code_situacao": 1.0, "code_type": 0.0, "area_km2": 0.28362963829052601 }, "bbox": [ -50.656594, -25.463712, -50.6450273, -25.4583941 ], "geometry": { "type": "MultiPolygon", "coordinates": [ [ [ [ -50.6451936, -25.4619109 ], [ -50.6450433, -25.4610287 ], [ -50.6450273, -25.4583941 ], [ -50.6457975, -25.4585428 ], [ -50.646413, -25.4591796 ], [ -50.6467696, -25.458953 ], [ -50.6469608, -25.4589822 ], [ -50.6492783, -25.4596307 ], [ -50.6510267, -25.4598543 ], [ -50.6519473, -25.4593932 ], [ -50.653311, -25.460636 ], [ -50.6541194, -25.4611312 ], [ -50.6541749, -25.4606683 ], [ -50.6565891, -25.4608519 ], [ -50.656594, -25.461638 ], [ -50.6558562, -25.4619076 ], [ -50.6553545, -25.4624029 ], [ -50.6550619, -25.4632089 ], [ -50.6547716, -25.4635467 ], [ -50.6539429, -25.463712 ], [ -50.65367, -25.4636894 ], [ -50.6520193, -25.4622937 ], [ -50.6515624, -25.4617592 ], [ -50.6507402, -25.4612972 ], [ -50.6488525, -25.4611146 ], [ -50.6464522, -25.4616923 ], [ -50.6455419, -25.4614483 ], [ -50.6452477, -25.4619808 ], [ -50.6451936, -25.4619109 ] ] ] ] } },
{ "type": "Feature", "properties": { "code_tract": 411070605000099.0, "code_muni": 4110706.0, "name_muni": "Irati", "name_neighborhood": "Rio Bonito", "code_neighborhood": 4110706015.0, "code_subdistrict": 41107060500.0, "name_subdistrict": null, "code_district": 411070605.0, "name_district": "Irati", "code_urban_concentration": null, "name_urban_concentration": null, "code_state": 41.0, "name_state": "Paraná", "code_immediate": 410029.0, "name_immediate": "Irati", "code_intermediate": 4106.0, "name_intermediate": "Ponta Grossa", "code_region": 4.0, "name_region": "Sul", "situacao": "Urbana", "code_situacao": 1.0, "code_type": 0.0, "area_km2": 0.21650764870863101 }, "bbox": [ -50.6605356, -25.473932, -50.6561596, -25.4673482 ], "geometry": { "type": "MultiPolygon", "coordinates": [ [ [ [ -50.657015, -25.4714467 ], [ -50.6562524, -25.4708753 ], [ -50.6561596, -25.4706194 ], [ -50.656255099999989, -25.4699787 ], [ -50.6575177, -25.4689611 ], [ -50.6580344, -25.4673482 ], [ -50.6605356, -25.4682739 ], [ -50.660372, -25.473932 ], [ -50.6582078, -25.4738604 ], [ -50.6578373, -25.4727429 ], [ -50.6573454, -25.4717665 ], [ -50.657015, -25.4714467 ] ] ] ] } },
{ "type": "Feature", "properties": { "code_tract": 411070605000100.0, "code_muni": 4110706.0, "name_muni": "Irati", "name_neighborhood": "Rio Bonito", "code_neighborhood": 4110706015.0, "code_subdistrict": 41107060500.0, "name_subdistrict": null, "code_district": 411070605.0, "name_district": "Irati", "code_urban_concentration": null, "name_urban_concentration": null, "code_state": 41.0, "name_state": "Paraná", "code_immediate": 410029.0, "name_immediate": "Irati", "code_intermediate": 4106.0, "name_intermediate": "Ponta Grossa", "code_region": 4.0, "name_region": "Sul", "situacao": "Urbana", "code_situacao": 1.0, "code_type": 0.0, "area_km2": 0.24268698792743801 }, "bbox": [ -50.6633982, -25.4900805, -50.6588803, -25.4801536 ], "geometry": { "type": "MultiPolygon", "coordinates": [ [ [ [ -50.6598475, -25.4801536 ], [ -50.6610526, -25.480175 ], [ -50.661141, -25.4812092 ], [ -50.661927, -25.482217 ], [ -50.66203, -25.483111 ], [ -50.6624051, -25.48332 ], [ -50.6627147, -25.4833131 ], [ -50.6631973, -25.4837655 ], [ -50.662993, -25.485355 ], [ -50.6627246, -25.4853974 ], [ -50.6627449, -25.485711 ], [ -50.6630369, -25.486094 ], [ -50.662816899999989, -25.486152 ], [ -50.6630999, -25.486451 ], [ -50.6631539, -25.486883 ], [ -50.6629609, -25.487032 ], [ -50.663308, -25.487406 ], [ -50.663097, -25.487721 ], [ -50.6632829, -25.4882891 ], [ -50.6632518, -25.4892316 ], [ -50.6633982, -25.4899251 ], [ -50.6632372, -25.4900805 ], [ -50.662742099999988, -25.4900298 ], [ -50.6630647, -25.4888879 ], [ -50.6629835, -25.4884039 ], [ -50.66248, -25.4879557 ], [ -50.6612309, -25.4877616 ], [ -50.6609395, -25.4875018 ], [ -50.6599621, -25.485406 ], [ -50.6589946, -25.4839807 ], [ -50.6588803, -25.4830419 ], [ -50.6596325, -25.481102 ], [ -50.6595177, -25.4801608 ], [ -50.6598475, -25.4801536 ] ] ] ] } },
{ "type": "Feature", "properties": { "code_tract": 411070605000101.0, "code_muni": 4110706.0, "name_muni": "Irati", "name_neighborhood": "Lagoa", "code_neighborhood": 4110706013.0, "code_subdistrict": 41107060500.0, "name_subdistrict": null, "code_district": 411070605.0, "name_district": "Irati", "code_urban_concentration": null, "name_urban_concentration": null, "code_state": 41.0, "name_state": "Paraná", "code_immediate": 410029.0, "name_immediate": "Irati", "code_intermediate": 4106.0, "name_intermediate": "Ponta Grossa", "code_region": 4.0, "name_region": "Sul", "situacao": "Urbana", "code_situacao": 1.0, "code_type": 0.0, "area_km2": 0.43468191922143401 }, "bbox": [ -50.6681292, -25.4959874, -50.6564831, -25.487884 ], "geometry": { "type": "MultiPolygon", "coordinates": [ [ [ [ -50.6565102, -25.487884 ], [ -50.66248, -25.4879557 ], [ -50.6627639, -25.4881427 ], [ -50.6630624, -25.4886354 ], [ -50.662742099999988, -25.4900298 ], [ -50.6632372, -25.4900805 ], [ -50.6633982, -25.4899251 ], [ -50.663753, -25.490124 ], [ -50.6642468, -25.4897223 ], [ -50.6648441, -25.4897738 ], [ -50.6651027, -25.4900748 ], [ -50.6661042, -25.4905759 ], [ -50.6670503, -25.4914819 ], [ -50.667234699999987, -25.4914552 ], [ -50.6674711, -25.4916183 ], [ -50.667726, -25.4918967 ], [ -50.6677606, -25.492329 ], [ -50.6681292, -25.4925907 ], [ -50.6673485, -25.4934495 ], [ -50.6665522, -25.4928488 ], [ -50.664104099999989, -25.4955198 ], [ -50.6640685, -25.4958416 ], [ -50.6638993, -25.4959874 ], [ -50.6625099, -25.4946161 ], [ -50.6610781, -25.4920961 ], [ -50.6597591, -25.490559 ], [ -50.6570962, -25.488919 ], [ -50.6564831, -25.488328 ], [ -50.6565102, -25.487884 ] ] ] ] } },
{ "type": "Feature", "properties": { "code_tract": 411070605000102.0, "code_muni": 4110706.0, "name_muni": "Irati", "name_neighborhood": "Rio Bonito", "code_neighborhood": 4110706015.0, "code_subdistrict": 41107060500.0, "name_subdistrict": null, "code_district": 411070605.0, "name_district": "Irati", "code_urban_concentration": null, "name_urban_concentration": null, "code_state": 41.0, "name_state": "Paraná", "code_immediate": 410029.0, "name_immediate": "Irati", "code_intermediate": 4106.0, "name_intermediate": "Ponta Grossa", "code_region": 4.0, "name_region": "Sul", "situacao": "Urbana", "code_situacao": 1.0, "code_type": 0.0, "area_km2": 0.17187850612049099 }, "bbox": [ -50.66534, -25.4837655, -50.6610526, -25.4793105 ], "geometry": { "type": "MultiPolygon", "coordinates": [ [ [ [ -50.6613861, -25.48012 ], [ -50.661414, -25.4793105 ], [ -50.66534, -25.4793868 ], [ -50.6653296, -25.4830092 ], [ -50.6636333, -25.4837243 ], [ -50.6631973, -25.4837655 ], [ -50.6627147, -25.4833131 ], [ -50.6624051, -25.48332 ], [ -50.66203, -25.483111 ], [ -50.661927, -25.482217 ], [ -50.661141, -25.4812092 ], [ -50.6610526, -25.480175 ], [ -50.6613861, -25.48012 ] ] ] ] } },
{ "type": "Feature", "properties": { "code_tract": 411070605000103.0, "code_muni": 4110706.0, "name_muni": "Irati", "name_neighborhood": "Alto da Lagoa", "code_neighborhood": 4110706002.0, "code_subdistrict": 41107060500.0, "name_subdistrict": null, "code_district": 411070605.0, "name_district": "Irati", "code_urban_concentration": null, "name_urban_concentration": null, "code_state": 41.0, "name_state": "Paraná", "code_immediate": 410029.0, "name_immediate": "Irati", "code_intermediate": 4106.0, "name_intermediate": "Ponta Grossa", "code_region": 4.0, "name_region": "Sul", "situacao": "Urbana", "code_situacao": 2.0, "code_type": 0.0, "area_km2": 1.018812969009069 }, "bbox": [ -50.6729953, -25.4942233, -50.6627246, -25.4793868 ], "geometry": { "type": "MultiPolygon", "coordinates": [ [ [ [ -50.6712609, -25.4872268 ], [ -50.671896, -25.4891163 ], [ -50.6709585, -25.4893913 ], [ -50.6729953, -25.491045 ], [ -50.6707729, -25.4933409 ], [ -50.6705555, -25.4942233 ], [ -50.670155099999988, -25.4937039 ], [ -50.6693347, -25.4932932 ], [ -50.6690308, -25.4933502 ], [ -50.6683695, -25.4927073 ], [ -50.6677606, -25.492329 ], [ -50.667726, -25.4918967 ], [ -50.6674711, -25.4916183 ], [ -50.667234699999987, -25.4914552 ], [ -50.6670503, -25.4914819 ], [ -50.6661042, -25.4905759 ], [ -50.6651027, -25.4900748 ], [ -50.6648441, -25.4897738 ], [ -50.6642468, -25.4897223 ], [ -50.663753, -25.490124 ], [ -50.6633982, -25.4899251 ], [ -50.6632518, -25.4892316 ], [ -50.6632829, -25.4882891 ], [ -50.663097, -25.487721 ], [ -50.663308, -25.487406 ], [ -50.6629609, -25.487032 ], [ -50.6631539, -25.486883 ], [ -50.6630999, -25.486451 ], [ -50.662816899999989, -25.486152 ], [ -50.6630369, -25.486094 ], [ -50.6627449, -25.485711 ], [ -50.6627246, -25.4853974 ], [ -50.662993, -25.485355 ], [ -50.6631973, -25.4837655 ], [ -50.6636333, -25.4837243 ], [ -50.6653296, -25.4830092 ], [ -50.66534, -25.4793868 ], [ -50.6685049, -25.479449 ], [ -50.6691663, -25.479923 ], [ -50.6726279, -25.486296 ], [ -50.6712609, -25.4872268 ] ] ] ] } },
{ "type": "Feature", "properties": { "code_tract": 411070605000104.0, "code_muni": 4110706.0, "name_muni": "Irati", "name_neighborhood": "Rio Bonito", "code_neighborhood": 4110706015.0, "code_subdistrict": 41107060500.0, "name_subdistrict": null, "code_district": 411070605.0, "name_district": "Irati", "code_urban_concentration": null, "name_urban_concentration": null, "code_state": 41.0, "name_state": "Paraná", "code_immediate": 410029.0, "name_immediate": "Irati", "code_intermediate": 4106.0, "name_intermediate": "Ponta Grossa", "code_region": 4.0, "name_region": "Sul", "situacao": "Urbana", "code_situacao": 1.0, "code_type": 0.0, "area_km2": 0.132841541922253 }, "bbox": [ -50.6706625, -25.4797051, -50.666085, -25.47517 ], "geometry": { "type": "MultiPolygon", "coordinates": [ [ [ [ -50.6673289, -25.4763093 ], [ -50.6684777, -25.4763249 ], [ -50.668565, -25.47517 ], [ -50.6703294, -25.4752159 ], [ -50.6706625, -25.4759439 ], [ -50.6690297, -25.4774177 ], [ -50.6689377, -25.4797051 ], [ -50.6685049, -25.479449 ], [ -50.666085, -25.479399 ], [ -50.666161, -25.4762733 ], [ -50.6673289, -25.4763093 ] ] ] ] } },
{ "type": "Feature", "properties": { "code_tract": 411070605000105.0, "code_muni": 4110706.0, "name_muni": "Irati", "name_neighborhood": "Rio Bonito", "code_neighborhood": 4110706015.0, "code_subdistrict": 41107060500.0, "name_subdistrict": null, "code_district": 411070605.0, "name_district": "Irati", "code_urban_concentration": null, "name_urban_concentration": null, "code_state": 41.0, "name_state": "Paraná", "code_immediate": 410029.0, "name_immediate": "Irati", "code_intermediate": 4106.0, "name_intermediate": "Ponta Grossa", "code_region": 4.0, "name_region": "Sul", "situacao": "Urbana", "code_situacao": 1.0, "code_type": 0.0, "area_km2": 0.12616128757734399 }, "bbox": [ -50.6662049, -25.479399, -50.661414, -25.475114 ], "geometry": { "type": "MultiPolygon", "coordinates": [ [ [ [ -50.663785, -25.478269 ], [ -50.6649398, -25.478289 ], [ -50.6650298, -25.475114 ], [ -50.6662049, -25.475139 ], [ -50.666085, -25.479399 ], [ -50.661414, -25.4793105 ], [ -50.6614601, -25.47715 ], [ -50.6638185, -25.4772128 ], [ -50.663785, -25.478269 ] ] ] ] } },
{ "type": "Feature", "properties": { "code_tract": 411070605000106.0, "code_muni": 4110706.0, "name_muni": "Irati", "name_neighborhood": "Engenheiro Gutierrez", "code_neighborhood": 4110706008.0, "code_subdistrict": 41107060500.0, "name_subdistrict": null, "code_district": 411070605.0, "name_district": "Irati", "code_urban_concentration": null, "name_urban_concentration": null, "code_state": 41.0, "name_state": "Paraná", "code_immediate": 410029.0, "name_immediate": "Irati", "code_intermediate": 4106.0, "name_intermediate": "Ponta Grossa", "code_region": 4.0, "name_region": "Sul", "situacao": "Urbana", "code_situacao": 2.0, "code_type": 0.0, "area_km2": 1.622626058900821 }, "bbox": [ -50.6651077, -25.5229277, -50.6441913, -25.5107419 ], "geometry": { "type": "MultiPolygon", "coordinates": [ [ [ [ -50.6456333, -25.5133782 ], [ -50.6463895, -25.5134644 ], [ -50.647063, -25.5137745 ], [ -50.6477392, -25.5137565 ], [ -50.65033, -25.5124358 ], [ -50.6508851, -25.511739 ], [ -50.6518949, -25.511044 ], [ -50.6530255, -25.5107419 ], [ -50.653091, -25.5109189 ], [ -50.6605281, -25.5111167 ], [ -50.6651077, -25.5115096 ], [ -50.662757, -25.513781 ], [ -50.6612547, -25.5156907 ], [ -50.661072, -25.5160877 ], [ -50.6612428, -25.5173324 ], [ -50.6586163, -25.517809 ], [ -50.657283, -25.519486 ], [ -50.6561664, -25.519935 ], [ -50.6555777, -25.5197465 ], [ -50.6544799, -25.5190735 ], [ -50.6540925, -25.5229277 ], [ -50.6483096, -25.5221887 ], [ -50.648064, -25.5214804 ], [ -50.647338, -25.5203454 ], [ -50.6466424, -25.5198578 ], [ -50.6458038, -25.5189812 ], [ -50.6447851, -25.5144687 ], [ -50.6445652, -25.5138377 ], [ -50.6441913, -25.5134637 ], [ -50.6456333, -25.5133782 ] ] ] ] } },
{ "type": "Feature", "properties": { "code_tract": 411070605000107.0, "code_muni": 4110706.0, "name_muni": "Irati", "name_neighborhood": "Riozinho", "code_neighborhood": 4110706016.0, "code_subdistrict": 41107060500.0, "name_subdistrict": null, "code_district": 411070605.0, "name_district": "Irati", "code_urban_concentration": null, "name_urban_concentration": null, "code_state": 41.0, "name_state": "Paraná", "code_immediate": 410029.0, "name_immediate": "Irati", "code_intermediate": 4106.0, "name_intermediate": "Ponta Grossa", "code_region": 4.0, "name_region": "Sul", "situacao": "Urbana", "code_situacao": 2.0, "code_type": 0.0, "area_km2": 1.319724991857905 }, "bbox": [ -50.6541872, -25.5521474, -50.6394603, -25.5267193 ], "geometry": { "type": "MultiPolygon", "coordinates": [ [ [ [ -50.6395232, -25.5428529 ], [ -50.6439284, -25.537582 ], [ -50.6492516, -25.5267193 ], [ -50.650321, -25.5272387 ], [ -50.6518952, -25.5276475 ], [ -50.6528735, -25.5269964 ], [ -50.6532455, -25.5271477 ], [ -50.6530303, -25.5286767 ], [ -50.6527328, -25.5291632 ], [ -50.6525132, -25.5293321 ], [ -50.6519623, -25.5293521 ], [ -50.6518227, -25.529627 ], [ -50.6524668, -25.5299901 ], [ -50.6527117, -25.5303435 ], [ -50.6529654, -25.5304063 ], [ -50.6533182, -25.5301745 ], [ -50.6538878, -25.530086 ], [ -50.6541872, -25.5309213 ], [ -50.652565499999987, -25.5317359 ], [ -50.6478713, -25.5353282 ], [ -50.6474079, -25.5363254 ], [ -50.6471583, -25.5375693 ], [ -50.6458392, -25.5411185 ], [ -50.6452333, -25.5423733 ], [ -50.6464304, -25.5435229 ], [ -50.6465645, -25.5442792 ], [ -50.646991, -25.5450002 ], [ -50.6487447, -25.5460378 ], [ -50.6487265, -25.5474589 ], [ -50.6482657, -25.5487953 ], [ -50.6483584, -25.5501124 ], [ -50.6488892, -25.5510051 ], [ -50.648969099999988, -25.5515712 ], [ -50.6479785, -25.5521474 ], [ -50.6451866, -25.5489591 ], [ -50.6438472, -25.5480172 ], [ -50.6430474, -25.5483726 ], [ -50.6422066, -25.5479898 ], [ -50.642186, -25.5473344 ], [ -50.6416684, -25.5469563 ], [ -50.6409976, -25.5476983 ], [ -50.6402526, -25.5471158 ], [ -50.640232, -25.5469517 ], [ -50.6394603, -25.5462301 ], [ -50.6395232, -25.5428529 ] ] ] ] } },
{ "type": "Feature", "properties": { "code_tract": 411070605000108.0, "code_muni": 4110706.0, "name_muni": "Irati", "name_neighborhood": "Colina Nossa Senhora das Graças", "code_neighborhood": 4110706006.0, "code_subdistrict": 41107060500.0, "name_subdistrict": null, "code_district": 411070605.0, "name_district": "Irati", "code_urban_concentration": null, "name_urban_concentration": null, "code_state": 41.0, "name_state": "Paraná", "code_immediate": 410029.0, "name_immediate": "Irati", "code_intermediate": 4106.0, "name_intermediate": "Ponta Grossa", "code_region": 4.0, "name_region": "Sul", "situacao": "Urbana", "code_situacao": 1.0, "code_type": 0.0, "area_km2": 0.44565321877165798 }, "bbox": [ -50.6516161, -25.4626975, -50.6386819, -25.4531195 ], "geometry": { "type": "MultiPolygon", "coordinates": [ [ [ [ -50.6512334, -25.4531933 ], [ -50.6516161, -25.4531195 ], [ -50.6510837, -25.4539339 ], [ -50.6510302, -25.455105 ], [ -50.6506651, -25.455714 ], [ -50.648405, -25.456925 ], [ -50.64763, -25.457109 ], [ -50.6461477, -25.4571183 ], [ -50.64525, -25.457654 ], [ -50.6450281, -25.4583147 ], [ -50.6450433, -25.4610287 ], [ -50.6452477, -25.4619808 ], [ -50.6450868, -25.4622769 ], [ -50.6444816, -25.4626822 ], [ -50.6442491, -25.4626975 ], [ -50.6421333, -25.4622573 ], [ -50.6413238, -25.4610006 ], [ -50.6405531, -25.4601252 ], [ -50.6402609, -25.4583199 ], [ -50.6400051, -25.4576247 ], [ -50.6394972, -25.457197 ], [ -50.6386819, -25.4569612 ], [ -50.6388012, -25.4561139 ], [ -50.6389704, -25.455967 ], [ -50.6398646, -25.4560632 ], [ -50.6406056, -25.4560169 ], [ -50.6407201, -25.45589 ], [ -50.6415497, -25.4561634 ], [ -50.641717, -25.456126 ], [ -50.641912299999987, -25.4554988 ], [ -50.6429708, -25.4552271 ], [ -50.6432819, -25.455307 ], [ -50.6433398, -25.455496 ], [ -50.644494, -25.455846 ], [ -50.645070399999987, -25.4555802 ], [ -50.6466393, -25.4558031 ], [ -50.6468838, -25.4556092 ], [ -50.6487929, -25.4557942 ], [ -50.6491009, -25.455578 ], [ -50.6496505, -25.4555074 ], [ -50.6499063, -25.4552894 ], [ -50.650141, -25.455271 ], [ -50.6504289, -25.4549691 ], [ -50.6504911, -25.4546814 ], [ -50.6503175, -25.4544479 ], [ -50.6507277, -25.453344 ], [ -50.6512334, -25.4531933 ] ] ] ] } },
{ "type": "Feature", "properties": { "code_tract": 411070605000109.0, "code_muni": 4110706.0, "name_muni": "Irati", "name_neighborhood": "Centro", "code_neighborhood": 4110706005.0, "code_subdistrict": 41107060500.0, "name_subdistrict": null, "code_district": 411070605.0, "name_district": "Irati", "code_urban_concentration": null, "name_urban_concentration": null, "code_state": 41.0, "name_state": "Paraná", "code_immediate": 410029.0, "name_immediate": "Irati", "code_intermediate": 4106.0, "name_intermediate": "Ponta Grossa", "code_region": 4.0, "name_region": "Sul", "situacao": "Urbana", "code_situacao": 1.0, "code_type": 0.0, "area_km2": 0.26425030725411902 }, "bbox": [ -50.6487301, -25.467659, -50.6394469, -25.4607844 ], "geometry": { "type": "MultiPolygon", "coordinates": [ [ [ [ -50.6410962, -25.4607844 ], [ -50.6419722, -25.4620777 ], [ -50.6423149, -25.4623472 ], [ -50.6444816, -25.4626822 ], [ -50.6450868, -25.4622769 ], [ -50.6452477, -25.4619808 ], [ -50.6487301, -25.466324 ], [ -50.647405, -25.467659 ], [ -50.6448405, -25.4650168 ], [ -50.644233, -25.4651066 ], [ -50.6405719, -25.4642154 ], [ -50.640154, -25.4640165 ], [ -50.6398204, -25.463257 ], [ -50.6399639, -25.4623398 ], [ -50.6394469, -25.4614622 ], [ -50.6410962, -25.4607844 ] ] ] ] } },
{ "type": "Feature", "properties": { "code_tract": 411070605000110.0, "code_muni": 4110706.0, "name_muni": "Irati", "name_neighborhood": "Canisianas", "code_neighborhood": 4110706004.0, "code_subdistrict": 41107060500.0, "name_subdistrict": null, "code_district": 411070605.0, "name_district": "Irati", "code_urban_concentration": null, "name_urban_concentration": null, "code_state": 41.0, "name_state": "Paraná", "code_immediate": 410029.0, "name_immediate": "Irati", "code_intermediate": 4106.0, "name_intermediate": "Ponta Grossa", "code_region": 4.0, "name_region": "Sul", "situacao": "Urbana", "code_situacao": 1.0, "code_type": 0.0, "area_km2": 0.25697383745843599 }, "bbox": [ -50.6410962, -25.463844, -50.633540599999989, -25.4569238 ], "geometry": { "type": "MultiPolygon", "coordinates": [ [ [ [ -50.6349619, -25.4576474 ], [ -50.6374286, -25.4570139 ], [ -50.6384524, -25.4569238 ], [ -50.6394972, -25.457197 ], [ -50.6401593, -25.4578999 ], [ -50.6405531, -25.4601252 ], [ -50.6410962, -25.4607844 ], [ -50.6394469, -25.4614622 ], [ -50.6386688, -25.4593888 ], [ -50.6379481, -25.4591065 ], [ -50.637287, -25.459286 ], [ -50.63674, -25.463844 ], [ -50.6351921, -25.4631149 ], [ -50.6354812, -25.459825 ], [ -50.634955, -25.459151 ], [ -50.633857299999988, -25.4594132 ], [ -50.633540599999989, -25.4580493 ], [ -50.6349619, -25.4576474 ] ] ] ] } },
{ "type": "Feature", "properties": { "code_tract": 411070605000111.0, "code_muni": 4110706.0, "name_muni": "Irati", "name_neighborhood": "Canisianas", "code_neighborhood": 4110706004.0, "code_subdistrict": 41107060500.0, "name_subdistrict": null, "code_district": 411070605.0, "name_district": "Irati", "code_urban_concentration": null, "name_urban_concentration": null, "code_state": 41.0, "name_state": "Paraná", "code_immediate": 410029.0, "name_immediate": "Irati", "code_intermediate": 4106.0, "name_intermediate": "Ponta Grossa", "code_region": 4.0, "name_region": "Sul", "situacao": "Urbana", "code_situacao": 1.0, "code_type": 0.0, "area_km2": 0.24145146955423899 }, "bbox": [ -50.6354812, -25.4631149, -50.6237429, -25.4580493 ], "geometry": { "type": "MultiPolygon", "coordinates": [ [ [ [ -50.6247569, -25.4603035 ], [ -50.6262635, -25.4601214 ], [ -50.6266931, -25.459619 ], [ -50.627092, -25.459537 ], [ -50.6273537, -25.4595613 ], [ -50.627648699999988, -25.4599633 ], [ -50.6289163, -25.4595567 ], [ -50.6293755, -25.4592364 ], [ -50.6299553, -25.4583509 ], [ -50.6303212, -25.458413 ], [ -50.6307357, -25.4587482 ], [ -50.6311173, -25.45885 ], [ -50.633540599999989, -25.4580493 ], [ -50.633857299999988, -25.4594132 ], [ -50.634955, -25.459151 ], [ -50.6354812, -25.459825 ], [ -50.6351921, -25.4631149 ], [ -50.6335511, -25.462144 ], [ -50.6320898, -25.461529 ], [ -50.6317522, -25.460812 ], [ -50.6315902, -25.459999 ], [ -50.6298352, -25.460484 ], [ -50.6290421, -25.460938 ], [ -50.6279351, -25.461169 ], [ -50.62635, -25.46032 ], [ -50.625859, -25.460319 ], [ -50.6253179, -25.460627 ], [ -50.6248751, -25.461501 ], [ -50.6242339, -25.461802 ], [ -50.6237429, -25.461725 ], [ -50.624419, -25.461062 ], [ -50.6238289, -25.460865 ], [ -50.6238458, -25.460631 ], [ -50.624221, -25.460375 ], [ -50.6247569, -25.4603035 ] ] ] ] } },
{ "type": "Feature", "properties": { "code_tract": 411070605000112.0, "code_muni": 4110706.0, "name_muni": "Irati", "name_neighborhood": "Camacuã", "code_neighborhood": 4110706003.0, "code_subdistrict": 41107060500.0, "name_subdistrict": null, "code_district": 411070605.0, "name_district": "Irati", "code_urban_concentration": null, "name_urban_concentration": null, "code_state": 41.0, "name_state": "Paraná", "code_immediate": 410029.0, "name_immediate": "Irati", "code_intermediate": 4106.0, "name_intermediate": "Ponta Grossa", "code_region": 4.0, "name_region": "Sul", "situacao": "Urbana", "code_situacao": 2.0, "code_type": 0.0, "area_km2": 0.94587849527846601 }, "bbox": [ -50.6827498, -25.4710054, -50.6639804, -25.462235 ], "geometry": { "type": "MultiPolygon", "coordinates": [ [ [ [ -50.6687749, -25.466369 ], [ -50.6694899, -25.466189 ], [ -50.6702902, -25.465714 ], [ -50.6748949, -25.462679 ], [ -50.67666, -25.462291 ], [ -50.6782462, -25.462235 ], [ -50.6798814, -25.4625524 ], [ -50.681063, -25.4625613 ], [ -50.6812351, -25.4649822 ], [ -50.6827498, -25.4675784 ], [ -50.6704942, -25.4703402 ], [ -50.6699378, -25.4701512 ], [ -50.6691237, -25.4701897 ], [ -50.6691279, -25.4710054 ], [ -50.6682241, -25.4709858 ], [ -50.6674741, -25.4696661 ], [ -50.6639804, -25.4673349 ], [ -50.6687749, -25.466369 ] ] ] ] } },
{ "type": "Feature", "properties": { "code_tract": 411070605000113.0, "code_muni": 4110706.0, "name_muni": "Irati", "name_neighborhood": "Camacuã", "code_neighborhood": 4110706003.0, "code_subdistrict": 41107060500.0, "name_subdistrict": null, "code_district": 411070605.0, "name_district": "Irati", "code_urban_concentration": null, "name_urban_concentration": null, "code_state": 41.0, "name_state": "Paraná", "code_immediate": 410029.0, "name_immediate": "Irati", "code_intermediate": 4106.0, "name_intermediate": "Ponta Grossa", "code_region": 4.0, "name_region": "Sul", "situacao": "Urbana", "code_situacao": 2.0, "code_type": 0.0, "area_km2": 0.90571759714395905 }, "bbox": [ -50.6827498, -25.4775462, -50.6682241, -25.4675784 ], "geometry": { "type": "MultiPolygon", "coordinates": [ [ [ [ -50.6685457, -25.4710042 ], [ -50.6691279, -25.4710054 ], [ -50.6691237, -25.4701897 ], [ -50.6699378, -25.4701512 ], [ -50.6704942, -25.4703402 ], [ -50.6827498, -25.4675784 ], [ -50.6790928, -25.475219 ], [ -50.6789549, -25.4775462 ], [ -50.6740759, -25.476621 ], [ -50.6732523, -25.4762141 ], [ -50.6706625, -25.4759439 ], [ -50.6682241, -25.4709858 ], [ -50.6685457, -25.4710042 ] ] ] ] } },
{ "type": "Feature", "properties": { "code_tract": 411070605000114.0, "code_muni": 4110706.0, "name_muni": "Irati", "name_neighborhood": "Camacuã", "code_neighborhood": 4110706003.0, "code_subdistrict": 41107060500.0, "name_subdistrict": null, "code_district": 411070605.0, "name_district": "Irati", "code_urban_concentration": null, "name_urban_concentration": null, "code_state": 41.0, "name_state": "Paraná", "code_immediate": 410029.0, "name_immediate": "Irati", "code_intermediate": 4106.0, "name_intermediate": "Ponta Grossa", "code_region": 4.0, "name_region": "Sul", "situacao": "Urbana", "code_situacao": 1.0, "code_type": 0.0, "area_km2": 0.64174914415699402 }, "bbox": [ -50.6789549, -25.4837986, -50.6689377, -25.4759439 ], "geometry": { "type": "MultiPolygon", "coordinates": [ [ [ [ -50.6690297, -25.4774177 ], [ -50.6706625, -25.4759439 ], [ -50.6732523, -25.4762141 ], [ -50.6740759, -25.476621 ], [ -50.6789549, -25.4775462 ], [ -50.6785206, -25.4825724 ], [ -50.67616, -25.4822931 ], [ -50.6713322, -25.4837986 ], [ -50.6696913, -25.4808034 ], [ -50.6689377, -25.4797051 ], [ -50.6690297, -25.4774177 ] ] ] ] } },
{ "type": "Feature", "properties": { "code_tract": 411070605000115.0, "code_muni": 4110706.0, "name_muni": "Irati", "name_neighborhood": "Colina Nossa Senhora das Graças", "code_neighborhood": 4110706006.0, "code_subdistrict": 41107060500.0, "name_subdistrict": null, "code_district": 411070605.0, "name_district": "Irati", "code_urban_concentration": null, "name_urban_concentration": null, "code_state": 41.0, "name_state": "Paraná", "code_immediate": 410029.0, "name_immediate": "Irati", "code_intermediate": 4106.0, "name_intermediate": "Ponta Grossa", "code_region": 4.0, "name_region": "Sul", "situacao": "Urbana", "code_situacao": 1.0, "code_type": 0.0, "area_km2": 0.51255982051273696 }, "bbox": [ -50.6565891, -25.4611312, -50.6450273, -25.4528125 ], "geometry": { "type": "MultiPolygon", "coordinates": [ [ [ [ -50.6520221, -25.4530147 ], [ -50.653265, -25.4528125 ], [ -50.6565778, -25.45905 ], [ -50.6565891, -25.4608519 ], [ -50.6541749, -25.4606683 ], [ -50.6541194, -25.4611312 ], [ -50.653311, -25.460636 ], [ -50.6519473, -25.4593932 ], [ -50.6510267, -25.4598543 ], [ -50.6492783, -25.4596307 ], [ -50.6469608, -25.4589822 ], [ -50.6467696, -25.458953 ], [ -50.646413, -25.4591796 ], [ -50.6457975, -25.4585428 ], [ -50.6450273, -25.4583941 ], [ -50.64525, -25.457654 ], [ -50.64588, -25.457209 ], [ -50.6481952, -25.456999 ], [ -50.6506651, -25.455714 ], [ -50.6510302, -25.455105 ], [ -50.6511461, -25.453796 ], [ -50.6516161, -25.4531195 ], [ -50.6520221, -25.4530147 ] ] ] ] } },
{ "type": "Feature", "properties": { "code_tract": 411070605000116.0, "code_muni": 4110706.0, "name_muni": "Irati", "name_neighborhood": "Centro", "code_neighborhood": 4110706005.0, "code_subdistrict": 41107060500.0, "name_subdistrict": null, "code_district": 411070605.0, "name_district": "Irati", "code_urban_concentration": null, "name_urban_concentration": null, "code_state": 41.0, "name_state": "Paraná", "code_immediate": 410029.0, "name_immediate": "Irati", "code_intermediate": 4106.0, "name_intermediate": "Ponta Grossa", "code_region": 4.0, "name_region": "Sul", "situacao": "Urbana", "code_situacao": 1.0, "code_type": 0.0, "area_km2": 0.232193707376456 }, "bbox": [ -50.6523797, -25.4676397, -50.6452477, -25.4611146 ], "geometry": { "type": "MultiPolygon", "coordinates": [ [ [ [ -50.6453061, -25.4618881 ], [ -50.6455419, -25.4614483 ], [ -50.6464522, -25.4616923 ], [ -50.6488525, -25.4611146 ], [ -50.6502145, -25.4612546 ], [ -50.6500488, -25.4615149 ], [ -50.6499158, -25.4624047 ], [ -50.6504417, -25.4627807 ], [ -50.6496802, -25.46406 ], [ -50.6523797, -25.4659006 ], [ -50.6498052, -25.4676397 ], [ -50.6452477, -25.4619808 ], [ -50.6453061, -25.4618881 ] ] ] ] } },
{ "type": "Feature", "properties": { "code_tract": 411070605000117.0, "code_muni": 4110706.0, "name_muni": "Irati", "name_neighborhood": "Nhapindazal", "code_neighborhood": 4110706014.0, "code_subdistrict": 41107060500.0, "name_subdistrict": null, "code_district": 411070605.0, "name_district": "Irati", "code_urban_concentration": null, "name_urban_concentration": null, "code_state": 41.0, "name_state": "Paraná", "code_immediate": 410029.0, "name_immediate": "Irati", "code_intermediate": 4106.0, "name_intermediate": "Ponta Grossa", "code_region": 4.0, "name_region": "Sul", "situacao": "Urbana", "code_situacao": 1.0, "code_type": 1.0, "area_km2": 0.051109046573842999 }, "bbox": [ -50.6195318, -25.4694399, -50.615886, -25.4676122 ], "geometry": { "type": "MultiPolygon", "coordinates": [ [ [ [ -50.6161242, -25.4681856 ], [ -50.6191235, -25.4676122 ], [ -50.6195318, -25.4688644 ], [ -50.6174511, -25.4694399 ], [ -50.615886, -25.4693711 ], [ -50.6161242, -25.4681856 ] ] ] ] } },
{ "type": "Feature", "properties": { "code_tract": 411070605000118.0, "code_muni": 4110706.0, "name_muni": "Irati", "name_neighborhood": "Nhapindazal", "code_neighborhood": 4110706014.0, "code_subdistrict": 41107060500.0, "name_subdistrict": null, "code_district": 411070605.0, "name_district": "Irati", "code_urban_concentration": null, "name_urban_concentration": null, "code_state": 41.0, "name_state": "Paraná", "code_immediate": 410029.0, "name_immediate": "Irati", "code_intermediate": 4106.0, "name_intermediate": "Ponta Grossa", "code_region": 4.0, "name_region": "Sul", "situacao": "Urbana", "code_situacao": 1.0, "code_type": 1.0, "area_km2": 0.038128686745384999 }, "bbox": [ -50.6194953, -25.4712373, -50.6156029, -25.4688845 ], "geometry": { "type": "MultiPolygon", "coordinates": [ [ [ [ -50.6160901, -25.4693083 ], [ -50.6164918, -25.4694358 ], [ -50.6174511, -25.4694399 ], [ -50.6186521, -25.4690267 ], [ -50.6194953, -25.4688845 ], [ -50.6160318, -25.4712373 ], [ -50.6156029, -25.470884 ], [ -50.615886, -25.4693711 ], [ -50.6160901, -25.4693083 ] ] ] ] } },
{ "type": "Feature", "properties": { "code_tract": 411070605000119.0, "code_muni": 4110706.0, "name_muni": "Irati", "name_neighborhood": "Alto da Lagoa", "code_neighborhood": 4110706002.0, "code_subdistrict": 41107060500.0, "name_subdistrict": null, "code_district": 411070605.0, "name_district": "Irati", "code_urban_concentration": null, "name_urban_concentration": null, "code_state": 41.0, "name_state": "Paraná", "code_immediate": 410029.0, "name_immediate": "Irati", "code_intermediate": 4106.0, "name_intermediate": "Ponta Grossa", "code_region": 4.0, "name_region": "Sul", "situacao": "Urbana", "code_situacao": 1.0, "code_type": 1.0, "area_km2": 0.051602602989540003 }, "bbox": [ -50.6743877, -25.491045, -50.6709585, -25.4882826 ], "geometry": { "type": "MultiPolygon", "coordinates": [ [ [ [ -50.6722967, -25.488926 ], [ -50.673658, -25.4882826 ], [ -50.6743877, -25.4895918 ], [ -50.6729953, -25.491045 ], [ -50.6709585, -25.4893913 ], [ -50.6722967, -25.488926 ] ] ] ] } },
{ "type": "Feature", "properties": { "code_tract": 411070605000120.0, "code_muni": 4110706.0, "name_muni": "Irati", "name_neighborhood": "Alto da Lagoa", "code_neighborhood": 4110706002.0, "code_subdistrict": 41107060500.0, "name_subdistrict": null, "code_district": 411070605.0, "name_district": "Irati", "code_urban_concentration": null, "name_urban_concentration": null, "code_state": 41.0, "name_state": "Paraná", "code_immediate": 410029.0, "name_immediate": "Irati", "code_intermediate": 4106.0, "name_intermediate": "Ponta Grossa", "code_region": 4.0, "name_region": "Sul", "situacao": "Urbana", "code_situacao": 1.0, "code_type": 1.0, "area_km2": 0.091631180526938999 }, "bbox": [ -50.6759418, -25.4895918, -50.6712609, -25.486296 ], "geometry": { "type": "MultiPolygon", "coordinates": [ [ [ [ -50.6712609, -25.4872268 ], [ -50.6726279, -25.486296 ], [ -50.6731279, -25.4873082 ], [ -50.6741365, -25.4863471 ], [ -50.6759418, -25.4880134 ], [ -50.6743877, -25.4895918 ], [ -50.673658, -25.4882826 ], [ -50.671896, -25.4891163 ], [ -50.6712609, -25.4872268 ] ] ] ] } },
{ "type": "Feature", "properties": { "code_tract": 411070610000001.0, "code_muni": 4110706.0, "name_muni": "Irati", "name_neighborhood": null, "code_neighborhood": null, "code_subdistrict": 41107061000.0, "name_subdistrict": null, "code_district": 411070610.0, "name_district": "Gonçalves Júnior", "code_urban_concentration": null, "name_urban_concentration": null, "code_state": 41.0, "name_state": "Paraná", "code_immediate": 410029.0, "name_immediate": "Irati", "code_intermediate": 4106.0, "name_intermediate": "Ponta Grossa", "code_region": 4.0, "name_region": "Sul", "situacao": "Urbana", "code_situacao": 2.0, "code_type": 0.0, "area_km2": 1.0098839993283819 }, "bbox": [ -50.7862638, -25.4750799, -50.7769283, -25.4613026 ], "geometry": { "type": "MultiPolygon", "coordinates": [ [ [ [ -50.7812798, -25.4613026 ], [ -50.7855227, -25.4635037 ], [ -50.7862638, -25.4644224 ], [ -50.784821, -25.475071 ], [ -50.7838897, -25.4750799 ], [ -50.7782339, -25.4722746 ], [ -50.7769283, -25.467715 ], [ -50.779498599999989, -25.4616763 ], [ -50.7812798, -25.4613026 ] ] ] ] } },
{ "type": "Feature", "properties": { "code_tract": 411070610000002.0, "code_muni": 4110706.0, "name_muni": "Irati", "name_neighborhood": null, "code_neighborhood": null, "code_subdistrict": 41107061000.0, "name_subdistrict": null, "code_district": 411070610.0, "name_district": "Gonçalves Júnior", "code_urban_concentration": null, "name_urban_concentration": null, "code_state": 41.0, "name_state": "Paraná", "code_immediate": 410029.0, "name_immediate": "Irati", "code_intermediate": 4106.0, "name_intermediate": "Ponta Grossa", "code_region": 4.0, "name_region": "Sul", "situacao": "Rural", "code_situacao": 8.0, "code_type": 0.0, "area_km2": 41.707615042440587 }, "bbox": [ -50.7839309, -25.4766909, -50.6871539, -25.4145621 ], "geometry": { "type": "MultiPolygon", "coordinates": [ [ [ [ -50.7410175, -25.4145621 ], [ -50.7690755, -25.4155136 ], [ -50.769147, -25.4174567 ], [ -50.7698434, -25.4183737 ], [ -50.7703848, -25.4187265 ], [ -50.7711047, -25.4208886 ], [ -50.7704298, -25.4222968 ], [ -50.7713054, -25.4238012 ], [ -50.7712263, -25.4247166 ], [ -50.7714564, -25.4256334 ], [ -50.7718949, -25.4260803 ], [ -50.7753288, -25.4278943 ], [ -50.7772954, -25.4305535 ], [ -50.778041, -25.4319396 ], [ -50.7782719, -25.4329042 ], [ -50.7764027, -25.4377852 ], [ -50.7759061, -25.4406736 ], [ -50.7754648, -25.4414475 ], [ -50.7745851, -25.4422922 ], [ -50.7744006, -25.4440998 ], [ -50.7770032, -25.4479795 ], [ -50.7773884, -25.4497961 ], [ -50.7761467, -25.4506382 ], [ -50.7751878, -25.4520221 ], [ -50.7759107, -25.452589 ], [ -50.7756735, -25.454583 ], [ -50.7784961, -25.4581276 ], [ -50.7804774, -25.4614734 ], [ -50.779498599999989, -25.4616763 ], [ -50.7769283, -25.467715 ], [ -50.7782339, -25.4722746 ], [ -50.7838897, -25.4750799 ], [ -50.7839309, -25.4766909 ], [ -50.7492088, -25.4725216 ], [ -50.7163812, -25.4681567 ], [ -50.6871539, -25.4513606 ], [ -50.7410175, -25.4145621 ] ] ] ] } },
{ "type": "Feature", "properties": { "code_tract": 411070610000003.0, "code_muni": 4110706.0, "name_muni": "Irati", "name_neighborhood": null, "code_neighborhood": null, "code_subdistrict": 41107061000.0, "name_subdistrict": null, "code_district": 411070610.0, "name_district": "Gonçalves Júnior", "code_urban_concentration": null, "name_urban_concentration": null, "code_state": 41.0, "name_state": "Paraná", "code_immediate": 410029.0, "name_immediate": "Irati", "code_intermediate": 4106.0, "name_intermediate": "Ponta Grossa", "code_region": 4.0, "name_region": "Sul", "situacao": "Rural", "code_situacao": 8.0, "code_type": 0.0, "area_km2": 44.334500246111183 }, "bbox": [ -50.7922938, -25.5717125, -50.7149231, -25.4681567 ], "geometry": { "type": "MultiPolygon", "coordinates": [ [ [ [ -50.7307219, -25.5089608 ], [ -50.7305335, -25.5077609 ], [ -50.731002, -25.5062591 ], [ -50.7310329, -25.5052318 ], [ -50.7308032, -25.5044927 ], [ -50.7302514, -25.5046237 ], [ -50.7300049, -25.5045046 ], [ -50.7303676, -25.5038589 ], [ -50.7302245, -25.5035951 ], [ -50.7290635, -25.5037 ], [ -50.7282951, -25.503526 ], [ -50.728005, -25.5031814 ], [ -50.7281227, -25.5024716 ], [ -50.7279209, -25.501917 ], [ -50.727967299999989, -25.5009018 ], [ -50.7277779, -25.5007308 ], [ -50.7269654, -25.5007559 ], [ -50.7268083, -25.5005306 ], [ -50.7263569, -25.5004114 ], [ -50.7258974, -25.4986446 ], [ -50.7261464, -25.4974986 ], [ -50.7257116, -25.4970227 ], [ -50.7260915, -25.4962583 ], [ -50.7246235, -25.4970083 ], [ -50.7234913, -25.4971896 ], [ -50.7202444, -25.4957067 ], [ -50.7196209, -25.4956937 ], [ -50.718430299999987, -25.4960855 ], [ -50.7180684, -25.4959665 ], [ -50.7178218, -25.4955588 ], [ -50.7176797, -25.4943446 ], [ -50.7170143, -25.4931304 ], [ -50.7160583, -25.4926536 ], [ -50.7157823, -25.4921921 ], [ -50.7156295, -25.4897269 ], [ -50.7152252, -25.4889351 ], [ -50.7154149, -25.4887644 ], [ -50.7153426, -25.4884607 ], [ -50.7149231, -25.4881565 ], [ -50.7150247, -25.4879333 ], [ -50.7157814, -25.4876184 ], [ -50.7160595, -25.4863928 ], [ -50.7178772, -25.4841159 ], [ -50.717983399999987, -25.4824429 ], [ -50.7187418, -25.4812569 ], [ -50.7188136, -25.4808482 ], [ -50.7184085, -25.4801619 ], [ -50.7179155, -25.4798172 ], [ -50.7179317, -25.4795155 ], [ -50.7184569, -25.4788573 ], [ -50.7185023, -25.4775525 ], [ -50.7188087, -25.477223 ], [ -50.7189835, -25.4765371 ], [ -50.7198719, -25.4754712 ], [ -50.719685, -25.4741135 ], [ -50.7208232, -25.4714274 ], [ -50.720780499999989, -25.4709124 ], [ -50.72039, -25.4705322 ], [ -50.7183895, -25.4696561 ], [ -50.7163812, -25.4681567 ], [ -50.7492088, -25.4725216 ], [ -50.7839309, -25.4766909 ], [ -50.7845601, -25.4791007 ], [ -50.7850887, -25.4801692 ], [ -50.784556599999988, -25.4808384 ], [ -50.7815016, -25.4834895 ], [ -50.781176599999988, -25.4841109 ], [ -50.7816792, -25.4852979 ], [ -50.7836125, -25.488308 ], [ -50.783831, -25.48933 ], [ -50.7837744, -25.4921252 ], [ -50.7841207, -25.4938056 ], [ -50.7842647, -25.4963166 ], [ -50.7838449, -25.4961658 ], [ -50.783224, -25.4963524 ], [ -50.7828635, -25.4955068 ], [ -50.7825156, -25.4952358 ], [ -50.7821651, -25.4952471 ], [ -50.7819453, -25.4955408 ], [ -50.782099, -25.4966443 ], [ -50.7808179, -25.497077 ], [ -50.7802095, -25.4969474 ], [ -50.7799867, -25.4972419 ], [ -50.7800631, -25.497735 ], [ -50.7808372, -25.498441 ], [ -50.7810958, -25.4990048 ], [ -50.7815863, -25.4992645 ], [ -50.7825685, -25.4994069 ], [ -50.782774599999989, -25.5001103 ], [ -50.7833698, -25.500512 ], [ -50.7843503, -25.500795 ], [ -50.7856155, -25.5020419 ], [ -50.7851745, -25.5025345 ], [ -50.7852248, -25.5035213 ], [ -50.7847578, -25.5043191 ], [ -50.7849904, -25.5046262 ], [ -50.7861029, -25.5046975 ], [ -50.7861278, -25.504956 ], [ -50.7847543, -25.50587 ], [ -50.7863069, -25.5059663 ], [ -50.7860469, -25.5067632 ], [ -50.7868995, -25.5073996 ], [ -50.7862261, -25.5079151 ], [ -50.7865112, -25.5080809 ], [ -50.7870534, -25.5080107 ], [ -50.7871818, -25.5082697 ], [ -50.7866636, -25.5089734 ], [ -50.786896, -25.5093257 ], [ -50.7864544, -25.5106642 ], [ -50.7886002, -25.510456 ], [ -50.7888846, -25.5107625 ], [ -50.7888315, -25.5117488 ], [ -50.7904351, -25.5117983 ], [ -50.7903826, -25.5123148 ], [ -50.7887006, -25.5124764 ], [ -50.7886741, -25.5126877 ], [ -50.7908714, -25.5134662 ], [ -50.7911032, -25.5139132 ], [ -50.7901973, -25.5144525 ], [ -50.7909204, -25.5148759 ], [ -50.7909976, -25.5154159 ], [ -50.7905308, -25.5163553 ], [ -50.7905557, -25.5168023 ], [ -50.7916938, -25.5168497 ], [ -50.7919265, -25.5169684 ], [ -50.7919514, -25.5174144 ], [ -50.7910176, -25.5187755 ], [ -50.7908079, -25.520185 ], [ -50.7911444, -25.520443 ], [ -50.7917646, -25.5200219 ], [ -50.7922376, -25.5202361 ], [ -50.7917744, -25.5205154 ], [ -50.7914393, -25.5210293 ], [ -50.7914827, -25.5214902 ], [ -50.7921784, -25.5218607 ], [ -50.7922938, -25.5223096 ], [ -50.7912926, -25.5222408 ], [ -50.7905779, -25.5244165 ], [ -50.7885786, -25.5222518 ], [ -50.7878819, -25.5223294 ], [ -50.7873292, -25.5230919 ], [ -50.7873273, -25.5245447 ], [ -50.7870339, -25.5253589 ], [ -50.7844945, -25.5255007 ], [ -50.7831591, -25.5258673 ], [ -50.7828248, -25.5260918 ], [ -50.7825039, -25.5267764 ], [ -50.7818353, -25.5271441 ], [ -50.7814115, -25.5283702 ], [ -50.7801636, -25.5288163 ], [ -50.7797131, -25.5288028 ], [ -50.7794686, -25.5286053 ], [ -50.7797588, -25.5275765 ], [ -50.7795857, -25.5273139 ], [ -50.7777565, -25.5276533 ], [ -50.7773143, -25.5279241 ], [ -50.7763603, -25.5295489 ], [ -50.7760105, -25.5292328 ], [ -50.7758966, -25.5286522 ], [ -50.7752292, -25.5284924 ], [ -50.7749249, -25.5287427 ], [ -50.7749074, -25.5292843 ], [ -50.7753987, -25.5305233 ], [ -50.7747448, -25.5318273 ], [ -50.7747279, -25.5322346 ], [ -50.7756392, -25.534069 ], [ -50.7763044, -25.5348348 ], [ -50.7762629, -25.5350855 ], [ -50.7758985, -25.5352037 ], [ -50.7752747, -25.5350827 ], [ -50.7746234, -25.5347275 ], [ -50.7741158, -25.5341338 ], [ -50.7726085, -25.5330762 ], [ -50.7727116, -25.5323489 ], [ -50.7724932, -25.5321791 ], [ -50.7721307, -25.5322974 ], [ -50.7708361, -25.5334421 ], [ -50.7701377, -25.5345476 ], [ -50.767272, -25.5372728 ], [ -50.7663401, -25.5392487 ], [ -50.7652518, -25.5389695 ], [ -50.7650054, -25.5391408 ], [ -50.7649454, -25.5398528 ], [ -50.765337099999989, -25.5403151 ], [ -50.7665691, -25.5411737 ], [ -50.7679158, -25.5425064 ], [ -50.7686723, -25.5426133 ], [ -50.7703184, -25.5422095 ], [ -50.7708482, -25.5422743 ], [ -50.771036, -25.5424715 ], [ -50.7708612, -25.5434199 ], [ -50.7703808, -25.5442245 ], [ -50.7694494, -25.5449606 ], [ -50.7690297, -25.5447629 ], [ -50.7679439, -25.543719 ], [ -50.7675227, -25.5436529 ], [ -50.7672751, -25.5439027 ], [ -50.7678101, -25.5451824 ], [ -50.7688099, -25.5456454 ], [ -50.7697093, -25.5464389 ], [ -50.7697805, -25.5467146 ], [ -50.7684435, -25.5479512 ], [ -50.768192, -25.5503859 ], [ -50.7677542, -25.5512329 ], [ -50.7678977, -25.5518917 ], [ -50.767245, -25.5527349 ], [ -50.767488, -25.5536582 ], [ -50.7653968, -25.5548403 ], [ -50.765062, -25.5552225 ], [ -50.7650755, -25.5556836 ], [ -50.765740699999988, -25.5564495 ], [ -50.7665793, -25.5579532 ], [ -50.7659948, -25.5604039 ], [ -50.766038099999989, -25.5608657 ], [ -50.7664004, -25.5612759 ], [ -50.7672996, -25.561302 ], [ -50.7681713, -25.5608298 ], [ -50.7689999, -25.5599995 ], [ -50.769218, -25.5601459 ], [ -50.769361, -25.5609363 ], [ -50.7686752, -25.5627148 ], [ -50.7686019, -25.56344 ], [ -50.7688597, -25.564627 ], [ -50.7683083, -25.5651433 ], [ -50.7674079, -25.5652731 ], [ -50.7668843, -25.5658261 ], [ -50.7676354, -25.5676985 ], [ -50.7689405, -25.5684397 ], [ -50.7696064, -25.5692578 ], [ -50.7693874, -25.5694811 ], [ -50.768736, -25.5694938 ], [ -50.7673695, -25.5691454 ], [ -50.7664109, -25.569328 ], [ -50.7668442, -25.5703566 ], [ -50.7666562, -25.57087 ], [ -50.7653154, -25.5717125 ], [ -50.7649837, -25.5712768 ], [ -50.7639685, -25.5707485 ], [ -50.7636937, -25.5704187 ], [ -50.7635081, -25.5689546 ], [ -50.7632627, -25.5684929 ], [ -50.762305, -25.5675691 ], [ -50.7622224, -25.5661984 ], [ -50.7617149, -25.5651555 ], [ -50.7609759, -25.5646144 ], [ -50.7602, -25.564443 ], [ -50.7592987, -25.5636818 ], [ -50.7579217, -25.5633962 ], [ -50.7572126, -25.5626699 ], [ -50.7563132, -25.5628006 ], [ -50.755919899999988, -25.5626557 ], [ -50.7556021, -25.5618903 ], [ -50.7550515, -25.5615985 ], [ -50.7537911, -25.5604236 ], [ -50.7542152, -25.5587241 ], [ -50.7552355, -25.5570649 ], [ -50.7549015, -25.556787 ], [ -50.7558336, -25.5558139 ], [ -50.7557625, -25.5543506 ], [ -50.7555742, -25.5542842 ], [ -50.7548617, -25.5546102 ], [ -50.7544426, -25.5538335 ], [ -50.7539197, -25.5538084 ], [ -50.7533978, -25.5534893 ], [ -50.7531684, -25.5520658 ], [ -50.752588, -25.5519591 ], [ -50.7523261, -25.5524069 ], [ -50.7520226, -25.5523668 ], [ -50.7515004, -25.5516537 ], [ -50.7511668, -25.5515092 ], [ -50.750324, -25.5516123 ], [ -50.7492342, -25.5525999 ], [ -50.7488726, -25.5526117 ], [ -50.7481231, -25.551173 ], [ -50.7486746, -25.5494755 ], [ -50.748299, -25.5482345 ], [ -50.748896, -25.5474334 ], [ -50.748869, -25.5469576 ], [ -50.7483168, -25.5468759 ], [ -50.7479104, -25.546297 ], [ -50.7482365, -25.5449119 ], [ -50.747683, -25.5445813 ], [ -50.7457517, -25.5448559 ], [ -50.7439078, -25.5448393 ], [ -50.7436033, -25.5446152 ], [ -50.7433139, -25.5439829 ], [ -50.7433737, -25.5436118 ], [ -50.7441434, -25.5432313 ], [ -50.7438702, -25.5422161 ], [ -50.7445103, -25.5412943 ], [ -50.7440918, -25.5400947 ], [ -50.7441949, -25.5396335 ], [ -50.7447639, -25.5383557 ], [ -50.7453458, -25.5383298 ], [ -50.7455342, -25.5381329 ], [ -50.7455059, -25.5371575 ], [ -50.7452166, -25.536445 ], [ -50.7453194, -25.536064 ], [ -50.7460896, -25.5354436 ], [ -50.7460471, -25.5352478 ], [ -50.7450876, -25.5352527 ], [ -50.7447713, -25.535059 ], [ -50.7453524, -25.5345859 ], [ -50.7455281, -25.5337178 ], [ -50.7466325, -25.533139 ], [ -50.7466921, -25.5324793 ], [ -50.7461993, -25.5318976 ], [ -50.7463597, -25.5315963 ], [ -50.7467216, -25.5314249 ], [ -50.7475654, -25.5315058 ], [ -50.7479415, -25.5311372 ], [ -50.7472811, -25.5283948 ], [ -50.7465407, -25.5286173 ], [ -50.7463643, -25.52925 ], [ -50.7460359, -25.5295466 ], [ -50.7450574, -25.5297738 ], [ -50.7443892, -25.5301945 ], [ -50.7441577, -25.5298521 ], [ -50.744391, -25.5294308 ], [ -50.7438544, -25.5288093 ], [ -50.7440881, -25.5281526 ], [ -50.7445831, -25.5276252 ], [ -50.7442359, -25.5271775 ], [ -50.7444395, -25.52686 ], [ -50.7439765, -25.5268344 ], [ -50.7430166, -25.5273325 ], [ -50.7410847, -25.5273428 ], [ -50.7410433, -25.5267756 ], [ -50.7405216, -25.5267478 ], [ -50.7403634, -25.5260481 ], [ -50.7409026, -25.5246921 ], [ -50.7414693, -25.5246001 ], [ -50.7413822, -25.5243628 ], [ -50.7418309, -25.5242943 ], [ -50.7415724, -25.5237701 ], [ -50.7416745, -25.5235992 ], [ -50.7422991, -25.5237988 ], [ -50.7429229, -25.52347 ], [ -50.7433002, -25.5235758 ], [ -50.7433745, -25.5232203 ], [ -50.7410663, -25.5232025 ], [ -50.740284, -25.5229109 ], [ -50.7394989, -25.5229097 ], [ -50.7387576, -25.5234217 ], [ -50.738511, -25.5233026 ], [ -50.7373834, -25.5213234 ], [ -50.7371951, -25.5212579 ], [ -50.7371363, -25.5216263 ], [ -50.7365575, -25.5210994 ], [ -50.7367788, -25.5195055 ], [ -50.7364596, -25.5192396 ], [ -50.7370826, -25.5192012 ], [ -50.7370973, -25.5190617 ], [ -50.7363016, -25.5187528 ], [ -50.7365359, -25.5183306 ], [ -50.7365206, -25.5173157 ], [ -50.7366813, -25.5172237 ], [ -50.7373493, -25.5176191 ], [ -50.7374213, -25.5174223 ], [ -50.7365529, -25.5162343 ], [ -50.7366578, -25.5147461 ], [ -50.7376613, -25.5138116 ], [ -50.7377048, -25.5134546 ], [ -50.7372274, -25.5125981 ], [ -50.7372722, -25.5122682 ], [ -50.7378258, -25.5115573 ], [ -50.737768, -25.5107137 ], [ -50.737435299999987, -25.5105413 ], [ -50.7363908, -25.5105668 ], [ -50.7344764, -25.5099029 ], [ -50.7333587, -25.5102838 ], [ -50.7319664, -25.5090418 ], [ -50.7313447, -25.5088169 ], [ -50.7308825, -25.5090537 ], [ -50.7307219, -25.5089608 ] ] ] ] } },
{ "type": "Feature", "properties": { "code_tract": 411070610000004.0, "code_muni": 4110706.0, "name_muni": "Irati", "name_neighborhood": null, "code_neighborhood": null, "code_subdistrict": 41107061000.0, "name_subdistrict": null, "code_district": 411070610.0, "name_district": "Gonçalves Júnior", "code_urban_concentration": null, "name_urban_concentration": null, "code_state": 41.0, "name_state": "Paraná", "code_immediate": 410029.0, "name_immediate": "Irati", "code_intermediate": 4106.0, "name_intermediate": "Ponta Grossa", "code_region": 4.0, "name_region": "Sul", "situacao": "Rural", "code_situacao": 8.0, "code_type": 0.0, "area_km2": 43.73823352152894 }, "bbox": [ -50.9217203, -25.5355029, -50.7799867, -25.4803896 ], "geometry": { "type": "MultiPolygon", "coordinates": [ [ [ [ -50.7847625, -25.496378 ], [ -50.7848405, -25.495615 ], [ -50.7850812, -25.4952451 ], [ -50.7873581, -25.4948134 ], [ -50.7874811, -25.4944906 ], [ -50.7869521, -25.4938793 ], [ -50.7869079, -25.49345 ], [ -50.7870178, -25.4930565 ], [ -50.787374, -25.4927577 ], [ -50.7884352, -25.4925834 ], [ -50.7893197, -25.4933666 ], [ -50.7903276, -25.4934021 ], [ -50.7908468, -25.4929563 ], [ -50.7906277, -25.4921814 ], [ -50.7908996, -25.4916056 ], [ -50.7912427, -25.4913886 ], [ -50.7922524, -25.4911672 ], [ -50.7936226, -25.4911926 ], [ -50.794852, -25.4906783 ], [ -50.7963452, -25.4909436 ], [ -50.796534, -25.4906916 ], [ -50.796522, -25.4898689 ], [ -50.7973447, -25.4887064 ], [ -50.7972162, -25.4883762 ], [ -50.7973979, -25.4879771 ], [ -50.7979927, -25.4879071 ], [ -50.798343, -25.4871906 ], [ -50.7990162, -25.4868626 ], [ -50.7989653, -25.4863457 ], [ -50.798152, -25.4858392 ], [ -50.798295, -25.4849107 ], [ -50.7985936, -25.4846404 ], [ -50.8007026, -25.483927 ], [ -50.8010528, -25.4835162 ], [ -50.8007707, -25.4822232 ], [ -50.8009914, -25.4820008 ], [ -50.8016369, -25.481931 ], [ -50.8020241, -25.4826365 ], [ -50.8027748, -25.4822371 ], [ -50.8034484, -25.4815574 ], [ -50.80372, -25.481593 ], [ -50.8040027, -25.482675 ], [ -50.805179, -25.4832985 ], [ -50.805514099999989, -25.4837928 ], [ -50.8078558, -25.4836435 ], [ -50.8086832, -25.4838797 ], [ -50.8088908, -25.4834802 ], [ -50.808813799999989, -25.4828933 ], [ -50.8100695, -25.4823181 ], [ -50.8101483, -25.4815181 ], [ -50.8103941, -25.4813657 ], [ -50.8113645, -25.4814977 ], [ -50.8115585, -25.4811565 ], [ -50.811503099999989, -25.4803896 ], [ -50.8799536, -25.4884602 ], [ -50.9007823, -25.4912136 ], [ -50.9217203, -25.4937283 ], [ -50.9212271, -25.4947723 ], [ -50.9211504, -25.4954416 ], [ -50.9203608, -25.4954657 ], [ -50.919928, -25.4960906 ], [ -50.9180949, -25.4969675 ], [ -50.919084399999988, -25.5009998 ], [ -50.9171233, -25.5033404 ], [ -50.9159951, -25.5042321 ], [ -50.9155538, -25.505186 ], [ -50.915742, -25.5064634 ], [ -50.9156399, -25.508007 ], [ -50.9164372, -25.5097066 ], [ -50.9164067, -25.5110164 ], [ -50.9161889, -25.5117513 ], [ -50.9152005, -25.5133584 ], [ -50.9143591, -25.5141217 ], [ -50.913559299999989, -25.5159799 ], [ -50.9126585, -25.51743 ], [ -50.91023, -25.519584 ], [ -50.9082391, -25.5226002 ], [ -50.9060608, -25.5234155 ], [ -50.9057567, -25.5232441 ], [ -50.9055111, -25.5223091 ], [ -50.9029143, -25.5222146 ], [ -50.9028986, -25.522438 ], [ -50.9034786, -25.5231771 ], [ -50.9035507, -25.5237432 ], [ -50.9034194, -25.5242039 ], [ -50.9030269, -25.5244536 ], [ -50.9025492, -25.5244156 ], [ -50.9010387, -25.5236757 ], [ -50.900141, -25.5226746 ], [ -50.8995605, -25.5227273 ], [ -50.8994864, -25.5242949 ], [ -50.9007483, -25.5257591 ], [ -50.9005285, -25.5262983 ], [ -50.899601, -25.5268775 ], [ -50.8990359, -25.5266807 ], [ -50.8977153, -25.524979 ], [ -50.8971208, -25.5247274 ], [ -50.8959379, -25.5247511 ], [ -50.8957418, -25.5248714 ], [ -50.895784, -25.5252024 ], [ -50.896959, -25.5267973 ], [ -50.8969297, -25.5275092 ], [ -50.8965657, -25.5278126 ], [ -50.8947509, -25.5283766 ], [ -50.8935144, -25.5318703 ], [ -50.8930208, -25.5324488 ], [ -50.8921786, -25.5329243 ], [ -50.8915093, -25.533793 ], [ -50.8912046, -25.5339128 ], [ -50.8906965, -25.533819 ], [ -50.8899137, -25.5331071 ], [ -50.8892179, -25.532921 ], [ -50.8876189, -25.535029 ], [ -50.8867478, -25.5355029 ], [ -50.8858772, -25.5352652 ], [ -50.884659, -25.53392 ], [ -50.8847754, -25.5334192 ], [ -50.8858355, -25.5325642 ], [ -50.8859232, -25.5317508 ], [ -50.8856788, -25.5305408 ], [ -50.8860547, -25.5294368 ], [ -50.885724, -25.5287931 ], [ -50.8858833, -25.5281733 ], [ -50.8854057, -25.5271315 ], [ -50.8862794, -25.5252074 ], [ -50.8859593, -25.5251556 ], [ -50.8852911, -25.5259449 ], [ -50.8848409, -25.5259579 ], [ -50.8845071, -25.5262087 ], [ -50.884172799999988, -25.5260898 ], [ -50.8839559, -25.5256271 ], [ -50.8845225, -25.5239545 ], [ -50.8852935, -25.5228084 ], [ -50.8851935, -25.5216329 ], [ -50.8855279, -25.5210944 ], [ -50.8854258, -25.5209227 ], [ -50.8843809, -25.5210006 ], [ -50.8816529, -25.5207885 ], [ -50.8779244, -25.5193221 ], [ -50.87746, -25.5189272 ], [ -50.8777216, -25.5186622 ], [ -50.8776202, -25.5184652 ], [ -50.8767344, -25.5188197 ], [ -50.8763153, -25.5186728 ], [ -50.8764184, -25.5182629 ], [ -50.8769823, -25.5177004 ], [ -50.8766349, -25.5173576 ], [ -50.874502, -25.5164184 ], [ -50.8741292, -25.5161733 ], [ -50.8739085, -25.5157456 ], [ -50.8740661, -25.5150365 ], [ -50.8738385, -25.5130702 ], [ -50.8708368, -25.5111034 ], [ -50.8699947, -25.5110755 ], [ -50.8695934, -25.5104744 ], [ -50.8689071, -25.5103497 ], [ -50.8685884, -25.5098226 ], [ -50.8688364, -25.5087818 ], [ -50.8683728, -25.5082804 ], [ -50.8664451, -25.5075268 ], [ -50.865586, -25.5080414 ], [ -50.864804, -25.5081185 ], [ -50.8640762, -25.5085926 ], [ -50.8637731, -25.508579 ], [ -50.8635547, -25.5084074 ], [ -50.8636298, -25.5074315 ], [ -50.8627438, -25.5064566 ], [ -50.8622945, -25.5063631 ], [ -50.8598557, -25.5069404 ], [ -50.8578817, -25.5068603 ], [ -50.8575194, -25.5066352 ], [ -50.8570269, -25.5058707 ], [ -50.8551966, -25.5072654 ], [ -50.8549492, -25.5075956 ], [ -50.854731, -25.5086362 ], [ -50.8543384, -25.5089659 ], [ -50.8537432, -25.50924 ], [ -50.8524516, -25.5092799 ], [ -50.8522919, -25.5094514 ], [ -50.8538137, -25.5111533 ], [ -50.8539022, -25.5119182 ], [ -50.8525346, -25.5123903 ], [ -50.8522883, -25.512219 ], [ -50.8521151, -25.5116129 ], [ -50.8514775, -25.5111113 ], [ -50.8507193, -25.5111871 ], [ -50.8504165, -25.5113871 ], [ -50.8497633, -25.5125869 ], [ -50.8494282, -25.5127303 ], [ -50.8491248, -25.512612 ], [ -50.8487645, -25.5117024 ], [ -50.8477031, -25.5117671 ], [ -50.8470082, -25.5114771 ], [ -50.8467608, -25.5115404 ], [ -50.8467744, -25.5118184 ], [ -50.8470255, -25.5121079 ], [ -50.8471653, -25.512964 ], [ -50.8467287, -25.5134912 ], [ -50.8464249, -25.513427 ], [ -50.8460179, -25.5127409 ], [ -50.8456858, -25.5125426 ], [ -50.842928799999989, -25.5121163 ], [ -50.8423926, -25.511313 ], [ -50.8421174, -25.5112205 ], [ -50.8416836, -25.5115628 ], [ -50.8409565, -25.5115887 ], [ -50.840825, -25.5117851 ], [ -50.8418102, -25.5129192 ], [ -50.8415483, -25.5134997 ], [ -50.8411559, -25.5135129 ], [ -50.8403297, -25.5131813 ], [ -50.8398936, -25.5134181 ], [ -50.8399653, -25.5137227 ], [ -50.8406618, -25.5143293 ], [ -50.8404578, -25.5147505 ], [ -50.8397325, -25.5145924 ], [ -50.8391239, -25.5140103 ], [ -50.8383978, -25.514037 ], [ -50.8370779, -25.5135216 ], [ -50.8368313, -25.5137453 ], [ -50.8368464, -25.5141551 ], [ -50.8370919, -25.5144318 ], [ -50.8381802, -25.5143651 ], [ -50.8385855, -25.514657 ], [ -50.8382802, -25.5154873 ], [ -50.8390343, -25.5155676 ], [ -50.8392376, -25.5159372 ], [ -50.8382066, -25.5163966 ], [ -50.8379588, -25.5166978 ], [ -50.8379147, -25.5170549 ], [ -50.8386528, -25.5182026 ], [ -50.8385808, -25.5184806 ], [ -50.8382754, -25.5187031 ], [ -50.8379998, -25.5186638 ], [ -50.8369425, -25.5170935 ], [ -50.8366671, -25.5171579 ], [ -50.8368544, -25.5181746 ], [ -50.8365314, -25.5184626 ], [ -50.8357508, -25.5185161 ], [ -50.8340797, -25.5201619 ], [ -50.8333406, -25.519962 ], [ -50.8330049, -25.5205031 ], [ -50.8321489, -25.5204377 ], [ -50.8310626, -25.5215983 ], [ -50.8294436, -25.5217825 ], [ -50.8288521, -25.5225552 ], [ -50.828636599999989, -25.5224621 ], [ -50.8287375, -25.5215012 ], [ -50.8279679, -25.5215918 ], [ -50.827664, -25.5214202 ], [ -50.8275619, -25.5210627 ], [ -50.8281889, -25.5186784 ], [ -50.8282193, -25.5178611 ], [ -50.8289329, -25.5165319 ], [ -50.8290787, -25.5158722 ], [ -50.8288769, -25.515371 ], [ -50.8275715, -25.5147629 ], [ -50.8276586, -25.5142877 ], [ -50.8281675, -25.5139317 ], [ -50.8281533, -25.5135247 ], [ -50.8274428, -25.513641 ], [ -50.8270649, -25.5134055 ], [ -50.8260198, -25.5137193 ], [ -50.8253675, -25.5135492 ], [ -50.8248878, -25.5140078 ], [ -50.8242635, -25.5140204 ], [ -50.8244662, -25.514601 ], [ -50.8241761, -25.5150745 ], [ -50.8238117, -25.5151938 ], [ -50.8229416, -25.5150604 ], [ -50.8226079, -25.5148088 ], [ -50.8221613, -25.5137449 ], [ -50.8220746, -25.5129567 ], [ -50.8215621, -25.5124315 ], [ -50.8224168, -25.5117503 ], [ -50.8222065, -25.5111595 ], [ -50.821045, -25.5112489 ], [ -50.8187958, -25.5118666 ], [ -50.8191933, -25.5108688 ], [ -50.8180305, -25.5101375 ], [ -50.816885799999987, -25.5097005 ], [ -50.8152295, -25.5094617 ], [ -50.8147807, -25.5094998 ], [ -50.8140824, -25.5098688 ], [ -50.8143875, -25.5106347 ], [ -50.8137466, -25.5113576 ], [ -50.813297, -25.5112387 ], [ -50.8115019, -25.5097334 ], [ -50.8101511, -25.5094551 ], [ -50.8091341, -25.5097973 ], [ -50.8076685, -25.5110722 ], [ -50.807053, -25.5113961 ], [ -50.8067209, -25.5120598 ], [ -50.8074213, -25.5127802 ], [ -50.8075908, -25.5134052 ], [ -50.8065303, -25.5137339 ], [ -50.8067916, -25.5143149 ], [ -50.8067469, -25.5147251 ], [ -50.8061073, -25.5153551 ], [ -50.8060628, -25.5156057 ], [ -50.8065991, -25.5164362 ], [ -50.8062496, -25.5168579 ], [ -50.8050018, -25.5171202 ], [ -50.8043488, -25.5170528 ], [ -50.8035949, -25.5162879 ], [ -50.8031041, -25.5154701 ], [ -50.8024065, -25.5152844 ], [ -50.8014188, -25.515758 ], [ -50.800518, -25.5167051 ], [ -50.7996163, -25.5171246 ], [ -50.7979186, -25.5174266 ], [ -50.7971337, -25.5179794 ], [ -50.7945629, -25.5191227 ], [ -50.7938216, -25.5202409 ], [ -50.7934291, -25.5203343 ], [ -50.7926755, -25.5201212 ], [ -50.7922376, -25.5202361 ], [ -50.7917646, -25.5200219 ], [ -50.7911444, -25.520443 ], [ -50.7908079, -25.520185 ], [ -50.7910176, -25.5187755 ], [ -50.7919514, -25.5174144 ], [ -50.7919265, -25.5169684 ], [ -50.7916938, -25.5168497 ], [ -50.7905557, -25.5168023 ], [ -50.7905308, -25.5163553 ], [ -50.7909976, -25.5154159 ], [ -50.7909204, -25.5148759 ], [ -50.7901973, -25.5144525 ], [ -50.7911032, -25.5139132 ], [ -50.7908714, -25.5134662 ], [ -50.7886741, -25.5126877 ], [ -50.7887006, -25.5124764 ], [ -50.7903826, -25.5123148 ], [ -50.7904351, -25.5117983 ], [ -50.7888315, -25.5117488 ], [ -50.7888846, -25.5107625 ], [ -50.7886002, -25.510456 ], [ -50.7864544, -25.5106642 ], [ -50.786896, -25.5093257 ], [ -50.7866636, -25.5089734 ], [ -50.7871818, -25.5082697 ], [ -50.7870534, -25.5080107 ], [ -50.7865112, -25.5080809 ], [ -50.7862261, -25.5079151 ], [ -50.7868995, -25.5073996 ], [ -50.7860469, -25.5067632 ], [ -50.7863069, -25.5059663 ], [ -50.7847543, -25.50587 ], [ -50.7861278, -25.504956 ], [ -50.7861029, -25.5046975 ], [ -50.7849904, -25.5046262 ], [ -50.7847578, -25.5043191 ], [ -50.7852248, -25.5035213 ], [ -50.7851745, -25.5025345 ], [ -50.7856155, -25.5020419 ], [ -50.7843503, -25.500795 ], [ -50.7833698, -25.500512 ], [ -50.782774599999989, -25.5001103 ], [ -50.7825685, -25.4994069 ], [ -50.7815863, -25.4992645 ], [ -50.7810958, -25.4990048 ], [ -50.7808372, -25.498441 ], [ -50.7800631, -25.497735 ], [ -50.7799867, -25.4972419 ], [ -50.7802095, -25.4969474 ], [ -50.7808179, -25.497077 ], [ -50.782099, -25.4966443 ], [ -50.7819453, -25.4955408 ], [ -50.7821651, -25.4952471 ], [ -50.7825156, -25.4952358 ], [ -50.7828635, -25.4955068 ], [ -50.783224, -25.4963524 ], [ -50.7838449, -25.4961658 ], [ -50.7847625, -25.496378 ] ] ] ] } },
{ "type": "Feature", "properties": { "code_tract": 411070610000005.0, "code_muni": 4110706.0, "name_muni": "Irati", "name_neighborhood": null, "code_neighborhood": null, "code_subdistrict": 41107061000.0, "name_subdistrict": null, "code_district": 411070610.0, "name_district": "Gonçalves Júnior", "code_urban_concentration": null, "name_urban_concentration": null, "code_state": 41.0, "name_state": "Paraná", "code_immediate": 410029.0, "name_immediate": "Irati", "code_intermediate": 4106.0, "name_intermediate": "Ponta Grossa", "code_region": 4.0, "name_region": "Sul", "situacao": "Rural", "code_situacao": 8.0, "code_type": 0.0, "area_km2": 30.324054300404207 }, "bbox": [ -50.9239784, -25.496378, -50.781176599999988, -25.458875 ], "geometry": { "type": "MultiPolygon", "coordinates": [ [ [ [ -50.8610283, -25.4598088 ], [ -50.8660395, -25.458875 ], [ -50.8713077, -25.45888 ], [ -50.8767815, -25.4600118 ], [ -50.8865675, -25.4624362 ], [ -50.8961461, -25.4652831 ], [ -50.8974367, -25.466269 ], [ -50.8982889, -25.466434 ], [ -50.9020855, -25.4656158 ], [ -50.9050344, -25.465273 ], [ -50.9072994, -25.466706 ], [ -50.9086482, -25.4682567 ], [ -50.9087725, -25.4708233 ], [ -50.9093054, -25.4728583 ], [ -50.9108052, -25.4764432 ], [ -50.9118986, -25.477993 ], [ -50.9141117, -25.4791271 ], [ -50.9158148, -25.4804472 ], [ -50.916959, -25.4817654 ], [ -50.9176951, -25.48313 ], [ -50.9186885, -25.4838471 ], [ -50.9202419, -25.4845651 ], [ -50.9213342, -25.4855421 ], [ -50.9228598, -25.4873923 ], [ -50.9236497, -25.488758 ], [ -50.9239784, -25.490538 ], [ -50.9235958, -25.4923183 ], [ -50.9229074, -25.4932933 ], [ -50.9217203, -25.4937283 ], [ -50.9007823, -25.4912136 ], [ -50.8799536, -25.4884602 ], [ -50.811503099999989, -25.4803896 ], [ -50.8115585, -25.4811565 ], [ -50.8113645, -25.4814977 ], [ -50.8103941, -25.4813657 ], [ -50.8101483, -25.4815181 ], [ -50.8100695, -25.4823181 ], [ -50.808813799999989, -25.4828933 ], [ -50.8088908, -25.4834802 ], [ -50.8086832, -25.4838797 ], [ -50.8078558, -25.4836435 ], [ -50.805514099999989, -25.4837928 ], [ -50.805179, -25.4832985 ], [ -50.8040027, -25.482675 ], [ -50.80372, -25.481593 ], [ -50.8034484, -25.4815574 ], [ -50.8027748, -25.4822371 ], [ -50.8020241, -25.4826365 ], [ -50.8016369, -25.481931 ], [ -50.8009914, -25.4820008 ], [ -50.8007707, -25.4822232 ], [ -50.8010528, -25.4835162 ], [ -50.8007026, -25.483927 ], [ -50.7985936, -25.4846404 ], [ -50.798295, -25.4849107 ], [ -50.798152, -25.4858392 ], [ -50.7989653, -25.4863457 ], [ -50.7990162, -25.4868626 ], [ -50.798343, -25.4871906 ], [ -50.7979927, -25.4879071 ], [ -50.7973979, -25.4879771 ], [ -50.7972162, -25.4883762 ], [ -50.7973447, -25.4887064 ], [ -50.796522, -25.4898689 ], [ -50.796534, -25.4906916 ], [ -50.7963452, -25.4909436 ], [ -50.794852, -25.4906783 ], [ -50.7936226, -25.4911926 ], [ -50.7922524, -25.4911672 ], [ -50.7912427, -25.4913886 ], [ -50.7908996, -25.4916056 ], [ -50.7906277, -25.4921814 ], [ -50.7908468, -25.4929563 ], [ -50.7903276, -25.4934021 ], [ -50.7893197, -25.4933666 ], [ -50.7884352, -25.4925834 ], [ -50.787374, -25.4927577 ], [ -50.7870178, -25.4930565 ], [ -50.7869079, -25.49345 ], [ -50.7869521, -25.4938793 ], [ -50.7874811, -25.4944906 ], [ -50.7873581, -25.4948134 ], [ -50.7850812, -25.4952451 ], [ -50.7848405, -25.495615 ], [ -50.7847625, -25.496378 ], [ -50.7842647, -25.4963166 ], [ -50.7841207, -25.4938056 ], [ -50.7837744, -25.4921252 ], [ -50.783831, -25.48933 ], [ -50.7836125, -25.488308 ], [ -50.7816792, -25.4852979 ], [ -50.781176599999988, -25.4841109 ], [ -50.7815016, -25.4834895 ], [ -50.784556599999988, -25.4808384 ], [ -50.7850887, -25.4801692 ], [ -50.7845601, -25.4791007 ], [ -50.7839309, -25.4766909 ], [ -50.7838897, -25.4750799 ], [ -50.784821, -25.475071 ], [ -50.7849316, -25.4742549 ], [ -50.7863918, -25.4751234 ], [ -50.7877833, -25.4762962 ], [ -50.7884562, -25.4761587 ], [ -50.7963406, -25.4725947 ], [ -50.7980462, -25.4720809 ], [ -50.798485, -25.4721517 ], [ -50.8012956, -25.4747596 ], [ -50.8024571, -25.4754892 ], [ -50.806123799999988, -25.4760109 ], [ -50.8070798, -25.4758946 ], [ -50.8080871, -25.4756847 ], [ -50.8091997, -25.4749108 ], [ -50.8112444, -25.4718403 ], [ -50.8118913, -25.4714891 ], [ -50.8176243, -25.4715431 ], [ -50.8207004, -25.4699738 ], [ -50.822225, -25.4695297 ], [ -50.8235935, -25.4692734 ], [ -50.8266416, -25.4693709 ], [ -50.827649, -25.469114 ], [ -50.8338257, -25.4660475 ], [ -50.8362039, -25.4650635 ], [ -50.844137, -25.4603083 ], [ -50.8448353, -25.4603792 ], [ -50.8479587, -25.4618152 ], [ -50.8489655, -25.462074 ], [ -50.8514716, -25.4612078 ], [ -50.8537724, -25.4607386 ], [ -50.8610283, -25.4598088 ] ] ] ] } },
{ "type": "Feature", "properties": { "code_tract": 411070610000006.0, "code_muni": 4110706.0, "name_muni": "Irati", "name_neighborhood": null, "code_neighborhood": null, "code_subdistrict": 41107061000.0, "name_subdistrict": null, "code_district": 411070610.0, "name_district": "Gonçalves Júnior", "code_urban_concentration": null, "name_urban_concentration": null, "code_state": 41.0, "name_state": "Paraná", "code_immediate": 410029.0, "name_immediate": "Irati", "code_intermediate": 4106.0, "name_intermediate": "Ponta Grossa", "code_region": 4.0, "name_region": "Sul", "situacao": "Rural", "code_situacao": 8.0, "code_type": 0.0, "area_km2": 16.636958525693014 }, "bbox": [ -50.905763, -25.466434, -50.8532451, -25.4097475 ], "geometry": { "type": "MultiPolygon", "coordinates": [ [ [ [ -50.853296, -25.4593639 ], [ -50.8532451, -25.458378 ], [ -50.8548751, -25.4564307 ], [ -50.855522, -25.4561496 ], [ -50.8562853, -25.4550585 ], [ -50.8570349, -25.4548013 ], [ -50.8583417, -25.4530066 ], [ -50.859327, -25.4495322 ], [ -50.8591877, -25.4477354 ], [ -50.859783, -25.4472909 ], [ -50.8611122, -25.4474212 ], [ -50.8616936, -25.4472451 ], [ -50.8629232, -25.4454271 ], [ -50.863650299999989, -25.4417415 ], [ -50.8646084, -25.4399574 ], [ -50.86678, -25.4386211 ], [ -50.8689767, -25.4377778 ], [ -50.869042, -25.4372498 ], [ -50.8685507, -25.4374838 ], [ -50.8682537, -25.437472 ], [ -50.8681634, -25.4372726 ], [ -50.8695982, -25.4362759 ], [ -50.8693937, -25.435266 ], [ -50.8700418, -25.4326609 ], [ -50.8692168, -25.4311102 ], [ -50.8701359, -25.4292909 ], [ -50.8717004, -25.4274258 ], [ -50.873073, -25.4236005 ], [ -50.8729832, -25.4231892 ], [ -50.8726348, -25.422895 ], [ -50.871679099999987, -25.4224012 ], [ -50.8701174, -25.4219658 ], [ -50.8699632, -25.4213538 ], [ -50.8696019, -25.4209087 ], [ -50.8700551, -25.4198397 ], [ -50.8708292, -25.4193944 ], [ -50.871798, -25.4203006 ], [ -50.8721467, -25.4203126 ], [ -50.87309, -25.4196671 ], [ -50.8742669, -25.4192574 ], [ -50.8745504, -25.4187881 ], [ -50.8740228, -25.4173908 ], [ -50.8741268, -25.4164046 ], [ -50.875277, -25.4157129 ], [ -50.8768924, -25.4138714 ], [ -50.8778233, -25.4134727 ], [ -50.8783265, -25.4135086 ], [ -50.8794496, -25.4140609 ], [ -50.8798757, -25.4140023 ], [ -50.8801992, -25.4136394 ], [ -50.8806775, -25.4123599 ], [ -50.8820091, -25.4116919 ], [ -50.8833533, -25.4100267 ], [ -50.8848617, -25.4097475 ], [ -50.8846911, -25.4101569 ], [ -50.8847546, -25.411208 ], [ -50.8850711, -25.4128155 ], [ -50.8857077, -25.4132321 ], [ -50.8859222, -25.4139374 ], [ -50.8858932, -25.4169201 ], [ -50.8861834, -25.419244 ], [ -50.8872746, -25.422668 ], [ -50.8883541, -25.4245757 ], [ -50.8893064, -25.4257457 ], [ -50.8904887, -25.4265192 ], [ -50.891441, -25.4274574 ], [ -50.8921649, -25.4288102 ], [ -50.8925837, -25.4303945 ], [ -50.893435399999987, -25.4314939 ], [ -50.894796299999989, -25.4322459 ], [ -50.8983933, -25.4348686 ], [ -50.9042418, -25.4386182 ], [ -50.9049793, -25.4395672 ], [ -50.9050041, -25.4409313 ], [ -50.903756, -25.4422948 ], [ -50.9028132, -25.4438901 ], [ -50.9034225, -25.4456481 ], [ -50.9035492, -25.446641 ], [ -50.9042367, -25.4464345 ], [ -50.9049741, -25.4459486 ], [ -50.905763, -25.4460175 ], [ -50.9055834, -25.4472439 ], [ -50.9041321, -25.4493949 ], [ -50.9006705, -25.4524902 ], [ -50.8994202, -25.4548609 ], [ -50.8990373, -25.4559495 ], [ -50.898807, -25.4576374 ], [ -50.8995427, -25.4604812 ], [ -50.9050344, -25.465273 ], [ -50.9020855, -25.4656158 ], [ -50.8982889, -25.466434 ], [ -50.8974367, -25.466269 ], [ -50.8961461, -25.4652831 ], [ -50.8865675, -25.4624362 ], [ -50.8767815, -25.4600118 ], [ -50.8713077, -25.45888 ], [ -50.8660395, -25.458875 ], [ -50.8610283, -25.4598088 ], [ -50.8537724, -25.4607386 ], [ -50.853296, -25.4593639 ] ] ] ] } },
{ "type": "Feature", "properties": { "code_tract": 411070610000007.0, "code_muni": 4110706.0, "name_muni": "Irati", "name_neighborhood": null, "code_neighborhood": null, "code_subdistrict": 41107061000.0, "name_subdistrict": null, "code_district": 411070610.0, "name_district": "Gonçalves Júnior", "code_urban_concentration": null, "name_urban_concentration": null, "code_state": 41.0, "name_state": "Paraná", "code_immediate": 410029.0, "name_immediate": "Irati", "code_intermediate": 4106.0, "name_intermediate": "Ponta Grossa", "code_region": 4.0, "name_region": "Sul", "situacao": "Rural", "code_situacao": 8.0, "code_type": 0.0, "area_km2": 45.176512465981908 }, "bbox": [ -50.9062522, -25.4762962, -50.7849316, -25.3778632 ], "geometry": { "type": "MultiPolygon", "coordinates": [ [ [ [ -50.8801326, -25.3796473 ], [ -50.8805025, -25.379951 ], [ -50.8811042, -25.3820253 ], [ -50.881790699999989, -25.3824232 ], [ -50.8810524, -25.3837675 ], [ -50.8811192, -25.3842226 ], [ -50.8815228, -25.3843754 ], [ -50.8820251, -25.3842859 ], [ -50.8823945, -25.384531 ], [ -50.8821916, -25.3850786 ], [ -50.8823927, -25.3859928 ], [ -50.8827277, -25.386146 ], [ -50.8835007, -25.3858115 ], [ -50.8841219, -25.3848056 ], [ -50.885028, -25.3841655 ], [ -50.8846261, -25.3832497 ], [ -50.8849949, -25.3828229 ], [ -50.8856559, -25.3823174 ], [ -50.8864403, -25.3820012 ], [ -50.8870087, -25.3821232 ], [ -50.8874116, -25.3824582 ], [ -50.887581, -25.3822471 ], [ -50.8874294, -25.3818796 ], [ -50.8867576, -25.3816038 ], [ -50.8865921, -25.3808121 ], [ -50.8881026, -25.3793506 ], [ -50.889310099999989, -25.3790451 ], [ -50.8894774, -25.3788006 ], [ -50.8895442, -25.3778632 ], [ -50.8902006, -25.3780394 ], [ -50.8909038, -25.3791067 ], [ -50.8919438, -25.37987 ], [ -50.8924132, -25.3812164 ], [ -50.8928807, -25.3812434 ], [ -50.8932689, -25.3800549 ], [ -50.8935791, -25.3799369 ], [ -50.8938726, -25.379963 ], [ -50.8943096, -25.3806341 ], [ -50.8946106, -25.3807568 ], [ -50.8958527, -25.3804223 ], [ -50.8966216, -25.381215 ], [ -50.8980324, -25.3812772 ], [ -50.8985522, -25.3811249 ], [ -50.8998947, -25.3802413 ], [ -50.9005532, -25.3802218 ], [ -50.900969, -25.3803641 ], [ -50.9013718, -25.3808217 ], [ -50.9012705, -25.3809746 ], [ -50.9005994, -25.3810958 ], [ -50.900431, -25.381462 ], [ -50.9010343, -25.3828654 ], [ -50.9015192, -25.3829874 ], [ -50.9017881, -25.3827739 ], [ -50.9017609, -25.3821267 ], [ -50.9020901, -25.3819208 ], [ -50.9025271, -25.382013 ], [ -50.9030295, -25.3825006 ], [ -50.9047744, -25.3825616 ], [ -50.9050432, -25.3827756 ], [ -50.905244, -25.383477 ], [ -50.9048743, -25.3839048 ], [ -50.9049422, -25.3840866 ], [ -50.9056622, -25.3841495 ], [ -50.905796, -25.3847891 ], [ -50.9050238, -25.3855223 ], [ -50.905125, -25.3857652 ], [ -50.9057289, -25.3859772 ], [ -50.9058636, -25.3861911 ], [ -50.9058612, -25.3883889 ], [ -50.9062522, -25.3884927 ], [ -50.9051194, -25.389139 ], [ -50.9043328, -25.3893461 ], [ -50.9041022, -25.3899716 ], [ -50.9044324, -25.3907812 ], [ -50.9044449, -25.3911855 ], [ -50.9038338, -25.3918789 ], [ -50.9034145, -25.3915201 ], [ -50.9029818, -25.3917284 ], [ -50.9029426, -25.3920179 ], [ -50.9026767, -25.3921909 ], [ -50.9023327, -25.3921539 ], [ -50.9016097, -25.3903395 ], [ -50.9013434, -25.3901427 ], [ -50.90058, -25.3903737 ], [ -50.8985196, -25.3902113 ], [ -50.8980246, -25.3908692 ], [ -50.8977309, -25.3909261 ], [ -50.8973875, -25.3907529 ], [ -50.8967517, -25.3899197 ], [ -50.8956357, -25.3892487 ], [ -50.8948199, -25.3893172 ], [ -50.8945008, -25.3896288 ], [ -50.894309899999989, -25.3914916 ], [ -50.8947944, -25.3915145 ], [ -50.8952896, -25.3905779 ], [ -50.8954808, -25.3906821 ], [ -50.8956066, -25.3915144 ], [ -50.8952758, -25.3925545 ], [ -50.8949306, -25.3929125 ], [ -50.8945375, -25.3929691 ], [ -50.8931903, -25.392322 ], [ -50.8930764, -25.392032 ], [ -50.8933055, -25.3914307 ], [ -50.8931029, -25.3909223 ], [ -50.8901912, -25.3904244 ], [ -50.889885, -25.3910483 ], [ -50.8902401, -25.3915789 ], [ -50.8899605, -25.3921348 ], [ -50.890189, -25.3927592 ], [ -50.8892085, -25.3933942 ], [ -50.8892088, -25.3940417 ], [ -50.8895767, -25.3944237 ], [ -50.8910636, -25.3952443 ], [ -50.8913053, -25.3957427 ], [ -50.891368799999988, -25.3962148 ], [ -50.8908973, -25.3978931 ], [ -50.8909581, -25.3985058 ], [ -50.8913271, -25.3990033 ], [ -50.8930322, -25.3995363 ], [ -50.8928888, -25.4019529 ], [ -50.8937021, -25.4019069 ], [ -50.8941857, -25.4023933 ], [ -50.8951025, -25.4025795 ], [ -50.8954959, -25.4028223 ], [ -50.8958621, -25.4034289 ], [ -50.8960156, -25.4043835 ], [ -50.8956841, -25.4050989 ], [ -50.8950846, -25.4055282 ], [ -50.8948695, -25.4059313 ], [ -50.8951353, -25.4075846 ], [ -50.8945751, -25.4083024 ], [ -50.8944857, -25.4091915 ], [ -50.8934552, -25.4089028 ], [ -50.8912796, -25.4096514 ], [ -50.8911655, -25.4095255 ], [ -50.8913821, -25.4089123 ], [ -50.8910009, -25.4087726 ], [ -50.889741, -25.4098705 ], [ -50.8886215, -25.4099858 ], [ -50.8857728, -25.4094971 ], [ -50.8850999, -25.4095316 ], [ -50.8848617, -25.4097475 ], [ -50.8833533, -25.4100267 ], [ -50.8820091, -25.4116919 ], [ -50.8806775, -25.4123599 ], [ -50.8801992, -25.4136394 ], [ -50.8798757, -25.4140023 ], [ -50.8794496, -25.4140609 ], [ -50.8783265, -25.4135086 ], [ -50.8778233, -25.4134727 ], [ -50.8768924, -25.4138714 ], [ -50.875277, -25.4157129 ], [ -50.8741268, -25.4164046 ], [ -50.8740228, -25.4173908 ], [ -50.8745504, -25.4187881 ], [ -50.8742669, -25.4192574 ], [ -50.87309, -25.4196671 ], [ -50.8721467, -25.4203126 ], [ -50.871798, -25.4203006 ], [ -50.8708292, -25.4193944 ], [ -50.8700551, -25.4198397 ], [ -50.8696019, -25.4209087 ], [ -50.8699632, -25.4213538 ], [ -50.8701174, -25.4219658 ], [ -50.871679099999987, -25.4224012 ], [ -50.8726348, -25.422895 ], [ -50.8729832, -25.4231892 ], [ -50.873073, -25.4236005 ], [ -50.8717004, -25.4274258 ], [ -50.8701359, -25.4292909 ], [ -50.8692168, -25.4311102 ], [ -50.8700418, -25.4326609 ], [ -50.8693937, -25.435266 ], [ -50.8695982, -25.4362759 ], [ -50.8681634, -25.4372726 ], [ -50.8682537, -25.437472 ], [ -50.8685507, -25.4374838 ], [ -50.869042, -25.4372498 ], [ -50.8689767, -25.4377778 ], [ -50.86678, -25.4386211 ], [ -50.8646084, -25.4399574 ], [ -50.863650299999989, -25.4417415 ], [ -50.8629232, -25.4454271 ], [ -50.8616936, -25.4472451 ], [ -50.8611122, -25.4474212 ], [ -50.859783, -25.4472909 ], [ -50.8591877, -25.4477354 ], [ -50.859327, -25.4495322 ], [ -50.8583417, -25.4530066 ], [ -50.8570349, -25.4548013 ], [ -50.8562853, -25.4550585 ], [ -50.855522, -25.4561496 ], [ -50.8548751, -25.4564307 ], [ -50.8532451, -25.458378 ], [ -50.853296, -25.4593639 ], [ -50.8537724, -25.4607386 ], [ -50.8514716, -25.4612078 ], [ -50.8489655, -25.462074 ], [ -50.8479587, -25.4618152 ], [ -50.8448353, -25.4603792 ], [ -50.844137, -25.4603083 ], [ -50.8362039, -25.4650635 ], [ -50.8338257, -25.4660475 ], [ -50.827649, -25.469114 ], [ -50.8266416, -25.4693709 ], [ -50.8235935, -25.4692734 ], [ -50.822225, -25.4695297 ], [ -50.8207004, -25.4699738 ], [ -50.8176243, -25.4715431 ], [ -50.8118913, -25.4714891 ], [ -50.8112444, -25.4718403 ], [ -50.8091997, -25.4749108 ], [ -50.8080871, -25.4756847 ], [ -50.8070798, -25.4758946 ], [ -50.806123799999988, -25.4760109 ], [ -50.8024571, -25.4754892 ], [ -50.8012956, -25.4747596 ], [ -50.798485, -25.4721517 ], [ -50.7980462, -25.4720809 ], [ -50.7963406, -25.4725947 ], [ -50.7884562, -25.4761587 ], [ -50.7877833, -25.4762962 ], [ -50.7863918, -25.4751234 ], [ -50.7849316, -25.4742549 ], [ -50.7862638, -25.4644224 ], [ -50.7855227, -25.4635037 ], [ -50.7862079, -25.4630734 ], [ -50.7882407, -25.4622646 ], [ -50.7909207, -25.4602589 ], [ -50.7916699, -25.4604024 ], [ -50.7923674, -25.4608018 ], [ -50.7928469, -25.4600854 ], [ -50.7931707, -25.4600275 ], [ -50.7939842, -25.4605584 ], [ -50.7946819, -25.4604645 ], [ -50.7954071, -25.4609114 ], [ -50.7958837, -25.4608289 ], [ -50.7963627, -25.4604669 ], [ -50.7970896, -25.4588216 ], [ -50.7968613, -25.4565901 ], [ -50.7962696, -25.4547096 ], [ -50.7962569, -25.4542512 ], [ -50.796905599999988, -25.4532653 ], [ -50.7984856, -25.4521165 ], [ -50.8019771, -25.4507352 ], [ -50.8072823, -25.4480865 ], [ -50.807774, -25.4471647 ], [ -50.811099, -25.4463585 ], [ -50.8122764, -25.44576 ], [ -50.8133509, -25.4448346 ], [ -50.8139344, -25.4437885 ], [ -50.8156058, -25.4416865 ], [ -50.816643, -25.4394553 ], [ -50.8172518, -25.438692 ], [ -50.8194658, -25.4372024 ], [ -50.8198836, -25.4345474 ], [ -50.819394, -25.4327837 ], [ -50.8185949, -25.4316311 ], [ -50.8185706, -25.4306674 ], [ -50.8193988, -25.4296113 ], [ -50.8213412, -25.4278505 ], [ -50.8230516, -25.4253849 ], [ -50.8244519, -25.422073 ], [ -50.8253362, -25.4187599 ], [ -50.8259177, -25.4188428 ], [ -50.8281421, -25.4184931 ], [ -50.834221, -25.4164785 ], [ -50.8352947, -25.4158334 ], [ -50.8364081, -25.4146597 ], [ -50.8380378, -25.4138164 ], [ -50.8398359, -25.4125365 ], [ -50.8417385, -25.4105284 ], [ -50.845089, -25.4086162 ], [ -50.8470046, -25.4069032 ], [ -50.8488669, -25.4058239 ], [ -50.8510259, -25.4058377 ], [ -50.8519177, -25.4055682 ], [ -50.8523964, -25.4052041 ], [ -50.8541447, -25.402233 ], [ -50.8559821, -25.4009186 ], [ -50.8613757, -25.3980197 ], [ -50.8651512, -25.3965202 ], [ -50.8665487, -25.3951818 ], [ -50.8667306, -25.3943362 ], [ -50.8697834, -25.3921762 ], [ -50.8735725, -25.389911 ], [ -50.8751771, -25.3880088 ], [ -50.8780601, -25.387647 ], [ -50.879030299999989, -25.3871418 ], [ -50.8795087, -25.3867082 ], [ -50.8786826, -25.3853208 ], [ -50.8784776, -25.3837454 ], [ -50.8793327, -25.3817263 ], [ -50.8794512, -25.3797465 ], [ -50.8801326, -25.3796473 ] ] ] ] } },
{ "type": "Feature", "properties": { "code_tract": 411070610000008.0, "code_muni": 4110706.0, "name_muni": "Irati", "name_neighborhood": null, "code_neighborhood": null, "code_subdistrict": 41107061000.0, "name_subdistrict": null, "code_district": 411070610.0, "name_district": "Gonçalves Júnior", "code_urban_concentration": null, "name_urban_concentration": null, "code_state": 41.0, "name_state": "Paraná", "code_immediate": 410029.0, "name_immediate": "Irati", "code_intermediate": 4106.0, "name_intermediate": "Ponta Grossa", "code_region": 4.0, "name_region": "Sul", "situacao": "Rural", "code_situacao": 8.0, "code_type": 0.0, "area_km2": 19.516162472354797 }, "bbox": [ -50.8795087, -25.4188428, -50.8109751, -25.3719791 ], "geometry": { "type": "MultiPolygon", "coordinates": [ [ [ [ -50.8200147, -25.388004 ], [ -50.8225234, -25.3872159 ], [ -50.8243293, -25.3854783 ], [ -50.8255716, -25.3849901 ], [ -50.8261131, -25.3842379 ], [ -50.8265709, -25.3845589 ], [ -50.8269644, -25.3845656 ], [ -50.827233, -25.3841394 ], [ -50.8267627, -25.3831923 ], [ -50.8269616, -25.3827718 ], [ -50.8270536, -25.3815356 ], [ -50.8274067, -25.3813349 ], [ -50.8291157, -25.3817017 ], [ -50.8298053, -25.3809086 ], [ -50.8310467, -25.3806061 ], [ -50.8313475, -25.3799353 ], [ -50.8326257, -25.379327 ], [ -50.8328949, -25.3788395 ], [ -50.8327633, -25.3778627 ], [ -50.8329167, -25.3770508 ], [ -50.8325803, -25.3761173 ], [ -50.8328835, -25.3747819 ], [ -50.8337925, -25.373198 ], [ -50.8341634, -25.3721626 ], [ -50.8347653, -25.3724073 ], [ -50.835487099999987, -25.3719791 ], [ -50.8358891, -25.3720725 ], [ -50.8362618, -25.3734459 ], [ -50.837566, -25.3745444 ], [ -50.8376976, -25.3752145 ], [ -50.8383336, -25.374761 ], [ -50.8385873, -25.374789 ], [ -50.8385856, -25.3751236 ], [ -50.8388889, -25.3751562 ], [ -50.8397621, -25.3747899 ], [ -50.8408968, -25.3751082 ], [ -50.8409225, -25.3749627 ], [ -50.8404323, -25.3745472 ], [ -50.8414491, -25.3734021 ], [ -50.8410552, -25.3726875 ], [ -50.8411576, -25.3723822 ], [ -50.8414977, -25.3723362 ], [ -50.8435049, -25.3726597 ], [ -50.8433354, -25.3730249 ], [ -50.8424791, -25.3730851 ], [ -50.8423635, -25.3732088 ], [ -50.8428321, -25.3737257 ], [ -50.8427309, -25.3739102 ], [ -50.8423974, -25.373665 ], [ -50.8419939, -25.3736636 ], [ -50.8418927, -25.373849 ], [ -50.8420353, -25.3740585 ], [ -50.843218099999987, -25.3742453 ], [ -50.8433175, -25.3743981 ], [ -50.843049199999989, -25.3747016 ], [ -50.843366, -25.3750204 ], [ -50.8433245, -25.3751639 ], [ -50.8425451, -25.3749767 ], [ -50.8422971, -25.3752266 ], [ -50.842344, -25.3755243 ], [ -50.8430147, -25.3756487 ], [ -50.8435848, -25.3761966 ], [ -50.8439529, -25.3761062 ], [ -50.8442807, -25.3756948 ], [ -50.8445073, -25.3756203 ], [ -50.8447413, -25.3756803 ], [ -50.8450428, -25.376199 ], [ -50.8457827, -25.3761066 ], [ -50.8462172, -25.3764442 ], [ -50.8465864, -25.376352 ], [ -50.8470226, -25.3757445 ], [ -50.8470915, -25.3750434 ], [ -50.8475616, -25.3747378 ], [ -50.8489785, -25.3747158 ], [ -50.8497439, -25.3740225 ], [ -50.850665, -25.3742243 ], [ -50.8506644, -25.3744371 ], [ -50.8498936, -25.3746479 ], [ -50.8499266, -25.3748317 ], [ -50.8505299, -25.3751377 ], [ -50.8499943, -25.3756322 ], [ -50.8500642, -25.3758898 ], [ -50.8503947, -25.3758689 ], [ -50.8507981, -25.3754131 ], [ -50.8518243, -25.3760843 ], [ -50.8522084, -25.3761421 ], [ -50.8528611, -25.3759631 ], [ -50.8532619, -25.3764514 ], [ -50.8538326, -25.3766341 ], [ -50.8541343, -25.376269 ], [ -50.8539685, -25.3758425 ], [ -50.854103, -25.3755982 ], [ -50.8545385, -25.3756292 ], [ -50.8554252, -25.3765445 ], [ -50.8556275, -25.3773677 ], [ -50.8559615, -25.3778258 ], [ -50.8563307, -25.3780393 ], [ -50.8592181, -25.378191 ], [ -50.860318, -25.3773983 ], [ -50.8607939, -25.3772524 ], [ -50.8622913, -25.377885 ], [ -50.8628886, -25.3777714 ], [ -50.8632617, -25.3771021 ], [ -50.8636298, -25.3770107 ], [ -50.8639643, -25.3772235 ], [ -50.8647359, -25.3772859 ], [ -50.8650382, -25.3770109 ], [ -50.8653739, -25.375944 ], [ -50.8661296, -25.3749698 ], [ -50.8679434, -25.3739334 ], [ -50.8683812, -25.3738733 ], [ -50.868648099999987, -25.3742397 ], [ -50.8684132, -25.3744818 ], [ -50.868513199999988, -25.3747274 ], [ -50.8694918, -25.3752055 ], [ -50.8696228, -25.3754851 ], [ -50.8695251, -25.375649 ], [ -50.8687305, -25.37555 ], [ -50.868738, -25.375763 ], [ -50.8691548, -25.3762111 ], [ -50.868631, -25.3764047 ], [ -50.8685619, -25.3766178 ], [ -50.8687632, -25.3774419 ], [ -50.8691305, -25.3778077 ], [ -50.8694998, -25.3779003 ], [ -50.8705735, -25.377658 ], [ -50.8718487, -25.377658 ], [ -50.8726039, -25.3772024 ], [ -50.8728545, -25.3765449 ], [ -50.8735774, -25.3766829 ], [ -50.874584, -25.3778135 ], [ -50.8758909, -25.3782407 ], [ -50.8763268, -25.3787595 ], [ -50.8770471, -25.3791572 ], [ -50.8786874, -25.3794165 ], [ -50.8794512, -25.3797465 ], [ -50.8793327, -25.3817263 ], [ -50.8784776, -25.3837454 ], [ -50.8786826, -25.3853208 ], [ -50.8795087, -25.3867082 ], [ -50.879030299999989, -25.3871418 ], [ -50.8780601, -25.387647 ], [ -50.8751771, -25.3880088 ], [ -50.8735725, -25.389911 ], [ -50.8697834, -25.3921762 ], [ -50.8667306, -25.3943362 ], [ -50.8665487, -25.3951818 ], [ -50.8651512, -25.3965202 ], [ -50.8613757, -25.3980197 ], [ -50.8559821, -25.4009186 ], [ -50.8541447, -25.402233 ], [ -50.8523964, -25.4052041 ], [ -50.8519177, -25.4055682 ], [ -50.8510259, -25.4058377 ], [ -50.8488669, -25.4058239 ], [ -50.8470046, -25.4069032 ], [ -50.845089, -25.4086162 ], [ -50.8417385, -25.4105284 ], [ -50.8398359, -25.4125365 ], [ -50.8380378, -25.4138164 ], [ -50.8364081, -25.4146597 ], [ -50.8352947, -25.4158334 ], [ -50.834221, -25.4164785 ], [ -50.8281421, -25.4184931 ], [ -50.8259177, -25.4188428 ], [ -50.8232037, -25.4180883 ], [ -50.8209338, -25.4161563 ], [ -50.8200663, -25.4158879 ], [ -50.8192582, -25.4153083 ], [ -50.8188304, -25.4148897 ], [ -50.8181886, -25.4136231 ], [ -50.8180342, -25.4116695 ], [ -50.8139936, -25.4089107 ], [ -50.8138985, -25.4082774 ], [ -50.8140768, -25.4076333 ], [ -50.8147423, -25.4065492 ], [ -50.8162159, -25.4051 ], [ -50.8162991, -25.4043915 ], [ -50.8159782, -25.4037796 ], [ -50.8160733, -25.4025665 ], [ -50.8147066, -25.4010958 ], [ -50.8133043, -25.3993138 ], [ -50.8125556, -25.3986804 ], [ -50.8113435, -25.3945258 ], [ -50.811438599999988, -25.3931516 ], [ -50.8109751, -25.3925719 ], [ -50.8174518, -25.3908541 ], [ -50.8175113, -25.3904676 ], [ -50.8178678, -25.3900274 ], [ -50.8196028, -25.3894477 ], [ -50.818581, -25.3887895 ], [ -50.8200147, -25.388004 ] ] ] ] } },
{ "type": "Feature", "properties": { "code_tract": 411070610000009.0, "code_muni": 4110706.0, "name_muni": "Irati", "name_neighborhood": null, "code_neighborhood": null, "code_subdistrict": 41107061000.0, "name_subdistrict": null, "code_district": 411070610.0, "name_district": "Gonçalves Júnior", "code_urban_concentration": null, "name_urban_concentration": null, "code_state": 41.0, "name_state": "Paraná", "code_immediate": 410029.0, "name_immediate": "Irati", "code_intermediate": 4106.0, "name_intermediate": "Ponta Grossa", "code_region": 4.0, "name_region": "Sul", "situacao": "Rural", "code_situacao": 8.0, "code_type": 0.0, "area_km2": 24.659719063110607 }, "bbox": [ -50.8253362, -25.4635037, -50.7690755, -25.3883374 ], "geometry": { "type": "MultiPolygon", "coordinates": [ [ [ [ -50.7863533, -25.4152994 ], [ -50.7865813, -25.4148363 ], [ -50.7869828, -25.4126709 ], [ -50.7878464, -25.4115986 ], [ -50.788216, -25.41018 ], [ -50.7888735, -25.4093818 ], [ -50.7894602, -25.4090375 ], [ -50.7898637, -25.4085197 ], [ -50.791456599999989, -25.4077608 ], [ -50.7963623, -25.4060893 ], [ -50.7974875, -25.4054185 ], [ -50.7984632, -25.404537 ], [ -50.7989675, -25.4034388 ], [ -50.799711, -25.4003915 ], [ -50.7989588, -25.3986491 ], [ -50.798993, -25.3979185 ], [ -50.7997347, -25.3960291 ], [ -50.8000058, -25.3945353 ], [ -50.8006463, -25.3938052 ], [ -50.8023715, -25.3934098 ], [ -50.8034143, -25.3927696 ], [ -50.8038854, -25.3922839 ], [ -50.804121, -25.3916424 ], [ -50.8047586, -25.3912477 ], [ -50.8052964, -25.3917364 ], [ -50.8057306, -25.3918586 ], [ -50.8071422, -25.391404 ], [ -50.8078966, -25.3914041 ], [ -50.8084647, -25.3916509 ], [ -50.8094375, -25.392535 ], [ -50.8103444, -25.3925971 ], [ -50.8106799, -25.3923518 ], [ -50.8107821, -25.3910726 ], [ -50.8111541, -25.3903105 ], [ -50.8113877, -25.3900062 ], [ -50.8117587, -25.3898835 ], [ -50.8126799, -25.390008 ], [ -50.8129469, -25.3907407 ], [ -50.813951, -25.391078 ], [ -50.8140878, -25.39132 ], [ -50.8144897, -25.3913819 ], [ -50.8146584, -25.3908625 ], [ -50.8148926, -25.3908026 ], [ -50.8154291, -25.3912308 ], [ -50.8156979, -25.3911402 ], [ -50.8161024, -25.3900433 ], [ -50.8168578, -25.3894022 ], [ -50.8173281, -25.3883374 ], [ -50.817632499999988, -25.3883674 ], [ -50.8182356, -25.3887953 ], [ -50.818581, -25.3887895 ], [ -50.8196028, -25.3894477 ], [ -50.8178678, -25.3900274 ], [ -50.8175113, -25.3904676 ], [ -50.8174518, -25.3908541 ], [ -50.8109751, -25.3925719 ], [ -50.811438599999988, -25.3931516 ], [ -50.8113435, -25.3945258 ], [ -50.8125556, -25.3986804 ], [ -50.8133043, -25.3993138 ], [ -50.8147066, -25.4010958 ], [ -50.8160733, -25.4025665 ], [ -50.8159782, -25.4037796 ], [ -50.8162991, -25.4043915 ], [ -50.8162159, -25.4051 ], [ -50.8147423, -25.4065492 ], [ -50.8140768, -25.4076333 ], [ -50.8138985, -25.4082774 ], [ -50.8139936, -25.4089107 ], [ -50.8180342, -25.4116695 ], [ -50.8181886, -25.4136231 ], [ -50.8188304, -25.4148897 ], [ -50.8192582, -25.4153083 ], [ -50.8200663, -25.4158879 ], [ -50.8209338, -25.4161563 ], [ -50.8232037, -25.4180883 ], [ -50.8238573, -25.4183352 ], [ -50.8246416, -25.4184103 ], [ -50.8253362, -25.4187599 ], [ -50.8244519, -25.422073 ], [ -50.8230516, -25.4253849 ], [ -50.8213412, -25.4278505 ], [ -50.8193988, -25.4296113 ], [ -50.8185706, -25.4306674 ], [ -50.8185949, -25.4316311 ], [ -50.819394, -25.4327837 ], [ -50.8198836, -25.4345474 ], [ -50.8194658, -25.4372024 ], [ -50.8172518, -25.438692 ], [ -50.816643, -25.4394553 ], [ -50.8156058, -25.4416865 ], [ -50.8139344, -25.4437885 ], [ -50.8133509, -25.4448346 ], [ -50.8122764, -25.44576 ], [ -50.811099, -25.4463585 ], [ -50.807774, -25.4471647 ], [ -50.8072823, -25.4480865 ], [ -50.8019771, -25.4507352 ], [ -50.7984856, -25.4521165 ], [ -50.796905599999988, -25.4532653 ], [ -50.7962569, -25.4542512 ], [ -50.7962696, -25.4547096 ], [ -50.7968613, -25.4565901 ], [ -50.7970896, -25.4588216 ], [ -50.7963627, -25.4604669 ], [ -50.7958837, -25.4608289 ], [ -50.7954071, -25.4609114 ], [ -50.7946819, -25.4604645 ], [ -50.7939842, -25.4605584 ], [ -50.7931707, -25.4600275 ], [ -50.7928469, -25.4600854 ], [ -50.7923674, -25.4608018 ], [ -50.7916699, -25.4604024 ], [ -50.7909207, -25.4602589 ], [ -50.7882407, -25.4622646 ], [ -50.7862079, -25.4630734 ], [ -50.7855227, -25.4635037 ], [ -50.7812798, -25.4613026 ], [ -50.7804774, -25.4614734 ], [ -50.7784961, -25.4581276 ], [ -50.7756735, -25.454583 ], [ -50.7759107, -25.452589 ], [ -50.7751878, -25.4520221 ], [ -50.7761467, -25.4506382 ], [ -50.7773884, -25.4497961 ], [ -50.7770032, -25.4479795 ], [ -50.7744006, -25.4440998 ], [ -50.7744548, -25.4427375 ], [ -50.7745851, -25.4422922 ], [ -50.7754648, -25.4414475 ], [ -50.7759061, -25.4406736 ], [ -50.7764027, -25.4377852 ], [ -50.7782719, -25.4329042 ], [ -50.778041, -25.4319396 ], [ -50.7772954, -25.4305535 ], [ -50.7753288, -25.4278943 ], [ -50.7718949, -25.4260803 ], [ -50.7714564, -25.4256334 ], [ -50.7712263, -25.4247166 ], [ -50.7713054, -25.4238012 ], [ -50.7704298, -25.4222968 ], [ -50.7711047, -25.4208886 ], [ -50.7703848, -25.4187265 ], [ -50.7698434, -25.4183737 ], [ -50.769147, -25.4174567 ], [ -50.7690755, -25.4155136 ], [ -50.7856388, -25.4160729 ], [ -50.7863533, -25.4152994 ] ] ] ] } },
{ "type": "Feature", "properties": { "code_tract": 411070615000001.0, "code_muni": 4110706.0, "name_muni": "Irati", "name_neighborhood": null, "code_neighborhood": null, "code_subdistrict": 41107061500.0, "name_subdistrict": null, "code_district": 411070615.0, "name_district": "Guamirim", "code_urban_concentration": null, "name_urban_concentration": null, "code_state": 41.0, "name_state": "Paraná", "code_immediate": 410029.0, "name_immediate": "Irati", "code_intermediate": 4106.0, "name_intermediate": "Ponta Grossa", "code_region": 4.0, "name_region": "Sul", "situacao": "Urbana", "code_situacao": 2.0, "code_type": 0.0, "area_km2": 1.9406924165045201 }, "bbox": [ -50.86009, -25.5759207, -50.8353132, -25.5616762 ], "geometry": { "type": "MultiPolygon", "coordinates": [ [ [ [ -50.8374335, -25.5679382 ], [ -50.8378171, -25.5680349 ], [ -50.8386813, -25.5672969 ], [ -50.8408546, -25.5670645 ], [ -50.841644, -25.5664887 ], [ -50.8423559, -25.56683 ], [ -50.8429233, -25.5665725 ], [ -50.8427809, -25.5658606 ], [ -50.8430259, -25.565804 ], [ -50.8434949, -25.5660553 ], [ -50.8443073, -25.566072 ], [ -50.8444668, -25.567348 ], [ -50.8447219, -25.5675021 ], [ -50.8452119, -25.5673388 ], [ -50.8455511, -25.5676445 ], [ -50.8465707, -25.5676047 ], [ -50.8470607, -25.5673179 ], [ -50.8477391, -25.567454 ], [ -50.8478228, -25.5669389 ], [ -50.8483086, -25.5670833 ], [ -50.8485431, -25.5668112 ], [ -50.8485688, -25.5663387 ], [ -50.8483126, -25.5662552 ], [ -50.848251, -25.5659084 ], [ -50.8483982, -25.5655337 ], [ -50.8486887, -25.5653028 ], [ -50.8492939, -25.565918 ], [ -50.849771, -25.5660979 ], [ -50.8499039, -25.565681 ], [ -50.8497858, -25.5653143 ], [ -50.8501333, -25.5639615 ], [ -50.8504882, -25.5638574 ], [ -50.8508357, -25.5640068 ], [ -50.8511203, -25.5643238 ], [ -50.8518134, -25.5634391 ], [ -50.8532546, -25.5627092 ], [ -50.8535457, -25.5624166 ], [ -50.8544157, -25.5625813 ], [ -50.8546209, -25.562297 ], [ -50.8547883, -25.5625604 ], [ -50.8549527, -25.5625794 ], [ -50.8551141, -25.563099 ], [ -50.8553881, -25.5631161 ], [ -50.8556919, -25.5633549 ], [ -50.8576531, -25.5616762 ], [ -50.859263, -25.5626123 ], [ -50.86009, -25.5679721 ], [ -50.8587682, -25.5696196 ], [ -50.840453, -25.5759207 ], [ -50.8353132, -25.5692303 ], [ -50.8374335, -25.5679382 ] ] ] ] } },
{ "type": "Feature", "properties": { "code_tract": 411070615000002.0, "code_muni": 4110706.0, "name_muni": "Irati", "name_neighborhood": null, "code_neighborhood": null, "code_subdistrict": 41107061500.0, "name_subdistrict": null, "code_district": 411070615.0, "name_district": "Guamirim", "code_urban_concentration": null, "name_urban_concentration": null, "code_state": 41.0, "name_state": "Paraná", "code_immediate": 410029.0, "name_immediate": "Irati", "code_intermediate": 4106.0, "name_intermediate": "Ponta Grossa", "code_region": 4.0, "name_region": "Sul", "situacao": "Rural", "code_situacao": 8.0, "code_type": 0.0, "area_km2": 37.489379068773644 }, "bbox": [ -50.8839051, -25.5680349, -50.7773143, -25.5094551 ], "geometry": { "type": "MultiPolygon", "coordinates": [ [ [ [ -50.7926755, -25.5201212 ], [ -50.7934291, -25.5203343 ], [ -50.7938216, -25.5202409 ], [ -50.7945629, -25.5191227 ], [ -50.7971337, -25.5179794 ], [ -50.7979186, -25.5174266 ], [ -50.7996163, -25.5171246 ], [ -50.800518, -25.5167051 ], [ -50.8014188, -25.515758 ], [ -50.8024065, -25.5152844 ], [ -50.8031041, -25.5154701 ], [ -50.8035949, -25.5162879 ], [ -50.8043488, -25.5170528 ], [ -50.8050018, -25.5171202 ], [ -50.8062496, -25.5168579 ], [ -50.8065991, -25.5164362 ], [ -50.8060628, -25.5156057 ], [ -50.8061073, -25.5153551 ], [ -50.8067469, -25.5147251 ], [ -50.8067916, -25.5143149 ], [ -50.8065303, -25.5137339 ], [ -50.8075908, -25.5134052 ], [ -50.8074213, -25.5127802 ], [ -50.8067209, -25.5120598 ], [ -50.807053, -25.5113961 ], [ -50.8076685, -25.5110722 ], [ -50.8091341, -25.5097973 ], [ -50.8101511, -25.5094551 ], [ -50.8115019, -25.5097334 ], [ -50.813297, -25.5112387 ], [ -50.8137466, -25.5113576 ], [ -50.8143875, -25.5106347 ], [ -50.8140824, -25.5098688 ], [ -50.8147807, -25.5094998 ], [ -50.8152295, -25.5094617 ], [ -50.816885799999987, -25.5097005 ], [ -50.8180305, -25.5101375 ], [ -50.8191933, -25.5108688 ], [ -50.8187958, -25.5118666 ], [ -50.821045, -25.5112489 ], [ -50.8222065, -25.5111595 ], [ -50.8224168, -25.5117503 ], [ -50.8215621, -25.5124315 ], [ -50.8220746, -25.5129567 ], [ -50.8221613, -25.5137449 ], [ -50.8226079, -25.5148088 ], [ -50.8229416, -25.5150604 ], [ -50.8238117, -25.5151938 ], [ -50.8241761, -25.5150745 ], [ -50.8244662, -25.514601 ], [ -50.8242635, -25.5140204 ], [ -50.8248878, -25.5140078 ], [ -50.8253675, -25.5135492 ], [ -50.8260198, -25.5137193 ], [ -50.8270649, -25.5134055 ], [ -50.8274428, -25.513641 ], [ -50.8281533, -25.5135247 ], [ -50.8281675, -25.5139317 ], [ -50.8276586, -25.5142877 ], [ -50.8275715, -25.5147629 ], [ -50.8288769, -25.515371 ], [ -50.8290787, -25.5158722 ], [ -50.8289329, -25.5165319 ], [ -50.8282193, -25.5178611 ], [ -50.8281889, -25.5186784 ], [ -50.8275619, -25.5210627 ], [ -50.827664, -25.5214202 ], [ -50.8279679, -25.5215918 ], [ -50.8287375, -25.5215012 ], [ -50.828636599999989, -25.5224621 ], [ -50.8288521, -25.5225552 ], [ -50.8294436, -25.5217825 ], [ -50.8310626, -25.5215983 ], [ -50.8321489, -25.5204377 ], [ -50.8330049, -25.5205031 ], [ -50.8333406, -25.519962 ], [ -50.8340797, -25.5201619 ], [ -50.8357508, -25.5185161 ], [ -50.8365314, -25.5184626 ], [ -50.8373757, -25.5192022 ], [ -50.8378024, -25.5202738 ], [ -50.8401354, -25.5205585 ], [ -50.8422063, -25.5211252 ], [ -50.8432039, -25.5215624 ], [ -50.8454043, -25.5231889 ], [ -50.8478152, -25.5224372 ], [ -50.8496552, -25.5225109 ], [ -50.8503302, -25.5221584 ], [ -50.8509758, -25.5236891 ], [ -50.8521667, -25.5250331 ], [ -50.8541596, -25.526306 ], [ -50.8552214, -25.5274127 ], [ -50.8574106, -25.5286023 ], [ -50.8587701, -25.5298173 ], [ -50.8612176, -25.5306083 ], [ -50.8618014, -25.5303141 ], [ -50.8625547, -25.5292093 ], [ -50.8634882, -25.5284798 ], [ -50.86468, -25.5284575 ], [ -50.8652633, -25.5287992 ], [ -50.8661434, -25.5297414 ], [ -50.8668927, -25.5309668 ], [ -50.8680337, -25.5316738 ], [ -50.8706353, -25.5338523 ], [ -50.8713854, -25.5355484 ], [ -50.8714867, -25.5373596 ], [ -50.8705898, -25.540432 ], [ -50.870289199999988, -25.5425386 ], [ -50.8702747, -25.5439379 ], [ -50.8707645, -25.5462696 ], [ -50.8715675, -25.5473528 ], [ -50.8728107, -25.5478482 ], [ -50.873302, -25.5487434 ], [ -50.874106, -25.5492142 ], [ -50.8767495, -25.5492173 ], [ -50.8781624, -25.5488533 ], [ -50.8798736, -25.5491134 ], [ -50.8806634, -25.5497849 ], [ -50.8823203, -25.551834 ], [ -50.8825142, -25.5523413 ], [ -50.8821641, -25.5527523 ], [ -50.8822285, -25.5531875 ], [ -50.883238, -25.5547186 ], [ -50.8839051, -25.5548645 ], [ -50.8832879, -25.5555981 ], [ -50.8807216, -25.5567952 ], [ -50.8781822, -25.5574518 ], [ -50.8764722, -25.5573333 ], [ -50.8756436, -25.5568151 ], [ -50.8746845, -25.5570246 ], [ -50.8735827, -25.5577884 ], [ -50.8725842, -25.5592119 ], [ -50.8721302, -25.5594827 ], [ -50.870165799999988, -25.5592324 ], [ -50.8658909, -25.5595577 ], [ -50.8631971, -25.5594135 ], [ -50.861318, -25.5598233 ], [ -50.8584558, -25.5609687 ], [ -50.8556919, -25.5633549 ], [ -50.8553881, -25.5631161 ], [ -50.8551141, -25.563099 ], [ -50.8549527, -25.5625794 ], [ -50.8547883, -25.5625604 ], [ -50.8546209, -25.562297 ], [ -50.8544157, -25.5625813 ], [ -50.8535457, -25.5624166 ], [ -50.8532546, -25.5627092 ], [ -50.8518134, -25.5634391 ], [ -50.8511203, -25.5643238 ], [ -50.8508357, -25.5640068 ], [ -50.8504882, -25.5638574 ], [ -50.8501333, -25.5639615 ], [ -50.8497858, -25.5653143 ], [ -50.8499039, -25.565681 ], [ -50.849771, -25.5660979 ], [ -50.8492939, -25.565918 ], [ -50.8486887, -25.5653028 ], [ -50.8483982, -25.5655337 ], [ -50.848251, -25.5659084 ], [ -50.8483126, -25.5662552 ], [ -50.8485688, -25.5663387 ], [ -50.8485431, -25.5668112 ], [ -50.8483086, -25.5670833 ], [ -50.8478228, -25.5669389 ], [ -50.8477391, -25.567454 ], [ -50.8470607, -25.5673179 ], [ -50.8465707, -25.5676047 ], [ -50.8455511, -25.5676445 ], [ -50.8452119, -25.5673388 ], [ -50.8447219, -25.5675021 ], [ -50.8444668, -25.567348 ], [ -50.8443073, -25.566072 ], [ -50.8434949, -25.5660553 ], [ -50.8430259, -25.565804 ], [ -50.8427809, -25.5658606 ], [ -50.8429233, -25.5665725 ], [ -50.8423559, -25.56683 ], [ -50.841644, -25.5664887 ], [ -50.8408546, -25.5670645 ], [ -50.8386813, -25.5672969 ], [ -50.8378171, -25.5680349 ], [ -50.8374335, -25.5679382 ], [ -50.837167, -25.5680117 ], [ -50.8363569, -25.5673845 ], [ -50.835347, -25.5668499 ], [ -50.8343226, -25.5669531 ], [ -50.8285662, -25.5665581 ], [ -50.8263542, -25.5661441 ], [ -50.8234586, -25.5642849 ], [ -50.817849, -25.5611305 ], [ -50.8162343, -25.5594009 ], [ -50.8153034, -25.5588829 ], [ -50.8153057, -25.5575907 ], [ -50.815060599999988, -25.557038 ], [ -50.807387, -25.5505449 ], [ -50.8058618, -25.5499562 ], [ -50.7973274, -25.5482063 ], [ -50.7961388, -25.5476879 ], [ -50.7939044, -25.5454405 ], [ -50.792784499999989, -25.5426088 ], [ -50.7902044, -25.5386584 ], [ -50.789442199999989, -25.5378707 ], [ -50.7871557, -25.5365401 ], [ -50.7864711, -25.5359389 ], [ -50.7794091, -25.5288935 ], [ -50.7780657, -25.5279992 ], [ -50.7773143, -25.5279241 ], [ -50.7777565, -25.5276533 ], [ -50.7795857, -25.5273139 ], [ -50.7797588, -25.5275765 ], [ -50.7794686, -25.5286053 ], [ -50.7797131, -25.5288028 ], [ -50.7801636, -25.5288163 ], [ -50.7814115, -25.5283702 ], [ -50.7818353, -25.5271441 ], [ -50.7825039, -25.5267764 ], [ -50.7828248, -25.5260918 ], [ -50.7831591, -25.5258673 ], [ -50.7844945, -25.5255007 ], [ -50.7870339, -25.5253589 ], [ -50.7873273, -25.5245447 ], [ -50.7873292, -25.5230919 ], [ -50.7878819, -25.5223294 ], [ -50.7885786, -25.5222518 ], [ -50.7905779, -25.5244165 ], [ -50.7912926, -25.5222408 ], [ -50.7922938, -25.5223096 ], [ -50.7921784, -25.5218607 ], [ -50.7914827, -25.5214902 ], [ -50.7914393, -25.5210293 ], [ -50.7917744, -25.5205154 ], [ -50.7926755, -25.5201212 ] ] ] ] } },
{ "type": "Feature", "properties": { "code_tract": 411070615000003.0, "code_muni": 4110706.0, "name_muni": "Irati", "name_neighborhood": null, "code_neighborhood": null, "code_subdistrict": 41107061500.0, "name_subdistrict": null, "code_district": 411070615.0, "name_district": "Guamirim", "code_urban_concentration": null, "name_urban_concentration": null, "code_state": 41.0, "name_state": "Paraná", "code_immediate": 410029.0, "name_immediate": "Irati", "code_intermediate": 4106.0, "name_intermediate": "Ponta Grossa", "code_region": 4.0, "name_region": "Sul", "situacao": "Rural", "code_situacao": 8.0, "code_type": 0.0, "area_km2": 53.955024288573028 }, "bbox": [ -50.8788294, -25.6215378, -50.764712, -25.5279241 ], "geometry": { "type": "MultiPolygon", "coordinates": [ [ [ [ -50.7666562, -25.57087 ], [ -50.7668442, -25.5703566 ], [ -50.7664109, -25.569328 ], [ -50.7673695, -25.5691454 ], [ -50.768736, -25.5694938 ], [ -50.7693874, -25.5694811 ], [ -50.7696064, -25.5692578 ], [ -50.7689405, -25.5684397 ], [ -50.7676354, -25.5676985 ], [ -50.7668843, -25.5658261 ], [ -50.7674079, -25.5652731 ], [ -50.7683083, -25.5651433 ], [ -50.7688597, -25.564627 ], [ -50.7686019, -25.56344 ], [ -50.7686752, -25.5627148 ], [ -50.769361, -25.5609363 ], [ -50.769218, -25.5601459 ], [ -50.7689999, -25.5599995 ], [ -50.7681713, -25.5608298 ], [ -50.7672996, -25.561302 ], [ -50.7664004, -25.5612759 ], [ -50.766038099999989, -25.5608657 ], [ -50.7659948, -25.5604039 ], [ -50.7665793, -25.5579532 ], [ -50.765740699999988, -25.5564495 ], [ -50.7650755, -25.5556836 ], [ -50.765062, -25.5552225 ], [ -50.7653968, -25.5548403 ], [ -50.767488, -25.5536582 ], [ -50.767245, -25.5527349 ], [ -50.7678977, -25.5518917 ], [ -50.7677542, -25.5512329 ], [ -50.768192, -25.5503859 ], [ -50.7684435, -25.5479512 ], [ -50.7697805, -25.5467146 ], [ -50.7697093, -25.5464389 ], [ -50.7688099, -25.5456454 ], [ -50.7678101, -25.5451824 ], [ -50.7672751, -25.5439027 ], [ -50.7675227, -25.5436529 ], [ -50.7679439, -25.543719 ], [ -50.7690297, -25.5447629 ], [ -50.7694494, -25.5449606 ], [ -50.7703808, -25.5442245 ], [ -50.7708612, -25.5434199 ], [ -50.771036, -25.5424715 ], [ -50.7708482, -25.5422743 ], [ -50.7703184, -25.5422095 ], [ -50.7686723, -25.5426133 ], [ -50.7679158, -25.5425064 ], [ -50.7665691, -25.5411737 ], [ -50.765337099999989, -25.5403151 ], [ -50.7649454, -25.5398528 ], [ -50.7650054, -25.5391408 ], [ -50.7652518, -25.5389695 ], [ -50.7663401, -25.5392487 ], [ -50.767272, -25.5372728 ], [ -50.7701377, -25.5345476 ], [ -50.7708361, -25.5334421 ], [ -50.7721307, -25.5322974 ], [ -50.7724932, -25.5321791 ], [ -50.7727116, -25.5323489 ], [ -50.7726085, -25.5330762 ], [ -50.7741158, -25.5341338 ], [ -50.7746234, -25.5347275 ], [ -50.7752747, -25.5350827 ], [ -50.7758985, -25.5352037 ], [ -50.7762629, -25.5350855 ], [ -50.7763044, -25.5348348 ], [ -50.7756392, -25.534069 ], [ -50.7747279, -25.5322346 ], [ -50.7747448, -25.5318273 ], [ -50.7753987, -25.5305233 ], [ -50.7749074, -25.5292843 ], [ -50.7749249, -25.5287427 ], [ -50.7752292, -25.5284924 ], [ -50.7758966, -25.5286522 ], [ -50.7760105, -25.5292328 ], [ -50.7763603, -25.5295489 ], [ -50.7773143, -25.5279241 ], [ -50.7780657, -25.5279992 ], [ -50.7794091, -25.5288935 ], [ -50.7871557, -25.5365401 ], [ -50.789442199999989, -25.5378707 ], [ -50.7902044, -25.5386584 ], [ -50.792784499999989, -25.5426088 ], [ -50.7939044, -25.5454405 ], [ -50.7961388, -25.5476879 ], [ -50.7973274, -25.5482063 ], [ -50.8058618, -25.5499562 ], [ -50.807387, -25.5505449 ], [ -50.815060599999988, -25.557038 ], [ -50.8153057, -25.5575907 ], [ -50.8153034, -25.5588829 ], [ -50.8162343, -25.5594009 ], [ -50.817849, -25.5611305 ], [ -50.8234586, -25.5642849 ], [ -50.8263542, -25.5661441 ], [ -50.8285662, -25.5665581 ], [ -50.8343226, -25.5669531 ], [ -50.835347, -25.5668499 ], [ -50.8363569, -25.5673845 ], [ -50.837167, -25.5680117 ], [ -50.8353132, -25.5692303 ], [ -50.840453, -25.5759207 ], [ -50.8587682, -25.5696196 ], [ -50.8592875, -25.5697311 ], [ -50.8598221, -25.5708301 ], [ -50.8602309, -25.5749677 ], [ -50.8608502, -25.5769894 ], [ -50.8608089, -25.5792557 ], [ -50.861777, -25.5819476 ], [ -50.8622809, -25.5827836 ], [ -50.862966, -25.5831238 ], [ -50.8651011, -25.5829495 ], [ -50.8675986, -25.5838091 ], [ -50.868296, -25.5846321 ], [ -50.8692903, -25.5869007 ], [ -50.8700793, -25.5876886 ], [ -50.8733, -25.5895349 ], [ -50.873726, -25.5901122 ], [ -50.875122, -25.590913 ], [ -50.8778904, -25.5933114 ], [ -50.8788294, -25.6003252 ], [ -50.8784651, -25.6020417 ], [ -50.8765106, -25.602726 ], [ -50.8772278, -25.600227 ], [ -50.8765862, -25.5990499 ], [ -50.8747745, -25.5979958 ], [ -50.8745237, -25.5975693 ], [ -50.8732416, -25.5968304 ], [ -50.8728038, -25.5973125 ], [ -50.8721431, -25.5987882 ], [ -50.8715964, -25.5989434 ], [ -50.8715394, -25.5983776 ], [ -50.871725, -25.5977521 ], [ -50.8702845, -25.5972397 ], [ -50.8699078, -25.5968701 ], [ -50.8690627, -25.5968601 ], [ -50.8684696, -25.5961584 ], [ -50.8684693, -25.5959032 ], [ -50.8689542, -25.5954058 ], [ -50.8687358, -25.5951514 ], [ -50.8683296, -25.595149 ], [ -50.8675145, -25.5958602 ], [ -50.8672327, -25.5965116 ], [ -50.8669484, -25.5986699 ], [ -50.8662903, -25.5992375 ], [ -50.8652096, -25.5994786 ], [ -50.8649586, -25.6001298 ], [ -50.8644889, -25.6005012 ], [ -50.8648323, -25.6009252 ], [ -50.8640805, -25.601038 ], [ -50.8626109, -25.6000434 ], [ -50.8620478, -25.6001008 ], [ -50.8613254, -25.6018321 ], [ -50.8611519, -25.6028691 ], [ -50.860994899999987, -25.60301 ], [ -50.8605577, -25.6026697 ], [ -50.8603381, -25.6027263 ], [ -50.8605566, -25.6033226 ], [ -50.860399, -25.6036348 ], [ -50.8597719, -25.6036646 ], [ -50.8592094, -25.6040025 ], [ -50.8590536, -25.6039441 ], [ -50.8588658, -25.6034342 ], [ -50.8596182, -25.6029534 ], [ -50.8596935, -25.6025113 ], [ -50.8586633, -25.6020014 ], [ -50.8578806, -25.6018854 ], [ -50.8574753, -25.6014303 ], [ -50.8566304, -25.6012588 ], [ -50.8564111, -25.6011161 ], [ -50.8563811, -25.6005491 ], [ -50.8558472, -25.6005196 ], [ -50.8554419, -25.6001772 ], [ -50.850887, -25.6006439 ], [ -50.8505117, -25.6005285 ], [ -50.8498855, -25.5998765 ], [ -50.8494168, -25.5999043 ], [ -50.8496035, -25.600187 ], [ -50.849446, -25.6003856 ], [ -50.8491036, -25.5999598 ], [ -50.8485553, -25.5999453 ], [ -50.848898399999989, -25.6007977 ], [ -50.8486172, -25.6009666 ], [ -50.8483966, -25.6006823 ], [ -50.8481772, -25.5996323 ], [ -50.8476164, -25.5994895 ], [ -50.8486829, -25.5975898 ], [ -50.848042, -25.5970051 ], [ -50.847292, -25.5967482 ], [ -50.847011, -25.5968323 ], [ -50.846947, -25.5970312 ], [ -50.8475422, -25.5973452 ], [ -50.8475397, -25.5978574 ], [ -50.8468534, -25.5975991 ], [ -50.8464126, -25.598082 ], [ -50.8462903, -25.5974292 ], [ -50.8454432, -25.5974569 ], [ -50.8456152, -25.5980369 ], [ -50.8454895, -25.5986916 ], [ -50.8450126, -25.5984991 ], [ -50.8444245, -25.5985207 ], [ -50.8432356, -25.5992021 ], [ -50.842796, -25.599713 ], [ -50.842795, -25.6004344 ], [ -50.8423871, -25.6008756 ], [ -50.8420272, -25.6005477 ], [ -50.8422149, -25.5995823 ], [ -50.8420606, -25.5992417 ], [ -50.8415291, -25.5989281 ], [ -50.8409337, -25.5989288 ], [ -50.840745899999988, -25.5992142 ], [ -50.8411202, -25.5997508 ], [ -50.8409324, -25.6000353 ], [ -50.8412142, -25.6006041 ], [ -50.8411191, -25.600887 ], [ -50.8407427, -25.6011161 ], [ -50.8404933, -25.6010584 ], [ -50.8405078, -25.6006186 ], [ -50.840414, -25.6004759 ], [ -50.840232, -25.6005432 ], [ -50.8401031, -25.6009003 ], [ -50.8393807, -25.6014113 ], [ -50.8392236, -25.6021213 ], [ -50.8389067, -25.6022813 ], [ -50.838786, -25.6019495 ], [ -50.8385659, -25.6019493 ], [ -50.8379684, -25.6033134 ], [ -50.8377194, -25.603428 ], [ -50.8375649, -25.6030558 ], [ -50.8382382, -25.6016509 ], [ -50.8375165, -25.6017922 ], [ -50.8370793, -25.6021345 ], [ -50.8352004, -25.6022445 ], [ -50.8344797, -25.6026131 ], [ -50.8322397, -25.6043294 ], [ -50.8312929, -25.6046228 ], [ -50.8315833, -25.6036181 ], [ -50.8304906, -25.6029912 ], [ -50.8304259, -25.6025371 ], [ -50.8301757, -25.6022818 ], [ -50.8297378, -25.6021975 ], [ -50.8287034, -25.6026774 ], [ -50.8286565, -25.6030615 ], [ -50.8288133, -25.6032317 ], [ -50.8297194, -25.6033469 ], [ -50.8299705, -25.6037158 ], [ -50.8300024, -25.6040564 ], [ -50.8294063, -25.6046811 ], [ -50.8293737, -25.6051638 ], [ -50.8298123, -25.605222 ], [ -50.8304988, -25.6065282 ], [ -50.8311098, -25.6060896 ], [ -50.831265599999988, -25.6063753 ], [ -50.8293507, -25.609693 ], [ -50.8292581, -25.6088983 ], [ -50.8289302, -25.6086856 ], [ -50.8292401, -25.6113554 ], [ -50.829803, -25.6110438 ], [ -50.8299297, -25.6115254 ], [ -50.830616, -25.6116701 ], [ -50.8306152, -25.6120408 ], [ -50.8301137, -25.6131175 ], [ -50.8305064, -25.6137843 ], [ -50.8303796, -25.6142099 ], [ -50.8300336, -25.6142664 ], [ -50.8286267, -25.6136128 ], [ -50.8275317, -25.6125042 ], [ -50.8267184, -25.6123035 ], [ -50.826686, -25.6129268 ], [ -50.827045, -25.6136245 ], [ -50.828983699999988, -25.6153304 ], [ -50.8289821, -25.6158434 ], [ -50.8281675, -25.6159547 ], [ -50.8260102, -25.6156969 ], [ -50.8255865, -25.6154533 ], [ -50.8252745, -25.6155385 ], [ -50.8250529, -25.6165356 ], [ -50.825331, -25.6186347 ], [ -50.8252036, -25.6196861 ], [ -50.8246714, -25.6205656 ], [ -50.8243738, -25.6204094 ], [ -50.8247207, -25.6185908 ], [ -50.8245043, -25.6170576 ], [ -50.8241307, -25.6164606 ], [ -50.8228458, -25.6162054 ], [ -50.8217051, -25.6155061 ], [ -50.8212034, -25.615534 ], [ -50.8206707, -25.6157912 ], [ -50.8195737, -25.6166412 ], [ -50.8190719, -25.617349 ], [ -50.8182549, -25.6191664 ], [ -50.8183016, -25.6202595 ], [ -50.8188308, -25.6209978 ], [ -50.8184549, -25.6214243 ], [ -50.8178285, -25.6215378 ], [ -50.816984, -25.6214221 ], [ -50.8161064, -25.6210522 ], [ -50.8151692, -25.620341 ], [ -50.8143872, -25.6192608 ], [ -50.8131879, -25.6168305 ], [ -50.8132188, -25.616603 ], [ -50.8137185, -25.6166878 ], [ -50.8138445, -25.616292 ], [ -50.8135944, -25.6160349 ], [ -50.8128106, -25.6159223 ], [ -50.8114028, -25.6159475 ], [ -50.8100244, -25.6162872 ], [ -50.8058447, -25.6168083 ], [ -50.8045596, -25.6172339 ], [ -50.8010663, -25.619201 ], [ -50.7994391, -25.6188579 ], [ -50.7991245, -25.6192262 ], [ -50.7988732, -25.6201351 ], [ -50.7982448, -25.6208446 ], [ -50.7974004, -25.6205014 ], [ -50.7971511, -25.6201046 ], [ -50.7971964, -25.6190397 ], [ -50.7961367, -25.6179578 ], [ -50.7958245, -25.6173044 ], [ -50.7958576, -25.6168506 ], [ -50.7969861, -25.6158013 ], [ -50.7969868, -25.6151764 ], [ -50.796159, -25.6148489 ], [ -50.7961583, -25.6146496 ], [ -50.7964526, -25.6144072 ], [ -50.7979435, -25.6143686 ], [ -50.7980071, -25.6134023 ], [ -50.8010774, -25.6124685 ], [ -50.8014068, -25.6127399 ], [ -50.8015282, -25.6136777 ], [ -50.8017768, -25.6139889 ], [ -50.8027489, -25.61436 ], [ -50.8033469, -25.6119473 ], [ -50.8037237, -25.6115208 ], [ -50.8039917, -25.6107692 ], [ -50.8046175, -25.6109416 ], [ -50.8049306, -25.6102892 ], [ -50.8043386, -25.60881 ], [ -50.8044651, -25.6080994 ], [ -50.803901, -25.6080429 ], [ -50.8037149, -25.6078143 ], [ -50.8037145, -25.6071902 ], [ -50.8034654, -25.6069368 ], [ -50.8025412, -25.6069752 ], [ -50.8019782, -25.6064661 ], [ -50.8003497, -25.6062907 ], [ -50.7999139, -25.6060918 ], [ -50.7998826, -25.6056943 ], [ -50.7995382, -25.6054676 ], [ -50.799193699999989, -25.6054646 ], [ -50.7987868, -25.6057497 ], [ -50.7984124, -25.6050381 ], [ -50.7948631, -25.6036276 ], [ -50.7948311, -25.6033726 ], [ -50.7958959, -25.6030614 ], [ -50.7957398, -25.6024934 ], [ -50.7947237, -25.60262 ], [ -50.7947235, -25.601995 ], [ -50.7955999, -25.6015417 ], [ -50.7954767, -25.6008599 ], [ -50.7952278, -25.6007454 ], [ -50.7945693, -25.6008311 ], [ -50.7948488, -25.6003196 ], [ -50.7948525, -25.5999211 ], [ -50.7946333, -25.5996647 ], [ -50.7927564, -25.5995487 ], [ -50.7919885, -25.599705 ], [ -50.7907518, -25.6005608 ], [ -50.788761, -25.6014613 ], [ -50.7883849, -25.6013755 ], [ -50.7875762, -25.5999311 ], [ -50.7876385, -25.5996105 ], [ -50.7889687, -25.5987217 ], [ -50.7888762, -25.5984933 ], [ -50.7880903, -25.5984653 ], [ -50.7864016, -25.5990567 ], [ -50.7852436, -25.5990548 ], [ -50.7852275, -25.599582 ], [ -50.7850388, -25.5996373 ], [ -50.783883, -25.5985848 ], [ -50.7831302, -25.5986963 ], [ -50.7828514, -25.5977316 ], [ -50.7826013, -25.5974754 ], [ -50.7818517, -25.5972479 ], [ -50.7823233, -25.5948055 ], [ -50.7830928, -25.5938836 ], [ -50.782968399999987, -25.5932857 ], [ -50.7832197, -25.5929747 ], [ -50.7842531, -25.5927206 ], [ -50.7848812, -25.5920968 ], [ -50.7846267, -25.5916701 ], [ -50.7830656, -25.591441 ], [ -50.782391499999989, -25.5906597 ], [ -50.7812976, -25.5906852 ], [ -50.7787318, -25.5912772 ], [ -50.771543, -25.5933823 ], [ -50.770480199999987, -25.5928404 ], [ -50.7702594, -25.5928689 ], [ -50.7701329, -25.593721 ], [ -50.7698516, -25.5941467 ], [ -50.7695073, -25.5941752 ], [ -50.7690857, -25.5937862 ], [ -50.7691197, -25.5920024 ], [ -50.769777, -25.5916616 ], [ -50.7702182, -25.5906974 ], [ -50.7710327, -25.5899903 ], [ -50.7700523, -25.5871615 ], [ -50.7688373, -25.585654 ], [ -50.7689633, -25.5830407 ], [ -50.7662216, -25.5823283 ], [ -50.7665539, -25.5819307 ], [ -50.76668, -25.5809082 ], [ -50.766523, -25.580709 ], [ -50.7653073, -25.5805659 ], [ -50.764993, -25.5801098 ], [ -50.764712, -25.5784904 ], [ -50.765028, -25.5780663 ], [ -50.7663271, -25.5772572 ], [ -50.766704399999988, -25.5767768 ], [ -50.7666731, -25.5763505 ], [ -50.7654238, -25.5753841 ], [ -50.7649851, -25.5748145 ], [ -50.7653345, -25.5728554 ], [ -50.7653154, -25.5717125 ], [ -50.7666562, -25.57087 ] ] ] ] } },
{ "type": "Feature", "properties": { "code_tract": 411070615000004.0, "code_muni": 4110706.0, "name_muni": "Irati", "name_neighborhood": null, "code_neighborhood": null, "code_subdistrict": 41107061500.0, "name_subdistrict": null, "code_district": 411070615.0, "name_district": "Guamirim", "code_urban_concentration": null, "name_urban_concentration": null, "code_state": 41.0, "name_state": "Paraná", "code_immediate": 410029.0, "name_immediate": "Irati", "code_intermediate": 4106.0, "name_intermediate": "Ponta Grossa", "code_region": 4.0, "name_region": "Sul", "situacao": "Rural", "code_situacao": 8.0, "code_type": 0.0, "area_km2": 43.580573422219153 }, "bbox": [ -50.9977064, -25.6080751, -50.8576531, -25.5535749 ], "geometry": { "type": "MultiPolygon", "coordinates": [ [ [ [ -50.8892451, -25.5578376 ], [ -50.8900612, -25.5579208 ], [ -50.893495, -25.5572757 ], [ -50.8942595, -25.5574299 ], [ -50.89769, -25.5611623 ], [ -50.8979356, -25.561714 ], [ -50.8980114, -25.563173 ], [ -50.897504299999987, -25.5655828 ], [ -50.8981751, -25.5699132 ], [ -50.8978488, -25.5722998 ], [ -50.898561, -25.572902 ], [ -50.8995583, -25.5731016 ], [ -50.9006078, -25.572902 ], [ -50.9012429, -25.572515 ], [ -50.9015937, -25.5719615 ], [ -50.9017757, -25.5708092 ], [ -50.9023205, -25.5699865 ], [ -50.9029817, -25.5697867 ], [ -50.9036684, -25.5698698 ], [ -50.9054291, -25.5708115 ], [ -50.9062197, -25.5710357 ], [ -50.9071652, -25.570813 ], [ -50.9079303, -25.5702132 ], [ -50.9092017, -25.5687321 ], [ -50.9095, -25.5676616 ], [ -50.9099536, -25.5671328 ], [ -50.9105646, -25.5667921 ], [ -50.9134267, -25.5660525 ], [ -50.9156807, -25.5664301 ], [ -50.9163677, -25.5667719 ], [ -50.9171183, -25.5677842 ], [ -50.9175454, -25.5680548 ], [ -50.9212374, -25.5690333 ], [ -50.9221058, -25.5690218 ], [ -50.9227925, -25.5686809 ], [ -50.9231172, -25.5682458 ], [ -50.9233517, -25.5668583 ], [ -50.9237016, -25.5662587 ], [ -50.9247893, -25.5657648 ], [ -50.9260062, -25.5662124 ], [ -50.9269781, -25.5663193 ], [ -50.929648, -25.5658495 ], [ -50.9308277, -25.5660023 ], [ -50.9367602, -25.5682873 ], [ -50.9402578, -25.5689719 ], [ -50.9416181, -25.5689137 ], [ -50.9423828, -25.568595 ], [ -50.9427728, -25.5661727 ], [ -50.9432527, -25.5656208 ], [ -50.944017, -25.565515 ], [ -50.9469574, -25.5657161 ], [ -50.9484226, -25.5641521 ], [ -50.951066, -25.5636588 ], [ -50.9525301, -25.5625655 ], [ -50.95314, -25.5625773 ], [ -50.9543565, -25.5632826 ], [ -50.9554714, -25.563166 ], [ -50.9568705, -25.5609791 ], [ -50.9592422, -25.5604034 ], [ -50.959864, -25.5593917 ], [ -50.9603313, -25.5568509 ], [ -50.9598914, -25.5552734 ], [ -50.9599171, -25.5540988 ], [ -50.9602412, -25.5536402 ], [ -50.9615288, -25.5535749 ], [ -50.9630085, -25.5551694 ], [ -50.9635396, -25.5567641 ], [ -50.9650188, -25.5594481 ], [ -50.9647891, -25.5605806 ], [ -50.9637947, -25.5612508 ], [ -50.9639471, -25.5636557 ], [ -50.9615011, -25.5644888 ], [ -50.9606117, -25.5652965 ], [ -50.9602789, -25.5660598 ], [ -50.960457, -25.56673 ], [ -50.961245899999987, -25.56754 ], [ -50.9624427, -25.5683963 ], [ -50.963793, -25.5686967 ], [ -50.964786, -25.5692286 ], [ -50.965372099999989, -25.5702238 ], [ -50.9654472, -25.5713103 ], [ -50.9647097, -25.5722114 ], [ -50.9633588, -25.5728823 ], [ -50.9625181, -25.573691 ], [ -50.9625429, -25.5749163 ], [ -50.963586, -25.5756333 ], [ -50.9650395, -25.57575 ], [ -50.9664901, -25.5761435 ], [ -50.9668209, -25.576999 ], [ -50.9665156, -25.579866 ], [ -50.9667955, -25.5815989 ], [ -50.9680932, -25.5824095 ], [ -50.971532, -25.5825258 ], [ -50.9738502, -25.5822725 ], [ -50.9752519, -25.5818794 ], [ -50.9764495, -25.5812087 ], [ -50.9783073, -25.58077 ], [ -50.9796591, -25.5801458 ], [ -50.98004, -25.5792896 ], [ -50.9805763, -25.5786658 ], [ -50.9828682, -25.5772321 ], [ -50.983861, -25.576191 ], [ -50.9840401, -25.5746895 ], [ -50.9847784, -25.5735097 ], [ -50.9854076, -25.5729553 ], [ -50.985839, -25.5731392 ], [ -50.9864523, -25.5731761 ], [ -50.9871192, -25.5748475 ], [ -50.9885446, -25.5765255 ], [ -50.9894683, -25.5785214 ], [ -50.9905664, -25.5799546 ], [ -50.9909177, -25.5809935 ], [ -50.9944948, -25.5846953 ], [ -50.9955112, -25.5853006 ], [ -50.9959112, -25.5862639 ], [ -50.9977064, -25.5884535 ], [ -50.994947, -25.5903441 ], [ -50.9938549, -25.5913733 ], [ -50.9903935, -25.5896048 ], [ -50.9883905, -25.5894356 ], [ -50.9858876, -25.5899451 ], [ -50.9845422, -25.5899174 ], [ -50.9827264, -25.5893487 ], [ -50.9770006, -25.5896608 ], [ -50.9761233, -25.5899439 ], [ -50.9759836, -25.5904687 ], [ -50.9752309, -25.5904694 ], [ -50.9748567, -25.5906979 ], [ -50.9746342, -25.5915483 ], [ -50.9735713, -25.5920025 ], [ -50.973524499999989, -25.5926365 ], [ -50.9731182, -25.5932332 ], [ -50.9731785, -25.5939993 ], [ -50.9728038, -25.5945669 ], [ -50.9726462, -25.59525 ], [ -50.9720236, -25.5952227 ], [ -50.9716468, -25.5961862 ], [ -50.970708, -25.5968117 ], [ -50.969406, -25.5984171 ], [ -50.9689373, -25.5984426 ], [ -50.9680634, -25.5980746 ], [ -50.9676226, -25.5981006 ], [ -50.9672156, -25.5974221 ], [ -50.9668397, -25.597362 ], [ -50.9661517, -25.5975606 ], [ -50.965916, -25.5969541 ], [ -50.9656662, -25.5969508 ], [ -50.9654174, -25.5973785 ], [ -50.9651062, -25.5974009 ], [ -50.963663, -25.5970643 ], [ -50.9634436, -25.5972348 ], [ -50.9637561, -25.5978293 ], [ -50.9630368, -25.597689 ], [ -50.9626595, -25.597802 ], [ -50.9626603, -25.5975765 ], [ -50.962223, -25.5974629 ], [ -50.9622542, -25.5972921 ], [ -50.9617066, -25.5966233 ], [ -50.9608305, -25.5965393 ], [ -50.9604538, -25.5967091 ], [ -50.9600313, -25.5964866 ], [ -50.959954, -25.5963119 ], [ -50.9602361, -25.5958289 ], [ -50.9601423, -25.5956015 ], [ -50.9589533, -25.5947777 ], [ -50.9585773, -25.5947239 ], [ -50.956870099999989, -25.5963226 ], [ -50.9566201, -25.5963247 ], [ -50.9558366, -25.5957276 ], [ -50.9553679, -25.5959541 ], [ -50.9552426, -25.5968922 ], [ -50.9547728, -25.5976291 ], [ -50.9556496, -25.5985123 ], [ -50.9556328, -25.5988213 ], [ -50.9554771, -25.5991499 ], [ -50.9550068, -25.5993187 ], [ -50.9542574, -25.5991489 ], [ -50.9535671, -25.5992346 ], [ -50.953411599999988, -25.5995182 ], [ -50.9537853, -25.6003701 ], [ -50.9536588, -25.6008824 ], [ -50.9533149, -25.6012505 ], [ -50.9510932, -25.6016479 ], [ -50.9503902, -25.602003 ], [ -50.9492912, -25.6029677 ], [ -50.9472567, -25.6038758 ], [ -50.9463488, -25.6035918 ], [ -50.945753499999988, -25.6037047 ], [ -50.9453466, -25.6039614 ], [ -50.9451425, -25.604941 ], [ -50.9444843, -25.6055658 ], [ -50.9423566, -25.6041442 ], [ -50.9415419, -25.6047387 ], [ -50.9411999, -25.6047965 ], [ -50.9408863, -25.6045978 ], [ -50.9406834, -25.6041562 ], [ -50.9408697, -25.6036469 ], [ -50.9405266, -25.6026513 ], [ -50.9391177, -25.6013195 ], [ -50.9371457, -25.600435 ], [ -50.9363805, -25.5993981 ], [ -50.9359432, -25.5993691 ], [ -50.9345329, -25.5999655 ], [ -50.9344388, -25.6002197 ], [ -50.934815, -25.6010455 ], [ -50.9343768, -25.6018697 ], [ -50.9336558, -25.6020656 ], [ -50.9333755, -25.6016972 ], [ -50.9335154, -25.6000371 ], [ -50.933359, -25.5998083 ], [ -50.9330762, -25.5998087 ], [ -50.93245, -25.6006596 ], [ -50.9318869, -25.6010293 ], [ -50.931198, -25.601142 ], [ -50.9302283, -25.6007456 ], [ -50.929996, -25.6007966 ], [ -50.9298518, -25.6009433 ], [ -50.9299141, -25.6013126 ], [ -50.930352, -25.6017105 ], [ -50.9302424, -25.6020653 ], [ -50.9296795, -25.6023484 ], [ -50.9285221, -25.602206 ], [ -50.9280217, -25.6015254 ], [ -50.9274893, -25.6016675 ], [ -50.9269558, -25.6022047 ], [ -50.9267356, -25.6027168 ], [ -50.9271445, -25.6034288 ], [ -50.9268452, -25.6038401 ], [ -50.9264375, -25.6038956 ], [ -50.9260314, -25.6036968 ], [ -50.925281, -25.6025889 ], [ -50.9249359, -25.602844 ], [ -50.9248417, -25.603412 ], [ -50.924498, -25.6038088 ], [ -50.9241221, -25.6034402 ], [ -50.9239654, -25.6029851 ], [ -50.9241229, -25.6024743 ], [ -50.9237751, -25.6019016 ], [ -50.9209177, -25.5987373 ], [ -50.9204471, -25.5984523 ], [ -50.9166907, -25.5980811 ], [ -50.9161754, -25.5978682 ], [ -50.9156435, -25.5963635 ], [ -50.9148921, -25.5965046 ], [ -50.9145167, -25.5960783 ], [ -50.9133584, -25.5955082 ], [ -50.9126738, -25.5939805 ], [ -50.911185, -25.592709 ], [ -50.9107781, -25.5921152 ], [ -50.9109051, -25.5908931 ], [ -50.9098725, -25.5906648 ], [ -50.909418, -25.5899852 ], [ -50.9087785, -25.5884484 ], [ -50.9092642, -25.5875262 ], [ -50.9090154, -25.5871737 ], [ -50.9086813, -25.5868853 ], [ -50.9071052, -25.5865012 ], [ -50.9062914, -25.5855082 ], [ -50.904883899999987, -25.5847985 ], [ -50.9039604, -25.5852091 ], [ -50.9034895, -25.5872536 ], [ -50.9031454, -25.5875096 ], [ -50.9025175, -25.5875369 ], [ -50.900873399999988, -25.5891688 ], [ -50.9009344, -25.5896228 ], [ -50.9015935, -25.5905882 ], [ -50.9015925, -25.5910138 ], [ -50.90012, -25.5923201 ], [ -50.899995, -25.5926899 ], [ -50.9000883, -25.5930869 ], [ -50.9005256, -25.5934289 ], [ -50.9034514, -25.5946091 ], [ -50.9036378, -25.5950631 ], [ -50.9034182, -25.5954336 ], [ -50.9029501, -25.5957447 ], [ -50.9014165, -25.5957159 ], [ -50.9005065, -25.5967924 ], [ -50.8996151, -25.5972623 ], [ -50.8990206, -25.5981128 ], [ -50.8978298, -25.5982264 ], [ -50.8973283, -25.5989075 ], [ -50.8962325, -25.5989636 ], [ -50.8960138, -25.5992196 ], [ -50.8958878, -25.5995885 ], [ -50.8963715, -25.6010228 ], [ -50.8971862, -25.6021331 ], [ -50.8974654, -25.6033529 ], [ -50.89665, -25.6047722 ], [ -50.8959145, -25.6051065 ], [ -50.8956498, -25.6054824 ], [ -50.8957565, -25.6065182 ], [ -50.8955056, -25.6066319 ], [ -50.8948784, -25.6061235 ], [ -50.8937545, -25.6066867 ], [ -50.8928465, -25.6045274 ], [ -50.8923165, -25.6039597 ], [ -50.8917661, -25.6037181 ], [ -50.8910785, -25.6037747 ], [ -50.8896705, -25.6049659 ], [ -50.8893247, -25.6075513 ], [ -50.8888062, -25.6080751 ], [ -50.8884923, -25.6080468 ], [ -50.8880542, -25.6076208 ], [ -50.8876472, -25.6058031 ], [ -50.8868506, -25.6051494 ], [ -50.8864299, -25.604437 ], [ -50.8847878, -25.6030584 ], [ -50.8846004, -25.6024907 ], [ -50.8835688, -25.6011846 ], [ -50.8831612, -25.6001613 ], [ -50.8826607, -25.6004167 ], [ -50.8829091, -25.6010127 ], [ -50.8832249, -25.6011601 ], [ -50.8831449, -25.6022469 ], [ -50.8829552, -25.6023051 ], [ -50.8824873, -25.6019921 ], [ -50.8822361, -25.6025026 ], [ -50.8819862, -25.6025027 ], [ -50.8818307, -25.6022757 ], [ -50.8818921, -25.6019073 ], [ -50.8817038, -25.6016787 ], [ -50.8812035, -25.6016203 ], [ -50.8808907, -25.6013954 ], [ -50.8814552, -25.6010539 ], [ -50.8813924, -25.6008262 ], [ -50.8807978, -25.6005998 ], [ -50.8801159, -25.6008224 ], [ -50.8797176, -25.6013226 ], [ -50.8797177, -25.6017771 ], [ -50.8790905, -25.6021172 ], [ -50.8789947, -25.603082 ], [ -50.8784625, -25.6039057 ], [ -50.8785232, -25.6054383 ], [ -50.8778984, -25.6054962 ], [ -50.8769118, -25.6049133 ], [ -50.876537, -25.6044292 ], [ -50.8763814, -25.6035213 ], [ -50.8765106, -25.602726 ], [ -50.8784651, -25.6020417 ], [ -50.8788294, -25.6003252 ], [ -50.8778904, -25.5933114 ], [ -50.875122, -25.590913 ], [ -50.873726, -25.5901122 ], [ -50.8733, -25.5895349 ], [ -50.8700793, -25.5876886 ], [ -50.8692903, -25.5869007 ], [ -50.868296, -25.5846321 ], [ -50.8675986, -25.5838091 ], [ -50.8651011, -25.5829495 ], [ -50.862966, -25.5831238 ], [ -50.8622809, -25.5827836 ], [ -50.861777, -25.5819476 ], [ -50.8608089, -25.5792557 ], [ -50.8608502, -25.5769894 ], [ -50.8602309, -25.5749677 ], [ -50.8598221, -25.5708301 ], [ -50.8592875, -25.5697311 ], [ -50.8587682, -25.5696196 ], [ -50.86009, -25.5679721 ], [ -50.859263, -25.5626123 ], [ -50.8576531, -25.5616762 ], [ -50.8584558, -25.5609687 ], [ -50.8599047, -25.5603512 ], [ -50.861318, -25.5598233 ], [ -50.8631971, -25.5594135 ], [ -50.8658909, -25.5595577 ], [ -50.870165799999988, -25.5592324 ], [ -50.8721302, -25.5594827 ], [ -50.8725842, -25.5592119 ], [ -50.8735827, -25.5577884 ], [ -50.8746845, -25.5570246 ], [ -50.8756436, -25.5568151 ], [ -50.8764722, -25.5573333 ], [ -50.8781822, -25.5574518 ], [ -50.8807216, -25.5567952 ], [ -50.8832879, -25.5555981 ], [ -50.8839051, -25.5548645 ], [ -50.8845965, -25.5556097 ], [ -50.8861774, -25.5558705 ], [ -50.8877832, -25.5564367 ], [ -50.8892451, -25.5578376 ] ] ] ] } },
{ "type": "Feature", "properties": { "code_tract": 411070615000005.0, "code_muni": 4110706.0, "name_muni": "Irati", "name_neighborhood": null, "code_neighborhood": null, "code_subdistrict": 41107061500.0, "name_subdistrict": null, "code_district": 411070615.0, "name_district": "Guamirim", "code_urban_concentration": null, "name_urban_concentration": null, "code_state": 41.0, "name_state": "Paraná", "code_immediate": 410029.0, "name_immediate": "Irati", "code_intermediate": 4106.0, "name_intermediate": "Ponta Grossa", "code_region": 4.0, "name_region": "Sul", "situacao": "Rural", "code_situacao": 8.0, "code_type": 0.0, "area_km2": 21.625790366728104 }, "bbox": [ -50.9628843, -25.5731016, -50.8892081, -25.52819 ], "geometry": { "type": "MultiPolygon", "coordinates": [ [ [ [ -50.8894205, -25.55776 ], [ -50.8910105, -25.5571899 ], [ -50.8924509, -25.556988 ], [ -50.8937582, -25.5566342 ], [ -50.8942335, -25.5566557 ], [ -50.8961944, -25.5580709 ], [ -50.896621, -25.5581964 ], [ -50.8971213, -25.5581995 ], [ -50.8985474, -25.5572775 ], [ -50.8992486, -25.5555943 ], [ -50.8995575, -25.5534822 ], [ -50.9021601, -25.5500191 ], [ -50.9023978, -25.5468561 ], [ -50.901435199999987, -25.5448617 ], [ -50.9030557, -25.541087 ], [ -50.9038714, -25.5399937 ], [ -50.906542, -25.5372451 ], [ -50.9069969, -25.536616 ], [ -50.9070325, -25.5358332 ], [ -50.9068662, -25.534954 ], [ -50.9071395, -25.5339567 ], [ -50.9075079, -25.5336564 ], [ -50.9079714, -25.533517 ], [ -50.9084586, -25.5322517 ], [ -50.9090409, -25.5316726 ], [ -50.9098609, -25.5312222 ], [ -50.9107483, -25.5304919 ], [ -50.9127369, -25.528477 ], [ -50.9131728, -25.5289481 ], [ -50.913438, -25.5299461 ], [ -50.9142461, -25.530107 ], [ -50.9145789, -25.5303429 ], [ -50.9148284, -25.5303858 ], [ -50.9153632, -25.5300534 ], [ -50.9168253, -25.5297201 ], [ -50.9179539, -25.5296888 ], [ -50.9202653, -25.5302303 ], [ -50.9208179, -25.5302035 ], [ -50.9218994, -25.530922 ], [ -50.9223391, -25.5309649 ], [ -50.9242168, -25.530048 ], [ -50.9247634, -25.5299997 ], [ -50.9279246, -25.5303965 ], [ -50.9285544, -25.5306646 ], [ -50.928899, -25.5306432 ], [ -50.9310619, -25.5297531 ], [ -50.932185, -25.5286218 ], [ -50.9334453, -25.52819 ], [ -50.9336323, -25.5291685 ], [ -50.9333524, -25.5311332 ], [ -50.9338339, -25.5318034 ], [ -50.9353134, -25.5324061 ], [ -50.9354911, -25.5328914 ], [ -50.9361278, -25.5328227 ], [ -50.9364581, -25.5329847 ], [ -50.9377791, -25.5356692 ], [ -50.939002, -25.536501 ], [ -50.9398695, -25.5363162 ], [ -50.9404281, -25.5370114 ], [ -50.9409117, -25.537173 ], [ -50.9418777, -25.5372653 ], [ -50.9427955, -25.5369409 ], [ -50.9450856, -25.537683 ], [ -50.950485199999989, -25.5406904 ], [ -50.9523416, -25.5420557 ], [ -50.9548117, -25.5424948 ], [ -50.9574856, -25.5421959 ], [ -50.9589385, -25.5415731 ], [ -50.9606435, -25.5411331 ], [ -50.9621965, -25.5414332 ], [ -50.9628843, -25.5423358 ], [ -50.9625021, -25.5432839 ], [ -50.9627318, -25.5445567 ], [ -50.9621977, -25.545921 ], [ -50.9608961, -25.5473307 ], [ -50.9604116, -25.5492957 ], [ -50.9610731, -25.5517932 ], [ -50.9605395, -25.55251 ], [ -50.9615288, -25.5535749 ], [ -50.9602412, -25.5536402 ], [ -50.9599171, -25.5540988 ], [ -50.9598914, -25.5552734 ], [ -50.9603313, -25.5568509 ], [ -50.959864, -25.5593917 ], [ -50.9592422, -25.5604034 ], [ -50.9568705, -25.5609791 ], [ -50.9554714, -25.563166 ], [ -50.9543565, -25.5632826 ], [ -50.95314, -25.5625773 ], [ -50.9525301, -25.5625655 ], [ -50.951066, -25.5636588 ], [ -50.9484226, -25.5641521 ], [ -50.9469574, -25.5657161 ], [ -50.944017, -25.565515 ], [ -50.9432527, -25.5656208 ], [ -50.9427728, -25.5661727 ], [ -50.9423828, -25.568595 ], [ -50.9416181, -25.5689137 ], [ -50.9402578, -25.5689719 ], [ -50.9367602, -25.5682873 ], [ -50.9308277, -25.5660023 ], [ -50.929648, -25.5658495 ], [ -50.9269781, -25.5663193 ], [ -50.9260062, -25.5662124 ], [ -50.9247893, -25.5657648 ], [ -50.9237016, -25.5662587 ], [ -50.9233517, -25.5668583 ], [ -50.9231172, -25.5682458 ], [ -50.9227925, -25.5686809 ], [ -50.9221058, -25.5690218 ], [ -50.9212374, -25.5690333 ], [ -50.9175454, -25.5680548 ], [ -50.9171183, -25.5677842 ], [ -50.9163677, -25.5667719 ], [ -50.9156807, -25.5664301 ], [ -50.9134267, -25.5660525 ], [ -50.9105646, -25.5667921 ], [ -50.9099536, -25.5671328 ], [ -50.9095, -25.5676616 ], [ -50.9092017, -25.5687321 ], [ -50.9079303, -25.5702132 ], [ -50.9071652, -25.570813 ], [ -50.9062197, -25.5710357 ], [ -50.9054291, -25.5708115 ], [ -50.9036684, -25.5698698 ], [ -50.9029817, -25.5697867 ], [ -50.9023205, -25.5699865 ], [ -50.9017757, -25.5708092 ], [ -50.9015937, -25.5719615 ], [ -50.9012429, -25.572515 ], [ -50.9006078, -25.572902 ], [ -50.8995583, -25.5731016 ], [ -50.898561, -25.572902 ], [ -50.8978488, -25.5722998 ], [ -50.8981751, -25.5699132 ], [ -50.897504299999987, -25.5655828 ], [ -50.8980114, -25.563173 ], [ -50.8979356, -25.561714 ], [ -50.89769, -25.5611623 ], [ -50.8942595, -25.5574299 ], [ -50.893495, -25.5572757 ], [ -50.8900612, -25.5579208 ], [ -50.8892081, -25.5578022 ], [ -50.8894205, -25.55776 ] ] ] ] } },
{ "type": "Feature", "properties": { "code_tract": 411070615000006.0, "code_muni": 4110706.0, "name_muni": "Irati", "name_neighborhood": null, "code_neighborhood": null, "code_subdistrict": 41107061500.0, "name_subdistrict": null, "code_district": 411070615.0, "name_district": "Guamirim", "code_urban_concentration": null, "name_urban_concentration": null, "code_state": 41.0, "name_state": "Paraná", "code_immediate": 410029.0, "name_immediate": "Irati", "code_intermediate": 4106.0, "name_intermediate": "Ponta Grossa", "code_region": 4.0, "name_region": "Sul", "situacao": "Rural", "code_situacao": 8.0, "code_type": 0.0, "area_km2": 22.592478107896831 }, "bbox": [ -50.9340951, -25.5581995, -50.8365314, -25.5009998 ], "geometry": { "type": "MultiPolygon", "coordinates": [ [ [ [ -50.8368544, -25.5181746 ], [ -50.8366671, -25.5171579 ], [ -50.8369425, -25.5170935 ], [ -50.8379998, -25.5186638 ], [ -50.8382754, -25.5187031 ], [ -50.8385808, -25.5184806 ], [ -50.8386528, -25.5182026 ], [ -50.8379147, -25.5170549 ], [ -50.8379588, -25.5166978 ], [ -50.8382066, -25.5163966 ], [ -50.8392376, -25.5159372 ], [ -50.8390343, -25.5155676 ], [ -50.8382802, -25.5154873 ], [ -50.8385855, -25.514657 ], [ -50.8381802, -25.5143651 ], [ -50.8370919, -25.5144318 ], [ -50.8368464, -25.5141551 ], [ -50.8368313, -25.5137453 ], [ -50.8370779, -25.5135216 ], [ -50.8383978, -25.514037 ], [ -50.8391239, -25.5140103 ], [ -50.8397325, -25.5145924 ], [ -50.8404578, -25.5147505 ], [ -50.8406618, -25.5143293 ], [ -50.8399653, -25.5137227 ], [ -50.8398936, -25.5134181 ], [ -50.8403297, -25.5131813 ], [ -50.8411559, -25.5135129 ], [ -50.8415483, -25.5134997 ], [ -50.8418102, -25.5129192 ], [ -50.840825, -25.5117851 ], [ -50.8409565, -25.5115887 ], [ -50.8416836, -25.5115628 ], [ -50.8421174, -25.5112205 ], [ -50.8423926, -25.511313 ], [ -50.842928799999989, -25.5121163 ], [ -50.8456858, -25.5125426 ], [ -50.8460179, -25.5127409 ], [ -50.8464249, -25.513427 ], [ -50.8467287, -25.5134912 ], [ -50.8471653, -25.512964 ], [ -50.8470255, -25.5121079 ], [ -50.8467744, -25.5118184 ], [ -50.8467608, -25.5115404 ], [ -50.8470082, -25.5114771 ], [ -50.8477031, -25.5117671 ], [ -50.8487645, -25.5117024 ], [ -50.8491248, -25.512612 ], [ -50.8494282, -25.5127303 ], [ -50.8497633, -25.5125869 ], [ -50.8504165, -25.5113871 ], [ -50.8507193, -25.5111871 ], [ -50.8514775, -25.5111113 ], [ -50.8521151, -25.5116129 ], [ -50.8522883, -25.512219 ], [ -50.8525346, -25.5123903 ], [ -50.8539022, -25.5119182 ], [ -50.8538137, -25.5111533 ], [ -50.8522919, -25.5094514 ], [ -50.8524516, -25.5092799 ], [ -50.8537432, -25.50924 ], [ -50.8543384, -25.5089659 ], [ -50.854731, -25.5086362 ], [ -50.8549492, -25.5075956 ], [ -50.8551966, -25.5072654 ], [ -50.8570269, -25.5058707 ], [ -50.8575194, -25.5066352 ], [ -50.8578817, -25.5068603 ], [ -50.8598557, -25.5069404 ], [ -50.8622945, -25.5063631 ], [ -50.8627438, -25.5064566 ], [ -50.8636298, -25.5074315 ], [ -50.8635547, -25.5084074 ], [ -50.8637731, -25.508579 ], [ -50.8640762, -25.5085926 ], [ -50.864804, -25.5081185 ], [ -50.865586, -25.5080414 ], [ -50.8664451, -25.5075268 ], [ -50.8683728, -25.5082804 ], [ -50.8688364, -25.5087818 ], [ -50.8685884, -25.5098226 ], [ -50.8689071, -25.5103497 ], [ -50.8695934, -25.5104744 ], [ -50.8699947, -25.5110755 ], [ -50.8708368, -25.5111034 ], [ -50.8738385, -25.5130702 ], [ -50.8740661, -25.5150365 ], [ -50.8739085, -25.5157456 ], [ -50.8741292, -25.5161733 ], [ -50.874502, -25.5164184 ], [ -50.8766349, -25.5173576 ], [ -50.8769823, -25.5177004 ], [ -50.8764184, -25.5182629 ], [ -50.8763153, -25.5186728 ], [ -50.8767344, -25.5188197 ], [ -50.8776202, -25.5184652 ], [ -50.8777216, -25.5186622 ], [ -50.87746, -25.5189272 ], [ -50.8779244, -25.5193221 ], [ -50.8816529, -25.5207885 ], [ -50.8843809, -25.5210006 ], [ -50.8854258, -25.5209227 ], [ -50.8855279, -25.5210944 ], [ -50.8851935, -25.5216329 ], [ -50.8852935, -25.5228084 ], [ -50.8845225, -25.5239545 ], [ -50.8839559, -25.5256271 ], [ -50.884172799999988, -25.5260898 ], [ -50.8845071, -25.5262087 ], [ -50.8848409, -25.5259579 ], [ -50.8852911, -25.5259449 ], [ -50.8859593, -25.5251556 ], [ -50.8862794, -25.5252074 ], [ -50.8854057, -25.5271315 ], [ -50.8858833, -25.5281733 ], [ -50.885724, -25.5287931 ], [ -50.8860547, -25.5294368 ], [ -50.8856788, -25.5305408 ], [ -50.8859232, -25.5317508 ], [ -50.8858355, -25.5325642 ], [ -50.8847754, -25.5334192 ], [ -50.884659, -25.53392 ], [ -50.8858772, -25.5352652 ], [ -50.8867478, -25.5355029 ], [ -50.8876189, -25.535029 ], [ -50.8892179, -25.532921 ], [ -50.8899137, -25.5331071 ], [ -50.8906965, -25.533819 ], [ -50.8912046, -25.5339128 ], [ -50.8915093, -25.533793 ], [ -50.8921786, -25.5329243 ], [ -50.8930208, -25.5324488 ], [ -50.8935144, -25.5318703 ], [ -50.8947509, -25.5283766 ], [ -50.8965657, -25.5278126 ], [ -50.8969297, -25.5275092 ], [ -50.896959, -25.5267973 ], [ -50.895784, -25.5252024 ], [ -50.8957418, -25.5248714 ], [ -50.8959379, -25.5247511 ], [ -50.8971208, -25.5247274 ], [ -50.8977153, -25.524979 ], [ -50.8990359, -25.5266807 ], [ -50.899601, -25.5268775 ], [ -50.9005285, -25.5262983 ], [ -50.9007483, -25.5257591 ], [ -50.8994864, -25.5242949 ], [ -50.8995605, -25.5227273 ], [ -50.900141, -25.5226746 ], [ -50.9010387, -25.5236757 ], [ -50.9025492, -25.5244156 ], [ -50.9030269, -25.5244536 ], [ -50.9034194, -25.5242039 ], [ -50.9035507, -25.5237432 ], [ -50.9034786, -25.5231771 ], [ -50.9028986, -25.522438 ], [ -50.9029143, -25.5222146 ], [ -50.9055111, -25.5223091 ], [ -50.9057567, -25.5232441 ], [ -50.9060608, -25.5234155 ], [ -50.9082391, -25.5226002 ], [ -50.91023, -25.519584 ], [ -50.9126585, -25.51743 ], [ -50.913559299999989, -25.5159799 ], [ -50.9143591, -25.5141217 ], [ -50.9152005, -25.5133584 ], [ -50.9161889, -25.5117513 ], [ -50.9164067, -25.5110164 ], [ -50.9164372, -25.5097066 ], [ -50.9156399, -25.508007 ], [ -50.915742, -25.5064634 ], [ -50.9155538, -25.505186 ], [ -50.9159951, -25.5042321 ], [ -50.9171233, -25.5033404 ], [ -50.919084399999988, -25.5009998 ], [ -50.9202266, -25.5047385 ], [ -50.9199975, -25.5059187 ], [ -50.9201235, -25.5066356 ], [ -50.9206601, -25.5069355 ], [ -50.9214483, -25.5070052 ], [ -50.9223421, -25.5078104 ], [ -50.9243531, -25.5081583 ], [ -50.9259832, -25.5086542 ], [ -50.9274093, -25.5083296 ], [ -50.927842, -25.5077065 ], [ -50.9282744, -25.507684 ], [ -50.929468, -25.5094198 ], [ -50.9303092, -25.5099506 ], [ -50.9315831, -25.5103695 ], [ -50.9317093, -25.5108068 ], [ -50.9321926, -25.5112471 ], [ -50.9328535, -25.5124496 ], [ -50.9334387, -25.5127973 ], [ -50.9337182, -25.513467 ], [ -50.9338699, -25.5151332 ], [ -50.9334884, -25.5156176 ], [ -50.9335641, -25.5162424 ], [ -50.9333357, -25.5164964 ], [ -50.9328006, -25.5165655 ], [ -50.9329793, -25.5170518 ], [ -50.9329029, -25.5176301 ], [ -50.9325204, -25.5181136 ], [ -50.9325469, -25.518832 ], [ -50.9322133, -25.5195474 ], [ -50.932239499999987, -25.5205887 ], [ -50.9326704, -25.5217224 ], [ -50.9340951, -25.5235721 ], [ -50.9340934, -25.5255156 ], [ -50.93282, -25.5267164 ], [ -50.9333539, -25.5277115 ], [ -50.9334453, -25.52819 ], [ -50.932185, -25.5286218 ], [ -50.9310619, -25.5297531 ], [ -50.928899, -25.5306432 ], [ -50.9285544, -25.5306646 ], [ -50.9279246, -25.5303965 ], [ -50.9247634, -25.5299997 ], [ -50.9242168, -25.530048 ], [ -50.9223391, -25.5309649 ], [ -50.9218994, -25.530922 ], [ -50.9208179, -25.5302035 ], [ -50.9202653, -25.5302303 ], [ -50.9174732, -25.5296637 ], [ -50.9153632, -25.5300534 ], [ -50.9148284, -25.5303858 ], [ -50.9142461, -25.530107 ], [ -50.913438, -25.5299461 ], [ -50.9131728, -25.5289481 ], [ -50.9127369, -25.528477 ], [ -50.9107483, -25.5304919 ], [ -50.9098609, -25.5312222 ], [ -50.9090409, -25.5316726 ], [ -50.9084586, -25.5322517 ], [ -50.9079714, -25.533517 ], [ -50.9075079, -25.5336564 ], [ -50.9071395, -25.5339567 ], [ -50.9068662, -25.534954 ], [ -50.9070325, -25.5358332 ], [ -50.9069969, -25.536616 ], [ -50.906542, -25.5372451 ], [ -50.9038714, -25.5399937 ], [ -50.9030557, -25.541087 ], [ -50.901435199999987, -25.5448617 ], [ -50.9023978, -25.5468561 ], [ -50.9021601, -25.5500191 ], [ -50.8995575, -25.5534822 ], [ -50.8992486, -25.5555943 ], [ -50.8985474, -25.5572775 ], [ -50.8971213, -25.5581995 ], [ -50.896621, -25.5581964 ], [ -50.8961944, -25.5580709 ], [ -50.8942335, -25.5566557 ], [ -50.8937582, -25.5566342 ], [ -50.8924509, -25.556988 ], [ -50.8910105, -25.5571899 ], [ -50.8892081, -25.5578022 ], [ -50.8877832, -25.5564367 ], [ -50.8861774, -25.5558705 ], [ -50.8845965, -25.5556097 ], [ -50.8839051, -25.5548645 ], [ -50.883238, -25.5547186 ], [ -50.8822285, -25.5531875 ], [ -50.8821641, -25.5527523 ], [ -50.8825142, -25.5523413 ], [ -50.8823203, -25.551834 ], [ -50.8806634, -25.5497849 ], [ -50.8798736, -25.5491134 ], [ -50.8781624, -25.5488533 ], [ -50.8767495, -25.5492173 ], [ -50.874106, -25.5492142 ], [ -50.873302, -25.5487434 ], [ -50.8728107, -25.5478482 ], [ -50.8715675, -25.5473528 ], [ -50.8707645, -25.5462696 ], [ -50.8702747, -25.5439379 ], [ -50.870289199999988, -25.5425386 ], [ -50.8705898, -25.540432 ], [ -50.8714867, -25.5373596 ], [ -50.8713854, -25.5355484 ], [ -50.8706353, -25.5338523 ], [ -50.8680337, -25.5316738 ], [ -50.8668927, -25.5309668 ], [ -50.8661434, -25.5297414 ], [ -50.8652633, -25.5287992 ], [ -50.86468, -25.5284575 ], [ -50.8634882, -25.5284798 ], [ -50.8625547, -25.5292093 ], [ -50.8618014, -25.5303141 ], [ -50.8612176, -25.5306083 ], [ -50.8587701, -25.5298173 ], [ -50.8574106, -25.5286023 ], [ -50.8552214, -25.5274127 ], [ -50.8541596, -25.526306 ], [ -50.8521667, -25.5250331 ], [ -50.8509758, -25.5236891 ], [ -50.8503302, -25.5221584 ], [ -50.8496552, -25.5225109 ], [ -50.8478152, -25.5224372 ], [ -50.8454043, -25.5231889 ], [ -50.8432039, -25.5215624 ], [ -50.8422063, -25.5211252 ], [ -50.8401354, -25.5205585 ], [ -50.8378024, -25.5202738 ], [ -50.8373757, -25.5192022 ], [ -50.8365314, -25.5184626 ], [ -50.8368544, -25.5181746 ] ] ] ] } },
{ "type": "Feature", "properties": { "code_tract": 411070620000001.0, "code_muni": 4110706.0, "name_muni": "Irati", "name_neighborhood": null, "code_neighborhood": null, "code_subdistrict": 41107062000.0, "name_subdistrict": null, "code_district": 411070620.0, "name_district": "Itapará", "code_urban_concentration": null, "name_urban_concentration": null, "code_state": 41.0, "name_state": "Paraná", "code_immediate": 410029.0, "name_immediate": "Irati", "code_intermediate": 4106.0, "name_intermediate": "Ponta Grossa", "code_region": 4.0, "name_region": "Sul", "situacao": "Urbana", "code_situacao": 2.0, "code_type": 0.0, "area_km2": 1.475629295395541 }, "bbox": [ -51.0493591, -25.4810703, -51.0344189, -25.465975 ], "geometry": { "type": "MultiPolygon", "coordinates": [ [ [ [ -51.0344189, -25.4702315 ], [ -51.0375779, -25.465975 ], [ -51.0414715, -25.4702411 ], [ -51.0411811, -25.4713789 ], [ -51.0412664, -25.4719587 ], [ -51.0417709, -25.4724776 ], [ -51.0425087, -25.4728117 ], [ -51.0430532, -25.4728335 ], [ -51.0445217, -25.4725365 ], [ -51.0449944, -25.4720788 ], [ -51.0453621, -25.471196 ], [ -51.0463357, -25.4706772 ], [ -51.0464866, -25.4710121 ], [ -51.04637, -25.4714292 ], [ -51.0458486, -25.4720491 ], [ -51.0456158, -25.4729031 ], [ -51.0458165, -25.4736043 ], [ -51.0461515, -25.4738167 ], [ -51.0473933, -25.4732689 ], [ -51.0479918, -25.4731195 ], [ -51.048435, -25.4731762 ], [ -51.0493591, -25.4746406 ], [ -51.0487804, -25.4808001 ], [ -51.0467823, -25.4810703 ], [ -51.0399845, -25.4800196 ], [ -51.0357932, -25.4781668 ], [ -51.0344189, -25.4702315 ] ] ] ] } },
{ "type": "Feature", "properties": { "code_tract": 411070620000002.0, "code_muni": 4110706.0, "name_muni": "Irati", "name_neighborhood": null, "code_neighborhood": null, "code_subdistrict": 41107062000.0, "name_subdistrict": null, "code_district": 411070620.0, "name_district": "Itapará", "code_urban_concentration": null, "name_urban_concentration": null, "code_state": 41.0, "name_state": "Paraná", "code_immediate": 410029.0, "name_immediate": "Irati", "code_intermediate": 4106.0, "name_intermediate": "Ponta Grossa", "code_region": 4.0, "name_region": "Sul", "situacao": "Rural", "code_situacao": 8.0, "code_type": 0.0, "area_km2": 41.852903848554973 }, "bbox": [ -51.0455946, -25.4935148, -50.9312412, -25.418274 ], "geometry": { "type": "MultiPolygon", "coordinates": [ [ [ [ -50.9324999, -25.4693212 ], [ -50.935613, -25.4680748 ], [ -50.937145, -25.4655518 ], [ -50.9388445, -25.464504 ], [ -50.9392881, -25.4606154 ], [ -50.9402231, -25.4592 ], [ -50.942169, -25.4579995 ], [ -50.9442446, -25.4572941 ], [ -50.9450616, -25.4573535 ], [ -50.9466438, -25.4578715 ], [ -50.9472527, -25.4577426 ], [ -50.947889, -25.4571642 ], [ -50.948746299999989, -25.4557038 ], [ -50.9507826, -25.4552915 ], [ -50.952561, -25.4539837 ], [ -50.953118, -25.4540196 ], [ -50.954181, -25.4546567 ], [ -50.9551274, -25.4548332 ], [ -50.9583705, -25.4543629 ], [ -50.9584886, -25.4538566 ], [ -50.9580084, -25.4515577 ], [ -50.9583583, -25.4509327 ], [ -50.9588645, -25.4506149 ], [ -50.9602653, -25.4503562 ], [ -50.9611736, -25.4488003 ], [ -50.9638849, -25.4454183 ], [ -50.9647284, -25.4433515 ], [ -50.9658314, -25.441878 ], [ -50.9659145, -25.4399506 ], [ -50.9657419, -25.4388232 ], [ -50.9645611, -25.4370203 ], [ -50.9645749, -25.4363478 ], [ -50.9651584, -25.4347328 ], [ -50.9633433, -25.4322107 ], [ -50.9631625, -25.4304176 ], [ -50.9620744, -25.4264313 ], [ -50.9604541, -25.424392 ], [ -50.960363, -25.4236254 ], [ -50.9607013, -25.4217158 ], [ -50.9605843, -25.4210677 ], [ -50.9609744, -25.4203804 ], [ -50.9616059, -25.418274 ], [ -50.9842141, -25.4341914 ], [ -50.9855144, -25.4336832 ], [ -50.9865077, -25.4328477 ], [ -50.9869215, -25.4328011 ], [ -50.9870832, -25.4331778 ], [ -50.9873282, -25.4333226 ], [ -50.9880326, -25.4328672 ], [ -50.9885374, -25.4328784 ], [ -50.9889027, -25.4330654 ], [ -50.988974, -25.4346353 ], [ -50.9894772, -25.4355502 ], [ -50.9903, -25.4363733 ], [ -50.9914734, -25.4368916 ], [ -50.9929879, -25.4372896 ], [ -50.9962744, -25.4374091 ], [ -50.9968921, -25.4373216 ], [ -50.9973327, -25.4370754 ], [ -50.9977009, -25.4365868 ], [ -50.9985734, -25.4344824 ], [ -50.9989427, -25.4341473 ], [ -50.9998486, -25.4339033 ], [ -51.0016616, -25.4338113 ], [ -51.0021652, -25.4339947 ], [ -51.0024492, -25.4343324 ], [ -51.002551, -25.435764 ], [ -51.0031221, -25.4370753 ], [ -51.0030399, -25.4375841 ], [ -51.0024846, -25.4380833 ], [ -51.0023164, -25.4385696 ], [ -51.0024172, -25.4389964 ], [ -51.0027845, -25.4393007 ], [ -51.0039108, -25.4395157 ], [ -51.0073343, -25.4386005 ], [ -51.0079046, -25.4386609 ], [ -51.0080923, -25.4391959 ], [ -51.0077709, -25.4398487 ], [ -51.007821, -25.4409184 ], [ -51.0074188, -25.44174 ], [ -51.0076541, -25.4430832 ], [ -51.0083256, -25.4438753 ], [ -51.0100414, -25.4444216 ], [ -51.0116909, -25.4445164 ], [ -51.0118997, -25.4443944 ], [ -51.012194, -25.4434335 ], [ -51.0125203, -25.4433067 ], [ -51.0127794, -25.4433624 ], [ -51.0138464, -25.4442112 ], [ -51.0161964, -25.4447297 ], [ -51.0173604, -25.4443483 ], [ -51.019263599999988, -25.4429015 ], [ -51.0203415, -25.4425012 ], [ -51.0208748, -25.4426888 ], [ -51.020951, -25.4437537 ], [ -51.0191752, -25.4480208 ], [ -51.0184002, -25.4506567 ], [ -51.0174905, -25.4520579 ], [ -51.016729, -25.4527721 ], [ -51.0147718, -25.4540617 ], [ -51.0139998, -25.4549155 ], [ -51.0141679, -25.4555575 ], [ -51.0145359, -25.4556777 ], [ -51.0150573, -25.4555864 ], [ -51.0166016, -25.4543063 ], [ -51.0172378, -25.4545213 ], [ -51.0167359, -25.4554338 ], [ -51.0163315, -25.4572339 ], [ -51.0156782, -25.4587584 ], [ -51.0157122, -25.4591541 ], [ -51.0159829, -25.4594284 ], [ -51.0166858, -25.4592767 ], [ -51.0169209, -25.4588197 ], [ -51.0172566, -25.4565014 ], [ -51.0176925, -25.4560457 ], [ -51.018483, -25.4556081 ], [ -51.0214022, -25.4556781 ], [ -51.0220069, -25.4559213 ], [ -51.022141, -25.4564101 ], [ -51.0219721, -25.4571724 ], [ -51.0214637, -25.4583094 ], [ -51.0203801, -25.4598243 ], [ -51.0204907, -25.4617945 ], [ -51.0214875, -25.4640036 ], [ -51.0223581, -25.4641539 ], [ -51.0227453, -25.463819 ], [ -51.0230833, -25.4628139 ], [ -51.0235533, -25.4625086 ], [ -51.0238874, -25.4616225 ], [ -51.0229539, -25.4602318 ], [ -51.0229341, -25.459582 ], [ -51.0231192, -25.4593774 ], [ -51.0235859, -25.4592453 ], [ -51.0240387, -25.4595196 ], [ -51.0252132, -25.4617432 ], [ -51.0260544, -25.4648267 ], [ -51.0259184, -25.4650981 ], [ -51.0244591, -25.4660769 ], [ -51.0243919, -25.4665031 ], [ -51.0246949, -25.4669611 ], [ -51.0253668, -25.4671433 ], [ -51.0261719, -25.4669603 ], [ -51.0264066, -25.4670832 ], [ -51.026675, -25.4684253 ], [ -51.02711, -25.4687353 ], [ -51.0274478, -25.46879 ], [ -51.028506, -25.4679428 ], [ -51.0289721, -25.4673146 ], [ -51.029373299999989, -25.4663694 ], [ -51.029647, -25.4661981 ], [ -51.0316922, -25.4670783 ], [ -51.0333976, -25.4674572 ], [ -51.0347339, -25.4668691 ], [ -51.0347012, -25.4665005 ], [ -51.0341967, -25.4661061 ], [ -51.0341626, -25.4658321 ], [ -51.0346662, -25.4654959 ], [ -51.0355725, -25.4656486 ], [ -51.0357404, -25.4653742 ], [ -51.0354384, -25.4643056 ], [ -51.036242, -25.4632504 ], [ -51.0364271, -25.4627201 ], [ -51.0363881, -25.4621205 ], [ -51.0359236, -25.4614707 ], [ -51.0359592, -25.4609511 ], [ -51.0361915, -25.4606464 ], [ -51.0367293, -25.4604931 ], [ -51.0383411, -25.4606744 ], [ -51.039552, -25.4600034 ], [ -51.0400032, -25.4603399 ], [ -51.0400037, -25.4627183 ], [ -51.0404741, -25.4643043 ], [ -51.0407772, -25.4643961 ], [ -51.0414086, -25.4639552 ], [ -51.0418837, -25.4638475 ], [ -51.0430221, -25.4640661 ], [ -51.0445852, -25.4635122 ], [ -51.0452584, -25.4636024 ], [ -51.0455946, -25.4639672 ], [ -51.0454433, -25.4671435 ], [ -51.042088, -25.4689096 ], [ -51.041718, -25.4692764 ], [ -51.0414715, -25.4702411 ], [ -51.0375779, -25.465975 ], [ -51.0344189, -25.4702315 ], [ -51.0357932, -25.4781668 ], [ -51.0350687, -25.4794532 ], [ -51.0343192, -25.4797123 ], [ -51.033518, -25.4802995 ], [ -51.0314774, -25.4834709 ], [ -51.0302103, -25.4841524 ], [ -51.0273675, -25.4852331 ], [ -51.0268248, -25.48582 ], [ -51.0263857, -25.4880984 ], [ -51.026153, -25.4884978 ], [ -51.0247589, -25.4894842 ], [ -51.0243444, -25.4907998 ], [ -51.0234391, -25.4912459 ], [ -51.0221215, -25.4915051 ], [ -51.0204673, -25.4925854 ], [ -51.019734, -25.4935148 ], [ -51.0180231, -25.492902 ], [ -51.016624299999989, -25.491536 ], [ -51.015872, -25.4911834 ], [ -51.0121659, -25.490594 ], [ -51.0112068, -25.4899124 ], [ -51.0106111, -25.4889001 ], [ -51.0101966, -25.4874405 ], [ -51.0098079, -25.4872287 ], [ -51.0089011, -25.4872509 ], [ -51.0082007, -25.4868515 ], [ -51.0072419, -25.4866867 ], [ -51.006179599999989, -25.486758 ], [ -51.0042616, -25.4873231 ], [ -51.0010482, -25.4876526 ], [ -50.9995715, -25.4881473 ], [ -50.9976017, -25.4892299 ], [ -50.9963325, -25.4890651 ], [ -50.9938188, -25.4872991 ], [ -50.9919528, -25.4866873 ], [ -50.9907871, -25.4860041 ], [ -50.9899836, -25.4852742 ], [ -50.9872629, -25.4835554 ], [ -50.9864847, -25.4823317 ], [ -50.9859927, -25.4823541 ], [ -50.9857591, -25.4827074 ], [ -50.9857852, -25.483296 ], [ -50.9853971, -25.4839788 ], [ -50.9844904, -25.4839557 ], [ -50.9820025, -25.4826834 ], [ -50.9816142, -25.4823778 ], [ -50.98138, -25.4818364 ], [ -50.9813291, -25.4806115 ], [ -50.9801375, -25.4798114 ], [ -50.9779609, -25.4790577 ], [ -50.9775718, -25.4784689 ], [ -50.9763284, -25.4784685 ], [ -50.9754215, -25.4782569 ], [ -50.9731414, -25.4767966 ], [ -50.9721317, -25.4756899 ], [ -50.9707419, -25.4728393 ], [ -50.9701576, -25.4732511 ], [ -50.9686284, -25.4732277 ], [ -50.9677721, -25.4725904 ], [ -50.9663976, -25.4726603 ], [ -50.9638047, -25.4745918 ], [ -50.9598354, -25.4782435 ], [ -50.95872, -25.4786903 ], [ -50.9490738, -25.4773223 ], [ -50.9464285, -25.4778852 ], [ -50.944742899999987, -25.4779087 ], [ -50.9434207, -25.4776016 ], [ -50.9424092, -25.4769655 ], [ -50.9394018, -25.4756439 ], [ -50.9379501, -25.4759365 ], [ -50.9349721, -25.4729893 ], [ -50.9334934, -25.4718347 ], [ -50.9312412, -25.4709841 ], [ -50.9324999, -25.4693212 ] ] ] ] } },
{ "type": "Feature", "properties": { "code_tract": 411070620000003.0, "code_muni": 4110706.0, "name_muni": "Irati", "name_neighborhood": null, "code_neighborhood": null, "code_subdistrict": 41107062000.0, "name_subdistrict": null, "code_district": 411070620.0, "name_district": "Itapará", "code_urban_concentration": null, "name_urban_concentration": null, "code_state": 41.0, "name_state": "Paraná", "code_immediate": 410029.0, "name_immediate": "Irati", "code_intermediate": 4106.0, "name_intermediate": "Ponta Grossa", "code_region": 4.0, "name_region": "Sul", "situacao": "Rural", "code_situacao": 8.0, "code_type": 0.0, "area_km2": 26.135087591898703 }, "bbox": [ -50.9659145, -25.4709841, -50.9158154, -25.3981277 ], "geometry": { "type": "MultiPolygon", "coordinates": [ [ [ [ -50.9177525, -25.4605966 ], [ -50.9163502, -25.4581931 ], [ -50.9161006, -25.4568947 ], [ -50.9158748, -25.4564333 ], [ -50.9158154, -25.455693 ], [ -50.9158748, -25.4539546 ], [ -50.9165879, -25.4520661 ], [ -50.9166354, -25.4514974 ], [ -50.9164452, -25.4512935 ], [ -50.9163383, -25.4507677 ], [ -50.916457099999988, -25.4488147 ], [ -50.9168731, -25.4468616 ], [ -50.9167305, -25.4428374 ], [ -50.9174435, -25.4418609 ], [ -50.9170751, -25.4397253 ], [ -50.9165047, -25.4384911 ], [ -50.9160293, -25.4358404 ], [ -50.9162076, -25.4349389 ], [ -50.9165641, -25.4342735 ], [ -50.9166473, -25.4325671 ], [ -50.9176455, -25.4304742 ], [ -50.9188696, -25.4293259 ], [ -50.9191667, -25.4286497 ], [ -50.9194994, -25.4273296 ], [ -50.9190597, -25.42426 ], [ -50.9192617, -25.4222743 ], [ -50.9198678, -25.4210186 ], [ -50.9203907, -25.4190758 ], [ -50.9209493, -25.4187431 ], [ -50.9223278, -25.4161241 ], [ -50.9233498, -25.4151151 ], [ -50.9251205, -25.41431 ], [ -50.9263327, -25.4128931 ], [ -50.9264159, -25.4123779 ], [ -50.9262852, -25.4115836 ], [ -50.9259881, -25.4106712 ], [ -50.9255602, -25.409952 ], [ -50.9252275, -25.4085672 ], [ -50.9254176, -25.4078158 ], [ -50.9263921, -25.4062915 ], [ -50.9269031, -25.4060554 ], [ -50.9285669, -25.4046813 ], [ -50.9297909, -25.4032965 ], [ -50.931015, -25.4026417 ], [ -50.932452899999987, -25.3997432 ], [ -50.9328927, -25.3992923 ], [ -50.9329877, -25.3990239 ], [ -50.9328332, -25.398455 ], [ -50.9330073, -25.3981277 ], [ -50.9616059, -25.418274 ], [ -50.9609744, -25.4203804 ], [ -50.9605843, -25.4210677 ], [ -50.9607013, -25.4217158 ], [ -50.960363, -25.4236254 ], [ -50.9604541, -25.424392 ], [ -50.9620744, -25.4264313 ], [ -50.9631625, -25.4304176 ], [ -50.9633433, -25.4322107 ], [ -50.9651584, -25.4347328 ], [ -50.9645749, -25.4363478 ], [ -50.9645611, -25.4370203 ], [ -50.9657419, -25.4388232 ], [ -50.9659145, -25.4399506 ], [ -50.9658314, -25.441878 ], [ -50.9647284, -25.4433515 ], [ -50.9638849, -25.4454183 ], [ -50.9611736, -25.4488003 ], [ -50.9602653, -25.4503562 ], [ -50.9588645, -25.4506149 ], [ -50.9583583, -25.4509327 ], [ -50.9580084, -25.4515577 ], [ -50.9584886, -25.4538566 ], [ -50.9583705, -25.4543629 ], [ -50.9551274, -25.4548332 ], [ -50.954181, -25.4546567 ], [ -50.953118, -25.4540196 ], [ -50.952561, -25.4539837 ], [ -50.9507826, -25.4552915 ], [ -50.948746299999989, -25.4557038 ], [ -50.947889, -25.4571642 ], [ -50.9472527, -25.4577426 ], [ -50.9466438, -25.4578715 ], [ -50.9450616, -25.4573535 ], [ -50.9442446, -25.4572941 ], [ -50.942169, -25.4579995 ], [ -50.9402231, -25.4592 ], [ -50.9392881, -25.4606154 ], [ -50.9388445, -25.464504 ], [ -50.937145, -25.4655518 ], [ -50.935613, -25.4680748 ], [ -50.9324999, -25.4693212 ], [ -50.9312412, -25.4709841 ], [ -50.9298136, -25.4705611 ], [ -50.9279738, -25.469453 ], [ -50.9214703, -25.4639616 ], [ -50.919578, -25.4628532 ], [ -50.9176864, -25.4620271 ], [ -50.9177525, -25.4605966 ] ] ] ] } },
{ "type": "Feature", "properties": { "code_tract": 411070620000004.0, "code_muni": 4110706.0, "name_muni": "Irati", "name_neighborhood": null, "code_neighborhood": null, "code_subdistrict": 41107062000.0, "name_subdistrict": null, "code_district": 411070620.0, "name_district": "Itapará", "code_urban_concentration": null, "name_urban_concentration": null, "code_state": 41.0, "name_state": "Paraná", "code_immediate": 410029.0, "name_immediate": "Irati", "code_intermediate": 4106.0, "name_intermediate": "Ponta Grossa", "code_region": 4.0, "name_region": "Sul", "situacao": "Rural", "code_situacao": 8.0, "code_type": 0.0, "area_km2": 23.552436674074947 }, "bbox": [ -51.019734, -25.5045199, -50.9050344, -25.4620271 ], "geometry": { "type": "MultiPolygon", "coordinates": [ [ [ [ -50.9070307, -25.4651158 ], [ -50.9117494, -25.4644502 ], [ -50.913538, -25.463815 ], [ -50.9149651, -25.4626149 ], [ -50.9159246, -25.46212 ], [ -50.9176864, -25.4620271 ], [ -50.919578, -25.4628532 ], [ -50.9214703, -25.4639616 ], [ -50.9279738, -25.469453 ], [ -50.9298136, -25.4705611 ], [ -50.9334934, -25.4718347 ], [ -50.9349721, -25.4729893 ], [ -50.9379501, -25.4759365 ], [ -50.9394018, -25.4756439 ], [ -50.9424092, -25.4769655 ], [ -50.9434207, -25.4776016 ], [ -50.944742899999987, -25.4779087 ], [ -50.9464285, -25.4778852 ], [ -50.9490738, -25.4773223 ], [ -50.95872, -25.4786903 ], [ -50.9598354, -25.4782435 ], [ -50.9638047, -25.4745918 ], [ -50.9663976, -25.4726603 ], [ -50.9677721, -25.4725904 ], [ -50.9686284, -25.4732277 ], [ -50.9701576, -25.4732511 ], [ -50.9707419, -25.4728393 ], [ -50.9721317, -25.4756899 ], [ -50.9731414, -25.4767966 ], [ -50.9754215, -25.4782569 ], [ -50.9763284, -25.4784685 ], [ -50.9775718, -25.4784689 ], [ -50.9779609, -25.4790577 ], [ -50.9801375, -25.4798114 ], [ -50.9813291, -25.4806115 ], [ -50.98138, -25.4818364 ], [ -50.9816142, -25.4823778 ], [ -50.9820025, -25.4826834 ], [ -50.9844904, -25.4839557 ], [ -50.9853971, -25.4839788 ], [ -50.9857852, -25.483296 ], [ -50.9857591, -25.4827074 ], [ -50.9859927, -25.4823541 ], [ -50.9864847, -25.4823317 ], [ -50.9872629, -25.4835554 ], [ -50.9899836, -25.4852742 ], [ -50.9907871, -25.4860041 ], [ -50.9919528, -25.4866873 ], [ -50.9938188, -25.4872991 ], [ -50.9963325, -25.4890651 ], [ -50.9976017, -25.4892299 ], [ -50.9995715, -25.4881473 ], [ -51.0010482, -25.4876526 ], [ -51.0042616, -25.4873231 ], [ -51.006179599999989, -25.486758 ], [ -51.0072419, -25.4866867 ], [ -51.0082007, -25.4868515 ], [ -51.0089011, -25.4872509 ], [ -51.0098079, -25.4872287 ], [ -51.0101966, -25.4874405 ], [ -51.0106111, -25.4889001 ], [ -51.0112068, -25.4899124 ], [ -51.0121659, -25.490594 ], [ -51.015872, -25.4911834 ], [ -51.016624299999989, -25.491536 ], [ -51.0180231, -25.492902 ], [ -51.019734, -25.4935148 ], [ -51.0182179, -25.4969772 ], [ -51.0147804, -25.4999603 ], [ -51.0143943, -25.5006884 ], [ -51.0151254, -25.5022645 ], [ -51.0148559, -25.5031014 ], [ -51.0139494, -25.5038297 ], [ -51.012695, -25.5042263 ], [ -51.0111279, -25.5042295 ], [ -51.0108152, -25.5045199 ], [ -51.0046411, -25.5038186 ], [ -50.9990984, -25.5027359 ], [ -50.9789952, -25.5006171 ], [ -50.9729071, -25.500544 ], [ -50.9618468, -25.4991547 ], [ -50.9560186, -25.4980933 ], [ -50.9217203, -25.4937283 ], [ -50.9229074, -25.4932933 ], [ -50.9235958, -25.4923183 ], [ -50.9239784, -25.490538 ], [ -50.9236497, -25.488758 ], [ -50.9228598, -25.4873923 ], [ -50.9213342, -25.4855421 ], [ -50.9202419, -25.4845651 ], [ -50.9186885, -25.4838471 ], [ -50.9176951, -25.48313 ], [ -50.916959, -25.4817654 ], [ -50.9158148, -25.4804472 ], [ -50.9141117, -25.4791271 ], [ -50.9118986, -25.477993 ], [ -50.9108052, -25.4764432 ], [ -50.9093054, -25.4728583 ], [ -50.9087725, -25.4708233 ], [ -50.9086482, -25.4682567 ], [ -50.9072994, -25.466706 ], [ -50.9050344, -25.465273 ], [ -50.9070307, -25.4651158 ] ] ] ] } },
{ "type": "Feature", "properties": { "code_tract": 411070620000005.0, "code_muni": 4110706.0, "name_muni": "Irati", "name_neighborhood": null, "code_neighborhood": null, "code_subdistrict": 41107062000.0, "name_subdistrict": null, "code_district": 411070620.0, "name_district": "Itapará", "code_urban_concentration": null, "name_urban_concentration": null, "code_state": 41.0, "name_state": "Paraná", "code_immediate": 410029.0, "name_immediate": "Irati", "code_intermediate": 4106.0, "name_intermediate": "Ponta Grossa", "code_region": 4.0, "name_region": "Sul", "situacao": "Rural", "code_situacao": 8.0, "code_type": 0.0, "area_km2": 49.847681225872435 }, "bbox": [ -51.0108152, -25.5825258, -50.9180949, -25.4937283 ], "geometry": { "type": "MultiPolygon", "coordinates": [ [ [ [ -50.9180949, -25.4969675 ], [ -50.919928, -25.4960906 ], [ -50.9203608, -25.4954657 ], [ -50.9211504, -25.4954416 ], [ -50.9212271, -25.4947723 ], [ -50.9217203, -25.4937283 ], [ -50.9560186, -25.4980933 ], [ -50.9618468, -25.4991547 ], [ -50.9729071, -25.500544 ], [ -50.9789952, -25.5006171 ], [ -50.9990984, -25.5027359 ], [ -51.0046411, -25.5038186 ], [ -51.0108152, -25.5045199 ], [ -51.0103003, -25.5055466 ], [ -51.0101194, -25.5064629 ], [ -51.008697, -25.5081322 ], [ -51.0075837, -25.5090493 ], [ -51.0068333, -25.5103426 ], [ -51.0046076, -25.5116582 ], [ -51.0037009, -25.5126697 ], [ -51.003727, -25.5138219 ], [ -51.0033388, -25.515349 ], [ -51.0024846, -25.5169721 ], [ -51.0025626, -25.5177954 ], [ -51.0034682, -25.5187113 ], [ -51.0041156, -25.5197698 ], [ -51.0047107, -25.5209689 ], [ -51.0048668, -25.5220967 ], [ -51.0013723, -25.523766 ], [ -50.9996375, -25.524259 ], [ -51.0001041, -25.5272205 ], [ -51.0001827, -25.5353789 ], [ -51.0004667, -25.5364841 ], [ -51.0013983, -25.5372364 ], [ -51.0020712, -25.5393534 ], [ -51.0023308, -25.5425965 ], [ -51.0022012, -25.5441244 ], [ -51.0012442, -25.5457463 ], [ -51.0011654, -25.5472734 ], [ -51.0018906, -25.5497667 ], [ -51.0039615, -25.5525409 ], [ -51.0057224, -25.5608157 ], [ -51.0059562, -25.5631429 ], [ -51.0063957, -25.5644831 ], [ -51.0078462, -25.5655174 ], [ -51.0068102, -25.5670674 ], [ -51.0074581, -25.5680321 ], [ -51.0081007, -25.5683708 ], [ -51.0052768, -25.5695208 ], [ -51.0004247, -25.570686 ], [ -50.995779, -25.5715531 ], [ -50.9934629, -25.5710979 ], [ -50.9910533, -25.5709565 ], [ -50.9893636, -25.5714106 ], [ -50.9885489, -25.5718637 ], [ -50.9869859, -25.5722627 ], [ -50.9854076, -25.5729553 ], [ -50.9847784, -25.5735097 ], [ -50.9840401, -25.5746895 ], [ -50.983861, -25.576191 ], [ -50.9828682, -25.5772321 ], [ -50.9805763, -25.5786658 ], [ -50.98004, -25.5792896 ], [ -50.9796591, -25.5801458 ], [ -50.9783073, -25.58077 ], [ -50.9764495, -25.5812087 ], [ -50.9752519, -25.5818794 ], [ -50.9738502, -25.5822725 ], [ -50.971532, -25.5825258 ], [ -50.9680932, -25.5824095 ], [ -50.9667955, -25.5815989 ], [ -50.9665156, -25.579866 ], [ -50.9668209, -25.576999 ], [ -50.9664901, -25.5761435 ], [ -50.9650395, -25.57575 ], [ -50.963586, -25.5756333 ], [ -50.9625429, -25.5749163 ], [ -50.9625181, -25.573691 ], [ -50.9633588, -25.5728823 ], [ -50.9647097, -25.5722114 ], [ -50.9654472, -25.5713103 ], [ -50.965372099999989, -25.5702238 ], [ -50.964786, -25.5692286 ], [ -50.963793, -25.5686967 ], [ -50.9624427, -25.5683963 ], [ -50.961245899999987, -25.56754 ], [ -50.960457, -25.56673 ], [ -50.9602789, -25.5660598 ], [ -50.9606117, -25.5652965 ], [ -50.9615011, -25.5644888 ], [ -50.9639471, -25.5636557 ], [ -50.9637947, -25.5612508 ], [ -50.9647891, -25.5605806 ], [ -50.9650188, -25.5594481 ], [ -50.9635396, -25.5567641 ], [ -50.9630085, -25.5551694 ], [ -50.9605395, -25.55251 ], [ -50.9610731, -25.5517932 ], [ -50.9604116, -25.5492957 ], [ -50.9608961, -25.5473307 ], [ -50.9621977, -25.545921 ], [ -50.9627318, -25.5445567 ], [ -50.9625021, -25.5432839 ], [ -50.9628843, -25.5423358 ], [ -50.9621965, -25.5414332 ], [ -50.9606435, -25.5411331 ], [ -50.9589385, -25.5415731 ], [ -50.9574856, -25.5421959 ], [ -50.9548117, -25.5424948 ], [ -50.9523416, -25.5420557 ], [ -50.950485199999989, -25.5406904 ], [ -50.9450856, -25.537683 ], [ -50.9427955, -25.5369409 ], [ -50.9418777, -25.5372653 ], [ -50.9409117, -25.537173 ], [ -50.9404281, -25.5370114 ], [ -50.9398695, -25.5363162 ], [ -50.939002, -25.536501 ], [ -50.9377791, -25.5356692 ], [ -50.9364581, -25.5329847 ], [ -50.9361278, -25.5328227 ], [ -50.9354911, -25.5328914 ], [ -50.9353134, -25.5324061 ], [ -50.9338339, -25.5318034 ], [ -50.9333524, -25.5311332 ], [ -50.9336323, -25.5291685 ], [ -50.9333539, -25.5277115 ], [ -50.93282, -25.5267164 ], [ -50.9340934, -25.5255156 ], [ -50.9340951, -25.5235721 ], [ -50.9326704, -25.5217224 ], [ -50.932239499999987, -25.5205887 ], [ -50.9322133, -25.5195474 ], [ -50.9325469, -25.518832 ], [ -50.9325204, -25.5181136 ], [ -50.9329029, -25.5176301 ], [ -50.9329793, -25.5170518 ], [ -50.9328006, -25.5165655 ], [ -50.9333357, -25.5164964 ], [ -50.9335641, -25.5162424 ], [ -50.9334884, -25.5156176 ], [ -50.9338699, -25.5151332 ], [ -50.9337182, -25.513467 ], [ -50.9334387, -25.5127973 ], [ -50.9328535, -25.5124496 ], [ -50.9321926, -25.5112471 ], [ -50.9317093, -25.5108068 ], [ -50.9315831, -25.5103695 ], [ -50.9303092, -25.5099506 ], [ -50.929468, -25.5094198 ], [ -50.9282744, -25.507684 ], [ -50.927842, -25.5077065 ], [ -50.9274093, -25.5083296 ], [ -50.9259832, -25.5086542 ], [ -50.9243531, -25.5081583 ], [ -50.9223421, -25.5078104 ], [ -50.9214483, -25.5070052 ], [ -50.9206601, -25.5069355 ], [ -50.9201235, -25.5066356 ], [ -50.9199975, -25.5059187 ], [ -50.9202266, -25.5047385 ], [ -50.919084399999988, -25.5009998 ], [ -50.9180949, -25.4969675 ] ] ] ] } },
{ "type": "Feature", "properties": { "code_tract": 411070620000006.0, "code_muni": 4110706.0, "name_muni": "Irati", "name_neighborhood": null, "code_neighborhood": null, "code_subdistrict": 41107062000.0, "name_subdistrict": null, "code_district": 411070620.0, "name_district": "Itapará", "code_urban_concentration": null, "name_urban_concentration": null, "code_state": 41.0, "name_state": "Paraná", "code_immediate": 410029.0, "name_immediate": "Irati", "code_intermediate": 4106.0, "name_intermediate": "Ponta Grossa", "code_region": 4.0, "name_region": "Sul", "situacao": "Rural", "code_situacao": 8.0, "code_type": 0.0, "area_km2": 45.61321932633863 }, "bbox": [ -51.0676369, -25.5693364, -50.9996375, -25.4781668 ], "geometry": { "type": "MultiPolygon", "coordinates": [ [ [ [ -51.0204673, -25.4925854 ], [ -51.0221215, -25.4915051 ], [ -51.0234391, -25.4912459 ], [ -51.0243444, -25.4907998 ], [ -51.0247589, -25.4894842 ], [ -51.026153, -25.4884978 ], [ -51.0263857, -25.4880984 ], [ -51.0268248, -25.48582 ], [ -51.0273675, -25.4852331 ], [ -51.0302103, -25.4841524 ], [ -51.0314774, -25.4834709 ], [ -51.033518, -25.4802995 ], [ -51.0343192, -25.4797123 ], [ -51.0350687, -25.4794532 ], [ -51.0357932, -25.4781668 ], [ -51.0399845, -25.4800196 ], [ -51.0467823, -25.4810703 ], [ -51.0464038, -25.4843112 ], [ -51.0463426, -25.4888087 ], [ -51.0457919, -25.48939 ], [ -51.0457919, -25.4899101 ], [ -51.0464344, -25.4909504 ], [ -51.0466792, -25.4916235 ], [ -51.046709799999988, -25.4943464 ], [ -51.0497387, -25.4939793 ], [ -51.0508707, -25.4940099 ], [ -51.051911, -25.4941017 ], [ -51.0537161, -25.4948972 ], [ -51.0558271, -25.4978037 ], [ -51.0564085, -25.4994252 ], [ -51.0572345, -25.5007714 ], [ -51.0585807, -25.5037392 ], [ -51.0590702, -25.5053301 ], [ -51.0592538, -25.5067069 ], [ -51.0591926, -25.5073188 ], [ -51.0588561, -25.5079001 ], [ -51.0579076, -25.5089709 ], [ -51.0575405, -25.50995 ], [ -51.0584583, -25.5118469 ], [ -51.0585501, -25.5123058 ], [ -51.0583054, -25.5127341 ], [ -51.0578158, -25.5131319 ], [ -51.0573875, -25.5141721 ], [ -51.0571121, -25.5191897 ], [ -51.0573875, -25.5216067 ], [ -51.0583665, -25.5239932 ], [ -51.0587949, -25.5264714 ], [ -51.059315, -25.5276034 ], [ -51.0597127, -25.5280317 ], [ -51.0609365, -25.5285212 ], [ -51.0621297, -25.5301734 ], [ -51.0638125, -25.5311524 ], [ -51.0655258, -25.5319479 ], [ -51.06574, -25.5352828 ], [ -51.0662907, -25.5385259 ], [ -51.0662907, -25.5400862 ], [ -51.0675451, -25.5432987 ], [ -51.0676369, -25.5442777 ], [ -51.066566, -25.5452262 ], [ -51.0662601, -25.5457157 ], [ -51.065587, -25.5477656 ], [ -51.0654707, -25.5498619 ], [ -51.0644669, -25.5500871 ], [ -51.058464199999989, -25.5522451 ], [ -51.056011, -25.5526423 ], [ -51.0505109, -25.5539766 ], [ -51.045037, -25.5561869 ], [ -51.0446677, -25.5566737 ], [ -51.0444342, -25.5575493 ], [ -51.0443154, -25.559266 ], [ -51.0452262, -25.561862 ], [ -51.045797, -25.5641148 ], [ -51.0457638, -25.5650621 ], [ -51.0452766, -25.5658504 ], [ -51.0447051, -25.5658524 ], [ -51.0438636, -25.5655451 ], [ -51.0404339, -25.5630127 ], [ -51.038684, -25.5620384 ], [ -51.03739, -25.5617949 ], [ -51.036011099999989, -25.5618834 ], [ -51.0347991, -25.5626778 ], [ -51.0335236, -25.5641446 ], [ -51.0313213, -25.5683571 ], [ -51.0297076, -25.5687239 ], [ -51.0246106, -25.5686926 ], [ -51.020342, -25.5693364 ], [ -51.018119, -25.5689394 ], [ -51.0160265, -25.5689383 ], [ -51.0123211, -25.5668651 ], [ -51.0110269, -25.566468 ], [ -51.0106904, -25.5665901 ], [ -51.0091768, -25.5679319 ], [ -51.0081007, -25.5683708 ], [ -51.0074581, -25.5680321 ], [ -51.0068102, -25.5670674 ], [ -51.0078462, -25.5655174 ], [ -51.0063957, -25.5644831 ], [ -51.0059562, -25.5631429 ], [ -51.0057224, -25.5608157 ], [ -51.0039615, -25.5525409 ], [ -51.0018906, -25.5497667 ], [ -51.0011654, -25.5472734 ], [ -51.0012442, -25.5457463 ], [ -51.0022012, -25.5441244 ], [ -51.0023308, -25.5425965 ], [ -51.0020712, -25.5393534 ], [ -51.0013983, -25.5372364 ], [ -51.0004667, -25.5364841 ], [ -51.0001827, -25.5353789 ], [ -51.0001041, -25.5272205 ], [ -50.9996375, -25.524259 ], [ -51.0013723, -25.523766 ], [ -51.0048668, -25.5220967 ], [ -51.0047107, -25.5209689 ], [ -51.0041156, -25.5197698 ], [ -51.0034682, -25.5187113 ], [ -51.0025626, -25.5177954 ], [ -51.0024846, -25.5169721 ], [ -51.0033388, -25.515349 ], [ -51.003727, -25.5138219 ], [ -51.0037009, -25.5126697 ], [ -51.0046076, -25.5116582 ], [ -51.0068333, -25.5103426 ], [ -51.0075837, -25.5090493 ], [ -51.008697, -25.5081322 ], [ -51.0101194, -25.5064629 ], [ -51.0103003, -25.5055466 ], [ -51.0108152, -25.5045199 ], [ -51.0111279, -25.5042295 ], [ -51.012695, -25.5042263 ], [ -51.0139494, -25.5038297 ], [ -51.0148559, -25.5031014 ], [ -51.0151254, -25.5022645 ], [ -51.0143943, -25.5006884 ], [ -51.0147804, -25.4999603 ], [ -51.0182179, -25.4969772 ], [ -51.019734, -25.4935148 ], [ -51.0204673, -25.4925854 ] ] ] ] } },
{ "type": "Feature", "properties": { "code_tract": 411070620000007.0, "code_muni": 4110706.0, "name_muni": "Irati", "name_neighborhood": null, "code_neighborhood": null, "code_subdistrict": 41107062000.0, "name_subdistrict": null, "code_district": 411070620.0, "name_district": "Itapará", "code_urban_concentration": null, "name_urban_concentration": null, "code_state": 41.0, "name_state": "Paraná", "code_immediate": 410029.0, "name_immediate": "Irati", "code_intermediate": 4106.0, "name_intermediate": "Ponta Grossa", "code_region": 4.0, "name_region": "Sul", "situacao": "Rural", "code_situacao": 8.0, "code_type": 0.0, "area_km2": 39.007875812476648 }, "bbox": [ -51.1463637, -25.5589827, -51.0457919, -25.471254 ], "geometry": { "type": "MultiPolygon", "coordinates": [ [ [ [ -51.0496279, -25.4749147 ], [ -51.0504327, -25.474792 ], [ -51.0506991, -25.474267 ], [ -51.051139, -25.4720174 ], [ -51.0516746, -25.4717125 ], [ -51.0541754, -25.471254 ], [ -51.0546128, -25.4713448 ], [ -51.0548817, -25.471619 ], [ -51.0551349, -25.4733891 ], [ -51.0551168, -25.4736025 ], [ -51.0548152, -25.473693 ], [ -51.0547143, -25.4741203 ], [ -51.0553186, -25.4744246 ], [ -51.0553034, -25.4750476 ], [ -51.0554372, -25.4751873 ], [ -51.0559751, -25.4749131 ], [ -51.0562422, -25.4749735 ], [ -51.0562768, -25.4755532 ], [ -51.0565123, -25.4755219 ], [ -51.0568146, -25.4751572 ], [ -51.0576293, -25.4758509 ], [ -51.0581479, -25.4758342 ], [ -51.0586316, -25.4759864 ], [ -51.0588627, -25.4767108 ], [ -51.0592484, -25.4770459 ], [ -51.0599879, -25.4767414 ], [ -51.0610098, -25.4767682 ], [ -51.0621031, -25.4773358 ], [ -51.0626068, -25.4773197 ], [ -51.0632438, -25.478081 ], [ -51.0628761, -25.4784786 ], [ -51.06291, -25.4788446 ], [ -51.0639725, -25.4796136 ], [ -51.064304, -25.4800937 ], [ -51.0655134, -25.4800619 ], [ -51.0656475, -25.4802766 ], [ -51.0654126, -25.4808554 ], [ -51.065512299999988, -25.4811298 ], [ -51.0662883, -25.4816179 ], [ -51.0675277, -25.4811295 ], [ -51.0683841, -25.4810068 ], [ -51.0690542, -25.480488 ], [ -51.0693577, -25.4806104 ], [ -51.0693232, -25.4808839 ], [ -51.0687879, -25.4813404 ], [ -51.0691075, -25.4816968 ], [ -51.0695377, -25.4828644 ], [ -51.0710103, -25.4842052 ], [ -51.0717344, -25.4857646 ], [ -51.0732075, -25.4909856 ], [ -51.0756258, -25.4933283 ], [ -51.0763203, -25.4942702 ], [ -51.0770061, -25.4945436 ], [ -51.0772415, -25.4942696 ], [ -51.0773398, -25.4931703 ], [ -51.077709, -25.4928349 ], [ -51.0783816, -25.4929575 ], [ -51.0785168, -25.4936582 ], [ -51.0781137, -25.4938712 ], [ -51.0780471, -25.4941161 ], [ -51.0787519, -25.4940553 ], [ -51.0790548, -25.4945718 ], [ -51.0788532, -25.4950918 ], [ -51.0785846, -25.4950919 ], [ -51.0781649, -25.4946353 ], [ -51.0782987, -25.4953938 ], [ -51.0780642, -25.4957932 ], [ -51.078334, -25.4964037 ], [ -51.0788711, -25.4969826 ], [ -51.0792422, -25.4988733 ], [ -51.0795445, -25.4992085 ], [ -51.0802611, -25.4994834 ], [ -51.0806648, -25.500397 ], [ -51.080934, -25.500581 ], [ -51.0833848, -25.5002761 ], [ -51.0837542, -25.5004278 ], [ -51.0839569, -25.5009748 ], [ -51.0847969, -25.5011285 ], [ -51.0859884, -25.5008528 ], [ -51.0862907, -25.5010662 ], [ -51.0864835, -25.5022723 ], [ -51.0869031, -25.5033513 ], [ -51.0875362, -25.5036687 ], [ -51.0881042, -25.5046613 ], [ -51.0888633, -25.5045402 ], [ -51.0894327, -25.5041131 ], [ -51.0907004, -25.5024588 ], [ -51.0922195, -25.5014282 ], [ -51.0929577, -25.501184 ], [ -51.0931423, -25.5005427 ], [ -51.0941176, -25.5002373 ], [ -51.0944179, -25.500329 ], [ -51.0949564, -25.5016412 ], [ -51.0963002, -25.5027672 ], [ -51.0965381, -25.5031769 ], [ -51.0966711, -25.5040184 ], [ -51.0969806, -25.5041814 ], [ -51.0987891, -25.5069636 ], [ -51.0998324, -25.5078492 ], [ -51.1002354, -25.5089251 ], [ -51.1005379, -25.5091692 ], [ -51.1021865, -25.5095039 ], [ -51.1034938, -25.50926 ], [ -51.1059816, -25.5105683 ], [ -51.106518, -25.5106907 ], [ -51.107577, -25.5103832 ], [ -51.1086798, -25.5108695 ], [ -51.1090847, -25.5108711 ], [ -51.1104976, -25.5104128 ], [ -51.1110677, -25.5112015 ], [ -51.112127, -25.5107164 ], [ -51.1133717, -25.5115075 ], [ -51.1145139, -25.511843 ], [ -51.1165353, -25.511485 ], [ -51.1185693, -25.5117243 ], [ -51.1191656, -25.5124178 ], [ -51.1198709, -25.5126319 ], [ -51.1208788, -25.5134247 ], [ -51.1217532, -25.5137278 ], [ -51.1232306, -25.5136936 ], [ -51.1265065, -25.514639 ], [ -51.1274147, -25.5157356 ], [ -51.1277525, -25.5169256 ], [ -51.1281883, -25.5172597 ], [ -51.1295649, -25.517532 ], [ -51.1300695, -25.5174417 ], [ -51.1311112, -25.5168605 ], [ -51.131496, -25.5163719 ], [ -51.1316599, -25.5158385 ], [ -51.131664099999988, -25.5149113 ], [ -51.1320554, -25.5136851 ], [ -51.1328994, -25.5120419 ], [ -51.1354206, -25.5083588 ], [ -51.1351391, -25.5069318 ], [ -51.1347252, -25.5060921 ], [ -51.1332368, -25.504877 ], [ -51.1327359, -25.5028062 ], [ -51.1331157, -25.5008058 ], [ -51.1361005, -25.5015523 ], [ -51.1390869, -25.5030771 ], [ -51.1410775, -25.5038393 ], [ -51.1457455, -25.5079277 ], [ -51.1462872, -25.5090432 ], [ -51.1463637, -25.5102254 ], [ -51.1443019, -25.5143939 ], [ -51.1416294, -25.519263 ], [ -51.1409439, -25.5208534 ], [ -51.1409472, -25.5231471 ], [ -51.1413316, -25.5248125 ], [ -51.1414106, -25.5264772 ], [ -51.1395753, -25.5272433 ], [ -51.135821, -25.5246806 ], [ -51.1316082, -25.5233662 ], [ -51.1301544, -25.522323 ], [ -51.1284717, -25.5219059 ], [ -51.1269405, -25.5217695 ], [ -51.1257072, -25.5218734 ], [ -51.1232721, -25.5252567 ], [ -51.1216918, -25.5265534 ], [ -51.1200254, -25.5299085 ], [ -51.1191762, -25.5311329 ], [ -51.1156713, -25.533253 ], [ -51.1112048, -25.5349645 ], [ -51.1088738, -25.5360965 ], [ -51.1065556, -25.5378944 ], [ -51.1056174, -25.5390863 ], [ -51.1027792, -25.5407358 ], [ -51.1016027, -25.5416515 ], [ -51.1005634, -25.5429027 ], [ -51.0985498, -25.5461352 ], [ -51.0984004, -25.5471712 ], [ -51.0993106, -25.5504958 ], [ -51.099046, -25.5512771 ], [ -51.0988745, -25.5526924 ], [ -51.0957015, -25.5538842 ], [ -51.0930138, -25.5546806 ], [ -51.0803975, -25.5569092 ], [ -51.074785899999988, -25.5584965 ], [ -51.0717437, -25.558921 ], [ -51.0697285, -25.5589827 ], [ -51.0693236, -25.5585263 ], [ -51.066041, -25.5502287 ], [ -51.0654707, -25.5498619 ], [ -51.065587, -25.5477656 ], [ -51.0662601, -25.5457157 ], [ -51.066566, -25.5452262 ], [ -51.0676369, -25.5442777 ], [ -51.0675451, -25.5432987 ], [ -51.0662907, -25.5400862 ], [ -51.0662907, -25.5385259 ], [ -51.06574, -25.5352828 ], [ -51.0655258, -25.5319479 ], [ -51.0638125, -25.5311524 ], [ -51.0621297, -25.5301734 ], [ -51.0609365, -25.5285212 ], [ -51.0597127, -25.5280317 ], [ -51.059315, -25.5276034 ], [ -51.0587949, -25.5264714 ], [ -51.0583665, -25.5239932 ], [ -51.0573875, -25.5216067 ], [ -51.0571121, -25.5191897 ], [ -51.0573875, -25.5141721 ], [ -51.0578158, -25.5131319 ], [ -51.0583054, -25.5127341 ], [ -51.0585501, -25.5123058 ], [ -51.0584583, -25.5118469 ], [ -51.0575405, -25.50995 ], [ -51.0579076, -25.5089709 ], [ -51.0588561, -25.5079001 ], [ -51.0591926, -25.5073188 ], [ -51.0591926, -25.5060338 ], [ -51.0588561, -25.5044734 ], [ -51.0572345, -25.5007714 ], [ -51.0564085, -25.4994252 ], [ -51.0558271, -25.4978037 ], [ -51.0537161, -25.4948972 ], [ -51.051911, -25.4941017 ], [ -51.0508707, -25.4940099 ], [ -51.0497387, -25.4939793 ], [ -51.046709799999988, -25.4943464 ], [ -51.0466792, -25.4916235 ], [ -51.0464344, -25.4909504 ], [ -51.0457919, -25.4899101 ], [ -51.0457919, -25.48939 ], [ -51.0463426, -25.4888087 ], [ -51.0465262, -25.4827203 ], [ -51.0467823, -25.4810703 ], [ -51.0487804, -25.4808001 ], [ -51.0493591, -25.4746406 ], [ -51.0496279, -25.4749147 ] ] ] ] } },
{ "type": "Feature", "properties": { "code_tract": 411070620000008.0, "code_muni": 4110706.0, "name_muni": "Irati", "name_neighborhood": null, "code_neighborhood": null, "code_subdistrict": 41107062000.0, "name_subdistrict": null, "code_district": 411070620.0, "name_district": "Itapará", "code_urban_concentration": null, "name_urban_concentration": null, "code_state": 41.0, "name_state": "Paraná", "code_immediate": 410029.0, "name_immediate": "Irati", "code_intermediate": 4106.0, "name_intermediate": "Ponta Grossa", "code_region": 4.0, "name_region": "Sul", "situacao": "Rural", "code_situacao": 8.0, "code_type": 0.0, "area_km2": 21.379810879454865 }, "bbox": [ -50.9330073, -25.465273, -50.8846911, -25.388046 ], "geometry": { "type": "MultiPolygon", "coordinates": [ [ [ [ -50.9072287, -25.388046 ], [ -50.9076141, -25.3881371 ], [ -50.9083855, -25.3903944 ], [ -50.9088539, -25.3907001 ], [ -50.9092578, -25.3903343 ], [ -50.9093922, -25.3897824 ], [ -50.909896, -25.3890842 ], [ -50.9101657, -25.3889924 ], [ -50.9102653, -25.3891442 ], [ -50.9100968, -25.3897855 ], [ -50.9110872, -25.3892661 ], [ -50.9133013, -25.3904579 ], [ -50.915786, -25.3912522 ], [ -50.9163433, -25.3923605 ], [ -50.9172762, -25.3936318 ], [ -50.9178478, -25.3936321 ], [ -50.9184428, -25.3933758 ], [ -50.9182168, -25.3929174 ], [ -50.9176795, -25.3926275 ], [ -50.9175801, -25.3923512 ], [ -50.9190616, -25.391438 ], [ -50.9190739, -25.3910721 ], [ -50.9197929, -25.3902745 ], [ -50.9194098, -25.3898228 ], [ -50.9195208, -25.3896772 ], [ -50.9218399, -25.3897158 ], [ -50.9225118, -25.3899111 ], [ -50.9221271, -25.3904631 ], [ -50.9330073, -25.3981277 ], [ -50.9328332, -25.398455 ], [ -50.9329877, -25.3990239 ], [ -50.9322271, -25.4001511 ], [ -50.9317518, -25.401332 ], [ -50.931015, -25.4026417 ], [ -50.9297909, -25.4032965 ], [ -50.9285669, -25.4046813 ], [ -50.9269031, -25.4060554 ], [ -50.9263921, -25.4062915 ], [ -50.9254176, -25.4078158 ], [ -50.9252275, -25.4085672 ], [ -50.9255602, -25.409952 ], [ -50.9259881, -25.4106712 ], [ -50.9262852, -25.4115836 ], [ -50.9264159, -25.4123779 ], [ -50.9263327, -25.4128931 ], [ -50.9251205, -25.41431 ], [ -50.9233498, -25.4151151 ], [ -50.9223278, -25.4161241 ], [ -50.9209493, -25.4187431 ], [ -50.9203907, -25.4190758 ], [ -50.9198678, -25.4210186 ], [ -50.9192617, -25.4222743 ], [ -50.9190597, -25.42426 ], [ -50.9194994, -25.4273296 ], [ -50.9191667, -25.4286497 ], [ -50.9188696, -25.4293259 ], [ -50.9176455, -25.4304742 ], [ -50.9166473, -25.4325671 ], [ -50.9165641, -25.4342735 ], [ -50.9162076, -25.4349389 ], [ -50.9160293, -25.4358404 ], [ -50.9165047, -25.4384911 ], [ -50.9170751, -25.4397253 ], [ -50.9174435, -25.4418609 ], [ -50.9167305, -25.4428374 ], [ -50.9168731, -25.4468616 ], [ -50.916457099999988, -25.4488147 ], [ -50.9163383, -25.4507677 ], [ -50.9164452, -25.4512935 ], [ -50.9166354, -25.4514974 ], [ -50.9165879, -25.4520661 ], [ -50.9158748, -25.4539546 ], [ -50.9158154, -25.455693 ], [ -50.9158748, -25.4564333 ], [ -50.9161006, -25.4568947 ], [ -50.9163502, -25.4581931 ], [ -50.9177525, -25.4605966 ], [ -50.9176864, -25.4620271 ], [ -50.9159246, -25.46212 ], [ -50.9149651, -25.4626149 ], [ -50.913538, -25.463815 ], [ -50.9117494, -25.4644502 ], [ -50.9070307, -25.4651158 ], [ -50.9050344, -25.465273 ], [ -50.8995427, -25.4604812 ], [ -50.898807, -25.4576374 ], [ -50.8990373, -25.4559495 ], [ -50.8994202, -25.4548609 ], [ -50.9006705, -25.4524902 ], [ -50.9041321, -25.4493949 ], [ -50.9055834, -25.4472439 ], [ -50.905763, -25.4460175 ], [ -50.9049741, -25.4459486 ], [ -50.9042367, -25.4464345 ], [ -50.9035492, -25.446641 ], [ -50.9034225, -25.4456481 ], [ -50.9028132, -25.4438901 ], [ -50.903756, -25.4422948 ], [ -50.9050041, -25.4409313 ], [ -50.9049793, -25.4395672 ], [ -50.9042418, -25.4386182 ], [ -50.8983933, -25.4348686 ], [ -50.894796299999989, -25.4322459 ], [ -50.893435399999987, -25.4314939 ], [ -50.8925837, -25.4303945 ], [ -50.8921649, -25.4288102 ], [ -50.891441, -25.4274574 ], [ -50.8904887, -25.4265192 ], [ -50.8893064, -25.4257457 ], [ -50.8883541, -25.4245757 ], [ -50.8872746, -25.422668 ], [ -50.8861834, -25.419244 ], [ -50.8858932, -25.4169201 ], [ -50.8859222, -25.4139374 ], [ -50.8857077, -25.4132321 ], [ -50.8850711, -25.4128155 ], [ -50.8846911, -25.4101569 ], [ -50.8850999, -25.4095316 ], [ -50.8857728, -25.4094971 ], [ -50.8886215, -25.4099858 ], [ -50.889741, -25.4098705 ], [ -50.8910009, -25.4087726 ], [ -50.8913821, -25.4089123 ], [ -50.8911655, -25.4095255 ], [ -50.8912796, -25.4096514 ], [ -50.8934552, -25.4089028 ], [ -50.8944857, -25.4091915 ], [ -50.8945751, -25.4083024 ], [ -50.8951353, -25.4075846 ], [ -50.8948695, -25.4059313 ], [ -50.8950846, -25.4055282 ], [ -50.8956841, -25.4050989 ], [ -50.8960156, -25.4043835 ], [ -50.8958621, -25.4034289 ], [ -50.8954959, -25.4028223 ], [ -50.8951025, -25.4025795 ], [ -50.8941857, -25.4023933 ], [ -50.8937021, -25.4019069 ], [ -50.8928888, -25.4019529 ], [ -50.8930322, -25.3995363 ], [ -50.8913271, -25.3990033 ], [ -50.8909581, -25.3985058 ], [ -50.8908973, -25.3978931 ], [ -50.891368799999988, -25.3962148 ], [ -50.8913053, -25.3957427 ], [ -50.8910636, -25.3952443 ], [ -50.8895767, -25.3944237 ], [ -50.8892088, -25.3940417 ], [ -50.8892085, -25.3933942 ], [ -50.890189, -25.3927592 ], [ -50.8899605, -25.3921348 ], [ -50.8902401, -25.3915789 ], [ -50.889885, -25.3910483 ], [ -50.8901912, -25.3904244 ], [ -50.8931029, -25.3909223 ], [ -50.8933055, -25.3914307 ], [ -50.8930764, -25.392032 ], [ -50.8931903, -25.392322 ], [ -50.8945375, -25.3929691 ], [ -50.8949306, -25.3929125 ], [ -50.8952758, -25.3925545 ], [ -50.8956066, -25.3915144 ], [ -50.8954808, -25.3906821 ], [ -50.8952896, -25.3905779 ], [ -50.8947944, -25.3915145 ], [ -50.894309899999989, -25.3914916 ], [ -50.8945008, -25.3896288 ], [ -50.8948199, -25.3893172 ], [ -50.8956357, -25.3892487 ], [ -50.8967517, -25.3899197 ], [ -50.8973875, -25.3907529 ], [ -50.8977309, -25.3909261 ], [ -50.8980246, -25.3908692 ], [ -50.8985196, -25.3902113 ], [ -50.90058, -25.3903737 ], [ -50.9013434, -25.3901427 ], [ -50.9016097, -25.3903395 ], [ -50.9023327, -25.3921539 ], [ -50.9026767, -25.3921909 ], [ -50.9029426, -25.3920179 ], [ -50.9029818, -25.3917284 ], [ -50.9034145, -25.3915201 ], [ -50.9038338, -25.3918789 ], [ -50.9044449, -25.3911855 ], [ -50.9044324, -25.3907812 ], [ -50.9041022, -25.3899716 ], [ -50.9043328, -25.3893461 ], [ -50.9051194, -25.389139 ], [ -50.9072287, -25.388046 ] ] ] ] } }
]
}
